========================================
Host     : dragon
GPU      : GPU 0: NVIDIA GeForce RTX 5090 (UUID: GPU-85afedf9-1f8b-84b5-334a-931815cde3dc)
Dir      : /home/lthil/thesis/le-wm
STABLEWM : /home/lthil/.stable_worldmodel
========================================
Run name : lewm_s4_sensor_w1_H16_S1_P4
Config   : w=1 H=16 s=1 P=4 bs=512
========================================
[2026-04-24 17:09:14,319][root][INFO] - Cached 'action' from '/home/lthil/.stable_worldmodel/scenario4_train_lewm.h5'
[2026-04-24 17:09:19,334][root][INFO] - Cached 'pixels' from '/home/lthil/.stable_worldmodel/scenario4_train_lewm.h5'
/home/lthil/thesis/le-wm/jepa.py:65: UserWarning: enable_nested_tensor is True, but self.use_nested_tensor is False because encoder_layer.norm_first was True
  self.transformer = nn.TransformerEncoder(encoder_layer, num_layers=num_layers)
[2026-04-24 17:09:19,792][root][INFO] - [Encoder] SensorEncoder — n_sensors=176, d_model=64
[2026-04-24 17:09:19,795][root][INFO] - [HIProbe] Config found: True, enabled: True
[2026-04-24 17:09:19,795][root][INFO] - [HIProbe] data_path = /home/lthil/.stable_worldmodel/scenario4_train_lewm.h5
[2026-04-24 17:09:19,795][root][INFO] - [HIProbe] ✓ Registered — evaluating every 5 epochs
17:09:19.795 | INFO    (693721, stable_pretraining.data.module) | Setting up DataModule
17:09:19.795 | INFO    (693721, stable_pretraining.module) | Initializing Module configuration...
17:09:19.796 | WARNING (693721, stable_pretraining.module) | No hyperparameters provided - hyperparameter logging is disabled.
17:09:19.796 | INFO    (693721, stable_pretraining.module) | Setting custom forward method.
17:09:19.796 | INFO    (693721, stable_pretraining.module) | Setting attribute: self.model = <class 'jepa.JEPA'>
17:09:19.796 | INFO    (693721, stable_pretraining.module) | Setting attribute: self.sigreg = <class 'module.SIGReg'>
17:09:19.796 | INFO    (693721, stable_pretraining.module) | Setting attribute: self.optim = <class 'dict'>
17:09:19.796 | INFO    (693721, stable_pretraining.module) | No metrics configuration provided - automatic metric tracking is disabled.
wandb: WARNING The anonymous setting has no effect and will be removed in a future version.
wandb: WARNING `resume` will be ignored since W&B syncing is set to `offline`. Starting a new run with run id zbpmvuo4.
wandb: Tracking run with wandb version 0.26.1
wandb: W&B syncing is set to `offline` in this directory. Run `wandb online` or set WANDB_MODE=online to enable cloud syncing.
wandb: Run data is saved locally in wandb/offline-run-20260424_170919-zbpmvuo4
Using bfloat16 Automatic Mixed Precision (AMP)
17:09:20.214 | INFO    (693721, stable_pretraining.callbacks.env_info) | EnvironmentDumpCallback initialized (filename=environment.json, async=True)
17:09:20.214 | INFO    (693721, stable_pretraining.callbacks.cpu_offload) | ============================================================
17:09:20.215 | INFO    (693721, stable_pretraining.callbacks.cpu_offload) | Initializing CPUOffloadCallback
17:09:20.215 | INFO    (693721, stable_pretraining.callbacks.cpu_offload) | Configuration:
17:09:20.215 | INFO    (693721, stable_pretraining.callbacks.cpu_offload) |   - Offload keys: ['state_dict', 'optimizer_states', 'lr_schedulers']
17:09:20.215 | INFO    (693721, stable_pretraining.callbacks.cpu_offload) |   - Log all skipped objects: False
17:09:20.215 | INFO    (693721, stable_pretraining.callbacks.cpu_offload) |   - Will show first/last 10 skipped objects only
17:09:20.215 | SUCCESS (693721, stable_pretraining.callbacks.cpu_offload) | ✓ CUDA available: 1 GPU(s) detected
17:09:20.334 | INFO    (693721, stable_pretraining.callbacks.cpu_offload) |   - GPU 0: NVIDIA GeForce RTX 5090 (33.7 GB)
17:09:20.335 | SUCCESS (693721, stable_pretraining.callbacks.cpu_offload) | CPUOffloadCallback initialized successfully
17:09:20.335 | INFO    (693721, stable_pretraining.callbacks.cpu_offload) | ============================================================
Adding 10 callbacks from entry point 'stablepretraining_callbacks': ModuleRegistryCallback, LoggingCallback, EnvironmentDumpCallback, TrainerInfo, SklearnCheckpoint, WandbCheckpoint, ModuleSummary, SLURMInfo, LogUnusedParametersOnce, CPUOffloadCallback
GPU available: True (cuda), used: True
TPU available: False, using: 0 TPU cores
💡 Tip: For seamless cloud logging and experiment tracking, try installing [litlogger](https://pypi.org/project/litlogger/) to enable LitLogger, which logs metrics and artifacts automatically to the Lightning Experiments platform.
Seed set to 3072
💡 Tip: For seamless cloud uploads and versioning, try installing [litmodels](https://pypi.org/project/litmodels/) to enable LitModelCheckpoint, which syncs automatically with the Lightning model registry.
You are using a CUDA device ('NVIDIA GeForce RTX 5090') that has Tensor Cores. To properly utilize them, you should set `torch.set_float32_matmul_precision('medium' | 'high')` which will trade-off precision for performance. For more details, read https://pytorch.org/docs/stable/generated/torch.set_float32_matmul_precision.html#torch.set_float32_matmul_precision
17:09:20.405 | INFO    (693721, stable_pretraining.data.module) | dataset for fit loaded!  ✅
17:09:20.405 | INFO    (693721, stable_pretraining.data.module) | 	● setup was done by user
[2026-04-24 17:09:20,405][root][INFO] - [HIProbe] Loading dataset from /home/lthil/.stable_worldmodel/scenario4_train_lewm.h5  (seq_len=16, obs_window=1)
[2026-04-24 17:09:25,293][root][INFO] - [HIProbe] Loading observations from key 'pixels' (encoder_type=sensor, shape=(7010872, 176))
[2026-04-24 17:09:25,442][root][INFO] - [HIProbe] Action-RUL: 80251 maintenance events found (max_horizon=300)
[2026-04-24 17:09:25,447][root][INFO] - [HIProbe] CSV → hi_probe_metrics.csv
[2026-04-24 17:09:25,447][root][INFO] - [HIProbe] 28,342 train / 26,762 test timesteps  (500 episodes, 10 HI dims)
17:09:25.538 | INFO    (693721, stable_pretraining.callbacks.env_info) | ======================================================================
17:09:25.539 | INFO    (693721, stable_pretraining.callbacks.env_info) | 🔍 Starting environment configuration dump...
17:09:25.539 | INFO    (693721, stable_pretraining.callbacks.env_info) | ======================================================================
17:09:25.539 | INFO    (693721, stable_pretraining.callbacks.env_info) | EnvironmentDumpCallback  log_dir=PosixPath('/home/lthil/thesis/le-wm')
17:09:25.539 | INFO    (693721, stable_pretraining.callbacks.env_info) | ⚡ Running environment dump in background thread (non-blocking)
17:09:25.539 | INFO    (693721, stable_pretraining.callbacks.env_info) | 📁 Log directory: /home/lthil/thesis/le-wm
17:09:25.539 | INFO    (693721, stable_pretraining.callbacks.env_info) | 📊 Collecting environment information...
17:09:25.540 | SUCCESS (693721, stable_pretraining.callbacks.env_info) | ✓ Background thread started successfully
17:09:25.540 | SUCCESS (693721, stable_pretraining.callbacks.env_info) |   ✓ Python 3.10.20
17:09:25.540 | INFO    (693721, stable_pretraining.callbacks.trainer_info) | 	 linking trainer to DataModule! 🔧
17:09:25.540 | SUCCESS (693721, stable_pretraining.callbacks.env_info) |   ✓ System: Linux 6.8.0-106-generic (x86_64)
17:09:25.540 | INFO    (693721, stable_pretraining.callbacks.checkpoint_sklearn) | Setting up SklearnCheckpoint callback!
17:09:25.540 | INFO    (693721, stable_pretraining.callbacks.env_info) |      Hostname: dragon
17:09:25.540 | INFO    (693721, stable_pretraining.callbacks.checkpoint_sklearn) | Sklearn Modules:
17:09:25.541 | INFO    (693721, stable_pretraining.callbacks.checkpoint_sklearn) | 
┏━━━━━━━━━━┳━━━━━━━━┳━━━━━━━━┓
┃ Module   ┃ Name   ┃ Type   ┃
┣━━━━━━━━━━╋━━━━━━━━╋━━━━━━━━┫
┗━━━━━━━━━━┻━━━━━━━━┻━━━━━━━━┛
17:09:25.541 | INFO    (693721, stable_pretraining.callbacks.checkpoint_sklearn) | Setting up WandbCheckpoint callback!
17:09:25.541 | INFO    (693721, stable_pretraining.callbacks.trainer_info) | PyTorch Modules:
17:09:25.541 | WARNING (693721, stable_pretraining.module) | You are calling self.parameters which also gives callbacks parameters, to remove then, pass `with_callbacks=False`
17:09:25.545 | INFO    (693721, stable_pretraining.callbacks.trainer_info) | \n+---------------------------------------------------------+----------------------+--------------------------+--------------------------+---------+
| Module                                                  | Trainable parameters | Non Trainable parameters | Uninitialized parameters | Buffers |
+---------------------------------------------------------+----------------------+--------------------------+--------------------------+---------+
|                                                         |               828372 |                        0 |                        0 |    1077 |
| callbacks_modules                                       |                    0 |                        0 |                        0 |       0 |
| callbacks_metrics                                       |                    0 |                        0 |                        0 |       0 |
| model                                                   |               828372 |                        0 |                        0 |    1026 |
| model.encoder                                           |               113024 |                        0 |                        0 |       0 |
| model.encoder.value_proj                                |                  128 |                        0 |                        0 |       0 |
| model.encoder.transformer                               |                99968 |                        0 |                        0 |       0 |
| model.encoder.transformer.layers                        |                99968 |                        0 |                        0 |       0 |
| model.encoder.transformer.layers.0                      |                49984 |                        0 |                        0 |       0 |
| model.encoder.transformer.layers.0.self_attn            |                16640 |                        0 |                        0 |       0 |
| model.encoder.transformer.layers.0.self_attn.out_proj   |                 4160 |                        0 |                        0 |       0 |
| model.encoder.transformer.layers.0.linear1              |                16640 |                        0 |                        0 |       0 |
| model.encoder.transformer.layers.0.dropout              |                    0 |                        0 |                        0 |       0 |
| model.encoder.transformer.layers.0.linear2              |                16448 |                        0 |                        0 |       0 |
| model.encoder.transformer.layers.0.norm1                |                  128 |                        0 |                        0 |       0 |
| model.encoder.transformer.layers.0.norm2                |                  128 |                        0 |                        0 |       0 |
| model.encoder.transformer.layers.0.dropout1             |                    0 |                        0 |                        0 |       0 |
| model.encoder.transformer.layers.0.dropout2             |                    0 |                        0 |                        0 |       0 |
| model.encoder.transformer.layers.1                      |                49984 |                        0 |                        0 |       0 |
| model.encoder.transformer.layers.1.self_attn            |                16640 |                        0 |                        0 |       0 |
| model.encoder.transformer.layers.1.self_attn.out_proj   |                 4160 |                        0 |                        0 |       0 |
| model.encoder.transformer.layers.1.linear1              |                16640 |                        0 |                        0 |       0 |
| model.encoder.transformer.layers.1.dropout              |                    0 |                        0 |                        0 |       0 |
| model.encoder.transformer.layers.1.linear2              |                16448 |                        0 |                        0 |       0 |
| model.encoder.transformer.layers.1.norm1                |                  128 |                        0 |                        0 |       0 |
| model.encoder.transformer.layers.1.norm2                |                  128 |                        0 |                        0 |       0 |
| model.encoder.transformer.layers.1.dropout1             |                    0 |                        0 |                        0 |       0 |
| model.encoder.transformer.layers.1.dropout2             |                    0 |                        0 |                        0 |       0 |
| model.encoder.norm                                      |                  128 |                        0 |                        0 |       0 |
| model.predictor                                         |               628864 |                        0 |                        0 |       0 |
| model.predictor.dropout                                 |                    0 |                        0 |                        0 |       0 |
| model.predictor.transformer                             |               627840 |                        0 |                        0 |       0 |
| model.predictor.transformer.norm                        |                  128 |                        0 |                        0 |       0 |
| model.predictor.transformer.layers                      |               627712 |                        0 |                        0 |       0 |
| model.predictor.transformer.layers.0                    |               156928 |                        0 |                        0 |       0 |
| model.predictor.transformer.layers.0.attn               |                65728 |                        0 |                        0 |       0 |
| model.predictor.transformer.layers.0.attn.norm          |                  128 |                        0 |                        0 |       0 |
| model.predictor.transformer.layers.0.attn.attend        |                    0 |                        0 |                        0 |       0 |
| model.predictor.transformer.layers.0.attn.to_qkv        |                49152 |                        0 |                        0 |       0 |
| model.predictor.transformer.layers.0.attn.to_out        |                16448 |                        0 |                        0 |       0 |
| model.predictor.transformer.layers.0.attn.to_out.0      |                16448 |                        0 |                        0 |       0 |
| model.predictor.transformer.layers.0.attn.to_out.1      |                    0 |                        0 |                        0 |       0 |
| model.predictor.transformer.layers.0.mlp                |                66240 |                        0 |                        0 |       0 |
| model.predictor.transformer.layers.0.mlp.net            |                66240 |                        0 |                        0 |       0 |
| model.predictor.transformer.layers.0.mlp.net.0          |                  128 |                        0 |                        0 |       0 |
| model.predictor.transformer.layers.0.mlp.net.1          |                33280 |                        0 |                        0 |       0 |
| model.predictor.transformer.layers.0.mlp.net.2          |                    0 |                        0 |                        0 |       0 |
| model.predictor.transformer.layers.0.mlp.net.3          |                    0 |                        0 |                        0 |       0 |
| model.predictor.transformer.layers.0.mlp.net.4          |                32832 |                        0 |                        0 |       0 |
| model.predictor.transformer.layers.0.mlp.net.5          |                    0 |                        0 |                        0 |       0 |
| model.predictor.transformer.layers.0.norm1              |                    0 |                        0 |                        0 |       0 |
| model.predictor.transformer.layers.0.norm2              |                    0 |                        0 |                        0 |       0 |
| model.predictor.transformer.layers.0.adaLN_modulation   |                24960 |                        0 |                        0 |       0 |
| model.predictor.transformer.layers.0.adaLN_modulation.0 |                    0 |                        0 |                        0 |       0 |
| model.predictor.transformer.layers.0.adaLN_modulation.1 |                24960 |                        0 |                        0 |       0 |
| model.predictor.transformer.layers.1                    |               156928 |                        0 |                        0 |       0 |
| model.predictor.transformer.layers.1.attn               |                65728 |                        0 |                        0 |       0 |
| model.predictor.transformer.layers.1.attn.norm          |                  128 |                        0 |                        0 |       0 |
| model.predictor.transformer.layers.1.attn.attend        |                    0 |                        0 |                        0 |       0 |
| model.predictor.transformer.layers.1.attn.to_qkv        |                49152 |                        0 |                        0 |       0 |
| model.predictor.transformer.layers.1.attn.to_out        |                16448 |                        0 |                        0 |       0 |
| model.predictor.transformer.layers.1.attn.to_out.0      |                16448 |                        0 |                        0 |       0 |
| model.predictor.transformer.layers.1.attn.to_out.1      |                    0 |                        0 |                        0 |       0 |
| model.predictor.transformer.layers.1.mlp                |                66240 |                        0 |                        0 |       0 |
| model.predictor.transformer.layers.1.mlp.net            |                66240 |                        0 |                        0 |       0 |
| model.predictor.transformer.layers.1.mlp.net.0          |                  128 |                        0 |                        0 |       0 |
| model.predictor.transformer.layers.1.mlp.net.1          |                33280 |                        0 |                        0 |       0 |
| model.predictor.transformer.layers.1.mlp.net.2          |                    0 |                        0 |                        0 |       0 |
| model.predictor.transformer.layers.1.mlp.net.3          |                    0 |                        0 |                        0 |       0 |
| model.predictor.transformer.layers.1.mlp.net.4          |                32832 |                        0 |                        0 |       0 |
| model.predictor.transformer.layers.1.mlp.net.5          |                    0 |                        0 |                        0 |       0 |
| model.predictor.transformer.layers.1.norm1              |                    0 |                        0 |                        0 |       0 |
| model.predictor.transformer.layers.1.norm2              |                    0 |                        0 |                        0 |       0 |
| model.predictor.transformer.layers.1.adaLN_modulation   |                24960 |                        0 |                        0 |       0 |
| model.predictor.transformer.layers.1.adaLN_modulation.0 |                    0 |                        0 |                        0 |       0 |
| model.predictor.transformer.layers.1.adaLN_modulation.1 |                24960 |                        0 |                        0 |       0 |
| model.predictor.transformer.layers.2                    |               156928 |                        0 |                        0 |       0 |
| model.predictor.transformer.layers.2.attn               |                65728 |                        0 |                        0 |       0 |
| model.predictor.transformer.layers.2.attn.norm          |                  128 |                        0 |                        0 |       0 |
| model.predictor.transformer.layers.2.attn.attend        |                    0 |                        0 |                        0 |       0 |
| model.predictor.transformer.layers.2.attn.to_qkv        |                49152 |                        0 |                        0 |       0 |
| model.predictor.transformer.layers.2.attn.to_out        |                16448 |                        0 |                        0 |       0 |
| model.predictor.transformer.layers.2.attn.to_out.0      |                16448 |                        0 |                        0 |       0 |
| model.predictor.transformer.layers.2.attn.to_out.1      |                    0 |                        0 |                        0 |       0 |
| model.predictor.transformer.layers.2.mlp                |                66240 |                        0 |                        0 |       0 |
| model.predictor.transformer.layers.2.mlp.net            |                66240 |                        0 |                        0 |       0 |
| model.predictor.transformer.layers.2.mlp.net.0          |                  128 |                        0 |                        0 |       0 |
| model.predictor.transformer.layers.2.mlp.net.1          |                33280 |                        0 |                        0 |       0 |
| model.predictor.transformer.layers.2.mlp.net.2          |                    0 |                        0 |                        0 |       0 |
| model.predictor.transformer.layers.2.mlp.net.3          |                    0 |                        0 |                        0 |       0 |
| model.predictor.transformer.layers.2.mlp.net.4          |                32832 |                        0 |                        0 |       0 |
| model.predictor.transformer.layers.2.mlp.net.5          |                    0 |                        0 |                        0 |       0 |
| model.predictor.transformer.layers.2.norm1              |                    0 |                        0 |                        0 |       0 |
| model.predictor.transformer.layers.2.norm2              |                    0 |                        0 |                        0 |       0 |
| model.predictor.transformer.layers.2.adaLN_modulation   |                24960 |                        0 |                        0 |       0 |
| model.predictor.transformer.layers.2.adaLN_modulation.0 |                    0 |                        0 |                        0 |       0 |
| model.predictor.transformer.layers.2.adaLN_modulation.1 |                24960 |                        0 |                        0 |       0 |
| model.predictor.transformer.layers.3                    |               156928 |                        0 |                        0 |       0 |
| model.predictor.transformer.layers.3.attn               |                65728 |                        0 |                        0 |       0 |
| model.predictor.transformer.layers.3.attn.norm          |                  128 |                        0 |                        0 |       0 |
| model.predictor.transformer.layers.3.attn.attend        |                    0 |                        0 |                        0 |       0 |
| model.predictor.transformer.layers.3.attn.to_qkv        |                49152 |                        0 |                        0 |       0 |
| model.predictor.transformer.layers.3.attn.to_out        |                16448 |                        0 |                        0 |       0 |
| model.predictor.transformer.layers.3.attn.to_out.0      |                16448 |                        0 |                        0 |       0 |
| model.predictor.transformer.layers.3.attn.to_out.1      |                    0 |                        0 |                        0 |       0 |
| model.predictor.transformer.layers.3.mlp                |                66240 |                        0 |                        0 |       0 |
| model.predictor.transformer.layers.3.mlp.net            |                66240 |                        0 |                        0 |       0 |
| model.predictor.transformer.layers.3.mlp.net.0          |                  128 |                        0 |                        0 |       0 |
| model.predictor.transformer.layers.3.mlp.net.1          |                33280 |                        0 |                        0 |       0 |
| model.predictor.transformer.layers.3.mlp.net.2          |                    0 |                        0 |                        0 |       0 |
| model.predictor.transformer.layers.3.mlp.net.3          |                    0 |                        0 |                        0 |       0 |
| model.predictor.transformer.layers.3.mlp.net.4          |                32832 |                        0 |                        0 |       0 |
| model.predictor.transformer.layers.3.mlp.net.5          |                    0 |                        0 |                        0 |       0 |
| model.predictor.transformer.layers.3.norm1              |                    0 |                        0 |                        0 |       0 |
| model.predictor.transformer.layers.3.norm2              |                    0 |                        0 |                        0 |       0 |
| model.predictor.transformer.layers.3.adaLN_modulation   |                24960 |                        0 |                        0 |       0 |
| model.predictor.transformer.layers.3.adaLN_modulation.0 |                    0 |                        0 |                        0 |       0 |
| model.predictor.transformer.layers.3.adaLN_modulation.1 |                24960 |                        0 |                        0 |       0 |
| model.predictor.transformer.input_proj                  |                    0 |                        0 |                        0 |       0 |
| model.predictor.transformer.cond_proj                   |                    0 |                        0 |                        0 |       0 |
| model.predictor.transformer.output_proj                 |                    0 |                        0 |                        0 |       0 |
| model.action_encoder                                    |                19284 |                        0 |                        0 |       0 |
| model.action_encoder.patch_embed                        |                   20 |                        0 |                        0 |       0 |
| model.action_encoder.embed                              |                19264 |                        0 |                        0 |       0 |
| model.action_encoder.embed.0                            |                 2816 |                        0 |                        0 |       0 |
| model.action_encoder.embed.1                            |                    0 |                        0 |                        0 |       0 |
| model.action_encoder.embed.2                            |                16448 |                        0 |                        0 |       0 |
| model.projector                                         |                33600 |                        0 |                        0 |     513 |
| model.projector.net                                     |                33600 |                        0 |                        0 |     513 |
| model.projector.net.0                                   |                16640 |                        0 |                        0 |       0 |
| model.projector.net.1                                   |                  512 |                        0 |                        0 |     513 |
| model.projector.net.2                                   |                    0 |                        0 |                        0 |       0 |
| model.projector.net.3                                   |                16448 |                        0 |                        0 |       0 |
| model.pred_proj                                         |                33600 |                        0 |                        0 |     513 |
| model.pred_proj.net                                     |                33600 |                        0 |                        0 |     513 |
| model.pred_proj.net.0                                   |                16640 |                        0 |                        0 |       0 |
| model.pred_proj.net.1                                   |                  512 |                        0 |                        0 |     513 |
| model.pred_proj.net.2                                   |                    0 |                        0 |                        0 |       0 |
| model.pred_proj.net.3                                   |                16448 |                        0 |                        0 |       0 |
| sigreg                                                  |                    0 |                        0 |                        0 |      51 |
+---------------------------------------------------------+----------------------+--------------------------+--------------------------+---------+
17:09:25.545 | INFO    (693721, stable_pretraining.callbacks.trainer_info) | ---- SLURM INFO ---- 🔧
17:09:25.545 | INFO    (693721, stable_pretraining.callbacks.trainer_info) | Job ID: N/A
17:09:25.545 | INFO    (693721, stable_pretraining.callbacks.trainer_info) | Task ID: N/A
17:09:25.545 | INFO    (693721, stable_pretraining.callbacks.trainer_info) | Job Name: N/A
17:09:25.545 | INFO    (693721, stable_pretraining.callbacks.trainer_info) | Nodes: N/A
17:09:25.545 | INFO    (693721, stable_pretraining.callbacks.trainer_info) | Tasks: N/A
17:09:25.545 | INFO    (693721, stable_pretraining.callbacks.trainer_info) | CPUs per node: N/A
17:09:25.545 | INFO    (693721, stable_pretraining.callbacks.trainer_info) | CPUs per task: N/A
17:09:25.545 | INFO    (693721, stable_pretraining.callbacks.trainer_info) | Memory per node: N/A
17:09:25.545 | INFO    (693721, stable_pretraining.callbacks.trainer_info) | Memory per CPU: N/A
17:09:25.545 | INFO    (693721, stable_pretraining.callbacks.trainer_info) | Time limit: N/A
17:09:25.545 | INFO    (693721, stable_pretraining.callbacks.trainer_info) | Partition: N/A
17:09:25.545 | INFO    (693721, stable_pretraining.callbacks.trainer_info) | Node List: N/A
17:09:25.545 | INFO    (693721, stable_pretraining.callbacks.trainer_info) | Submit Directory: N/A
17:09:25.546 | INFO    (693721, stable_pretraining.callbacks.cpu_offload) | CPUOffloadCallback: Setup called for stage 'fit'
17:09:25.546 | INFO    (693721, stable_pretraining.callbacks.cpu_offload) |   - Trainer rank: 0/1
17:09:25.546 | INFO    (693721, stable_pretraining.callbacks.cpu_offload) |   - Strategy: SingleDeviceStrategy
17:09:25.546 | SUCCESS (693721, stable_pretraining.callbacks.cpu_offload) | ✓ Strategy 'SingleDeviceStrategy' is compatible with CPU offload
17:09:25.546 | SUCCESS (693721, stable_pretraining.callbacks.cpu_offload) | ✓ CPUOffloadCallback ENABLED for strategy 'SingleDeviceStrategy'
17:09:25.547 | INFO    (693721, stable_pretraining.callbacks.cpu_offload) |   - This rank will handle checkpoint saving and CPU offload
LOCAL_RANK: 0 - CUDA_VISIBLE_DEVICES: [0]
17:09:25.549 | INFO    (693721, stable_pretraining.module) | Configuring optimizers and learning rate schedulers...
17:09:25.550 | INFO    (693721, stable_pretraining.module) | 	Optimizer specified by Dict with keys ['model_opt']... 🔧
17:09:25.550 | INFO    (693721, stable_pretraining.module) | 
┏━━━━━━━━━━━━━┳━━━━━━━━━━━┳━━━━━━━━━━━━━━━━━━━┳━━━━━━━━━━━━━━━━━┳━━━━━━━━━━━━━━━━┳━━━━━━━━━━━━━━━━━━━━━━━━┓
┃ Optimizer   ┃ Pattern   ┃   Matched Modules ┃   Param Tensors ┃   Total Params ┃   RequiresGrad Tensors ┃
┣━━━━━━━━━━━━━╋━━━━━━━━━━━╋━━━━━━━━━━━━━━━━━━━╋━━━━━━━━━━━━━━━━━╋━━━━━━━━━━━━━━━━╋━━━━━━━━━━━━━━━━━━━━━━━━┫
┃ model_opt   ┃ model     ┃               136 ┃             102 ┃         828372 ┃                    102 ┃
┗━━━━━━━━━━━━━┻━━━━━━━━━━━┻━━━━━━━━━━━━━━━━━━━┻━━━━━━━━━━━━━━━━━┻━━━━━━━━━━━━━━━━┻━━━━━━━━━━━━━━━━━━━━━━━━┛
17:09:25.550 | INFO    (693721, stable_pretraining.optim.lr_scheduler) | 	User provided a dict
Loading `train_dataloader` to estimate number of stepping batches.
/home/lthil/thesis/le-wm/.venv/lib/python3.10/site-packages/lightning/pytorch/utilities/_pytree.py:21: `isinstance(treespec, LeafSpec)` is deprecated, use `isinstance(treespec, TreeSpec) and treespec.is_leaf()` instead.
17:09:25.552 | WARNING (693721, stable_pretraining.callbacks.env_info) |      ⚠️  pip freeze failed: Command '['/home/lthil/thesis/le-wm/.venv/bin/python', '-m', 'pip', 'freeze']' returned non-zero exit status 1.
17:09:25.552 | SUCCESS (693721, stable_pretraining.callbacks.env_info) |   ✓ Packages: 0 packages collected in 0.01s
17:09:25.937 | INFO    (693721, stable_pretraining.module) | Configured optimizer 'model_opt' (modules=136, param_tensors=102, total_params=828372) with LinearWarmupCosineAnnealingLR scheduler.
/home/lthil/thesis/le-wm/.venv/lib/python3.10/site-packages/lightning/pytorch/utilities/model_summary/model_summary.py:242: Precision bf16-mixed is not supported by the model summary.  Estimated model size in MB will not be accurate. Using 32 bits instead.
17:09:25.939 | WARNING (693721, stable_pretraining.module) | You are calling self.parameters which also gives callbacks parameters, to remove then, pass `with_callbacks=False`
17:09:25.940 | WARNING (693721, stable_pretraining.module) | You are calling self.parameters which also gives callbacks parameters, to remove then, pass `with_callbacks=False`
17:09:25.940 | WARNING (693721, stable_pretraining.module) | You are calling self.parameters which also gives callbacks parameters, to remove then, pass `with_callbacks=False`
17:09:25.940 | WARNING (693721, stable_pretraining.module) | You are calling self.parameters which also gives callbacks parameters, to remove then, pass `with_callbacks=False`
┏━━━┳━━━━━━━━━━━━━━━━━━━┳━━━━━━━━━━━━┳━━━━━━━━┳━━━━━━━┳━━━━━━━┓
┃   ┃ Name              ┃ Type       ┃ Params ┃ Mode  ┃ FLOPs ┃
┡━━━╇━━━━━━━━━━━━━━━━━━━╇━━━━━━━━━━━━╇━━━━━━━━╇━━━━━━━╇━━━━━━━┩
│ 0 │ callbacks_modules │ ModuleDict │      0 │ train │     0 │
│ 1 │ callbacks_metrics │ ModuleDict │      0 │ train │     0 │
│ 2 │ model             │ JEPA       │  828 K │ train │     0 │
│ 3 │ sigreg            │ SIGReg     │      0 │ train │     0 │
└───┴───────────────────┴────────────┴────────┴───────┴───────┘
Trainable params: 828 K                                                         
Non-trainable params: 0                                                         
Total params: 828 K                                                             
Total estimated model params size (MB): 3                                       
Modules in train mode: 139                                                      
Modules in eval mode: 0                                                         
Total FLOPs: 0                                                                  
17:09:25.947 | WARNING (693721, stable_pretraining.module) | You are calling self.parameters which also gives callbacks parameters, to remove then, pass `with_callbacks=False`
/home/lthil/thesis/le-wm/.venv/lib/python3.10/site-packages/lightning/pytorch/utilities/_pytree.py:21: `isinstance(treespec, LeafSpec)` is deprecated, use `isinstance(treespec, TreeSpec) and treespec.is_leaf()` instead.
/home/lthil/thesis/le-wm/.venv/lib/python3.10/site-packages/lightning/pytorch/utilities/data.py:79: Trying to infer the `batch_size` from an ambiguous collection. The batch size we found is 512. To avoid any miscalculations, use `self.log(..., batch_size=batch_size)`.
17:09:26.728 | INFO    (693721, stable_pretraining.callbacks.trainer_info) | \n+----------------------------+---------------------+
|           Metric           |        Value        |
+----------------------------+---------------------+
|      [0;34;40mvalidate/ar_loss[0m      | [0;32;40m0.06467404216527939[0m |
|   [0;34;40mvalidate/ar_loss_epoch[0m   | [0;32;40m0.06467404216527939[0m |
|       [0;34;40mvalidate/loss[0m        |  [0;32;40m32.37500762939453[0m  |
|    [0;34;40mvalidate/loss_epoch[0m     |  [0;32;40m32.37500762939453[0m  |
|     [0;34;40mvalidate/pred_loss[0m     | [0;32;40m0.12500837445259094[0m |
|  [0;34;40mvalidate/pred_loss_epoch[0m  | [0;32;40m0.12500837445259094[0m |
|    [0;34;40mvalidate/sigreg_loss[0m    |        [0;32;40m215.0[0m        |
| [0;34;40mvalidate/sigreg_loss_epoch[0m |        [0;32;40m215.0[0m        |
+----------------------------+---------------------+
17:09:26.729 | INFO    (693721, stable_pretraining.callbacks.cpu_offload) | CPUOffloadCallback: Training started
17:09:26.729 | WARNING (693721, stable_pretraining.module) | You are calling self.parameters which also gives callbacks parameters, to remove then, pass `with_callbacks=False`
17:09:26.729 | WARNING (693721, stable_pretraining.module) | You are calling self.parameters which also gives callbacks parameters, to remove then, pass `with_callbacks=False`
17:09:26.729 | INFO    (693721, stable_pretraining.callbacks.cpu_offload) | Model statistics:
17:09:26.729 | INFO    (693721, stable_pretraining.callbacks.cpu_offload) |   - Total parameters: 828,372
17:09:26.729 | INFO    (693721, stable_pretraining.callbacks.cpu_offload) |   - Trainable parameters: 828,372
17:09:26.730 | INFO    (693721, stable_pretraining.callbacks.cpu_offload) |   - Model size (bf16): ~0.00 GB
17:09:26.730 | INFO    (693721, stable_pretraining.callbacks.cpu_offload) |   - Estimated checkpoint size (with optimizer): ~0.00 GB
17:09:26.730 | INFO    (693721, stable_pretraining.module) | Double checking optimizers!
17:09:26.730 | INFO    (693721, stable_pretraining.module) | `self.optimizers() gave us 1 optimizers
17:09:26.730 | WARNING (693721, stable_pretraining.module) | No clip val found for optimizer default_0
17:09:26.730 | WARNING (693721, stable_pretraining.module) | -> we will use the Trainer's value of 0.3
17:09:26.730 | WARNING (693721, stable_pretraining.module) | No clip algorithm found for optimizer default_0
17:09:26.730 | WARNING (693721, stable_pretraining.module) | -> we will use the Trainer's value of None
17:09:26.730 | SUCCESS (693721, stable_pretraining.module) | We are done checking your optimizers! Here is the summary:
+------------+-----------+----------------+-----------+-----------+
| Opt. Index | Opt. name |      opt       | clip val. | clip alg. |
+------------+-----------+----------------+-----------+-----------+
|     0      | default_0 | LightningAdamW |    0.3    |    None   |
+------------+-----------+----------------+-----------+-----------+
17:09:26.731 | WARNING (693721, stable_pretraining.module) | You are calling self.parameters which also gives callbacks parameters, to remove then, pass `with_callbacks=False`
17:09:26.731 | INFO    (693721, stable_pretraining.callbacks.unused_parameters) | [LogUnusedParametersOnce] Registered hooks on 102 leaf parameters.
17:09:26.838 | WARNING (693721, stable_pretraining.module) | You are calling self.parameters which also gives callbacks parameters, to remove then, pass `with_callbacks=False`
17:09:26.839 | INFO    (693721, stable_pretraining.callbacks.unused_parameters) | [LogUnusedParametersOnce] All tracked parameters received gradients on the first backward pass.
17:09:26.839 | INFO    (693721, stable_pretraining.callbacks.unused_parameters) | [LogUnusedParametersOnce] Hooks removed, callback disabled.
17:09:35.696 | WARNING (693721, stable_pretraining.callbacks.env_info) |      ⚠️  nvidia-smi timed out
17:09:35.704 | SUCCESS (693721, stable_pretraining.callbacks.env_info) |   ✓ Git: feature/option-b-sensor-native @ f8bf4503
17:09:35.704 | INFO    (693721, stable_pretraining.callbacks.env_info) |      Remote: git@github.com:LucasStill/le-wm.git
17:09:35.704 | WARNING (693721, stable_pretraining.callbacks.env_info) |      ⚠️  Working directory has uncommitted changes!
17:09:35.704 | SUCCESS (693721, stable_pretraining.callbacks.env_info) |   ✓ Environment: 3 relevant variables captured
17:09:35.704 | INFO    (693721, stable_pretraining.callbacks.env_info) | 🔄 Serializing environment data...
17:09:35.704 | INFO    (693721, stable_pretraining.callbacks.env_info) | 📋 File exists, using version 9: environment_v9.json
17:09:35.704 | INFO    (693721, stable_pretraining.callbacks.env_info) | 📋 File exists, using version 9: requirements_frozen_v9.txt
17:09:35.705 | INFO    (693721, stable_pretraining.callbacks.env_info) | 📁 Save directory: /home/lthil/thesis/le-wm
17:09:35.705 | INFO    (693721, stable_pretraining.callbacks.env_info) | 💾 Writing environment to temp file...
17:09:35.705 | INFO    (693721, stable_pretraining.callbacks.env_info) | 💾 Moving to: environment_v9.json
17:09:35.705 | SUCCESS (693721, stable_pretraining.callbacks.env_info) | ✓ Environment file saved (2.0 KB)
17:09:35.705 | SUCCESS (693721, stable_pretraining.callbacks.env_info) | ✓ Requirements file saved (0.1 KB)
17:35:45.334 | WARNING (693721, stable_pretraining.module) | You are calling self.parameters which also gives callbacks parameters, to remove then, pass `with_callbacks=False`
/home/lthil/thesis/le-wm/.venv/lib/python3.10/site-packages/lightning/pytorch/utilities/data.py:79: Trying to infer the `batch_size` from an ambiguous collection. The batch size we found is 233. To avoid any miscalculations, use `self.log(..., batch_size=batch_size)`.
17:36:34.745 | INFO    (693721, stable_pretraining.callbacks.trainer_info) | \n+----------------------------+--------------------+
|           Metric           |       Value        |
+----------------------------+--------------------+
|        [0;34;40mfit/ar_loss[0m         | [0;32;40m0.5149278044700623[0m |
|          [0;34;40mfit/loss[0m          | [0;32;40m1.474013328552246[0m  |
|       [0;34;40mfit/pred_loss[0m        | [0;32;40m0.9622945189476013[0m |
|      [0;34;40mfit/sigreg_loss[0m       |      [0;32;40m3.40625[0m       |
|      [0;34;40mvalidate/ar_loss[0m      | [0;32;40m0.7556692361831665[0m |
|   [0;34;40mvalidate/ar_loss_epoch[0m   | [0;32;40m0.7556692361831665[0m |
|       [0;34;40mvalidate/loss[0m        | [0;32;40m13.81919002532959[0m  |
|    [0;34;40mvalidate/loss_epoch[0m     | [0;32;40m13.81919002532959[0m  |
|     [0;34;40mvalidate/pred_loss[0m     | [0;32;40m1.4020521640777588[0m |
|  [0;34;40mvalidate/pred_loss_epoch[0m  | [0;32;40m1.4020521640777588[0m |
|    [0;34;40mvalidate/sigreg_loss[0m    | [0;32;40m82.78314208984375[0m  |
| [0;34;40mvalidate/sigreg_loss_epoch[0m | [0;32;40m82.78314208984375[0m  |
+----------------------------+--------------------+
17:36:34.764 | INFO    (693721, stable_pretraining.callbacks.checkpoint_sklearn) | Checking for non PyTorch modules to save... 🔧
17:36:34.765 | INFO    (693721, stable_pretraining.callbacks.checkpoint_sklearn) | Checking for Wandb params to save... 🔧
17:36:34.765 | INFO    (693721, stable_pretraining.callbacks.checkpoint_sklearn) | Saving Wandb params {'id': 'zbpmvuo4'}
17:36:34.765 | INFO    (693721, stable_pretraining.callbacks.checkpoint_sklearn) | Checking for Wandb params to save... Done!
17:36:34.765 | INFO    (693721, stable_pretraining.callbacks.cpu_offload) | ============================================================
17:36:34.765 | INFO    (693721, stable_pretraining.callbacks.cpu_offload) | CPUOffloadCallback: Starting checkpoint CPU offload (#1)
17:36:34.765 | INFO    (693721, stable_pretraining.callbacks.cpu_offload) |   - Global step: 12307
17:36:34.765 | INFO    (693721, stable_pretraining.callbacks.cpu_offload) |   - Epoch: 0
17:36:34.765 | INFO    (693721, stable_pretraining.callbacks.cpu_offload) | Checkpoint contains 11 keys: ['callbacks', 'epoch', 'global_step', 'hparams_name', 'hyper_parameters', 'loops', 'lr_schedulers', 'optimizer_states', 'pytorch-lightning_version', 'state_dict', 'wandb']
17:36:34.765 | INFO    (693721, stable_pretraining.callbacks.cpu_offload) | GPU memory before offload:
17:36:34.765 | INFO    (693721, stable_pretraining.callbacks.cpu_offload) |   - Allocated: 0.03 GB
17:36:34.765 | INFO    (693721, stable_pretraining.callbacks.cpu_offload) |   - Reserved: 15.33 GB
17:36:34.765 | INFO    (693721, stable_pretraining.callbacks.cpu_offload) | Processing checkpoint key: 'state_dict'
17:36:34.767 | SUCCESS (693721, stable_pretraining.callbacks.cpu_offload) | ✓ Completed 'state_dict' in 0.00s
17:36:34.767 | INFO    (693721, stable_pretraining.callbacks.cpu_offload) | Processing checkpoint key: 'optimizer_states'
17:36:34.770 | SUCCESS (693721, stable_pretraining.callbacks.cpu_offload) | ✓ Completed 'optimizer_states' in 0.00s
17:36:34.770 | INFO    (693721, stable_pretraining.callbacks.cpu_offload) | Processing checkpoint key: 'lr_schedulers'
17:36:34.770 | SUCCESS (693721, stable_pretraining.callbacks.cpu_offload) | ✓ Completed 'lr_schedulers' in 0.00s
17:36:34.770 | WARNING (693721, stable_pretraining.callbacks.cpu_offload) | Skipped 125 custom object(s)
17:36:34.770 | WARNING (693721, stable_pretraining.callbacks.cpu_offload) | First 10 skipped objects:
17:36:34.770 | WARNING (693721, stable_pretraining.callbacks.cpu_offload) |   - float at 'optimizer_states[0].param_groups[0].lr'
17:36:34.770 | WARNING (693721, stable_pretraining.callbacks.cpu_offload) |   - float at 'optimizer_states[0].param_groups[0].betas[0]'
17:36:34.770 | WARNING (693721, stable_pretraining.callbacks.cpu_offload) |   - float at 'optimizer_states[0].param_groups[0].betas[1]'
17:36:34.770 | WARNING (693721, stable_pretraining.callbacks.cpu_offload) |   - float at 'optimizer_states[0].param_groups[0].eps'
17:36:34.770 | WARNING (693721, stable_pretraining.callbacks.cpu_offload) |   - float at 'optimizer_states[0].param_groups[0].weight_decay'
17:36:34.770 | WARNING (693721, stable_pretraining.callbacks.cpu_offload) |   - bool at 'optimizer_states[0].param_groups[0].amsgrad'
17:36:34.770 | WARNING (693721, stable_pretraining.callbacks.cpu_offload) |   - bool at 'optimizer_states[0].param_groups[0].maximize'
17:36:34.770 | WARNING (693721, stable_pretraining.callbacks.cpu_offload) |   - NoneType at 'optimizer_states[0].param_groups[0].foreach'
17:36:34.770 | WARNING (693721, stable_pretraining.callbacks.cpu_offload) |   - bool at 'optimizer_states[0].param_groups[0].capturable'
17:36:34.770 | WARNING (693721, stable_pretraining.callbacks.cpu_offload) |   - bool at 'optimizer_states[0].param_groups[0].differentiable'
17:36:34.770 | WARNING (693721, stable_pretraining.callbacks.cpu_offload) | ... (105 more skipped) ...
17:36:34.770 | WARNING (693721, stable_pretraining.callbacks.cpu_offload) | Last 10 skipped objects:
17:36:34.770 | WARNING (693721, stable_pretraining.callbacks.cpu_offload) |   - int at 'lr_schedulers[0].warmup_steps'
17:36:34.771 | WARNING (693721, stable_pretraining.callbacks.cpu_offload) |   - int at 'lr_schedulers[0].max_steps'
17:36:34.771 | WARNING (693721, stable_pretraining.callbacks.cpu_offload) |   - float at 'lr_schedulers[0].warmup_start_lr'
17:36:34.771 | WARNING (693721, stable_pretraining.callbacks.cpu_offload) |   - float at 'lr_schedulers[0].eta_min'
17:36:34.771 | WARNING (693721, stable_pretraining.callbacks.cpu_offload) |   - float at 'lr_schedulers[0].base_lrs[0]'
17:36:34.771 | WARNING (693721, stable_pretraining.callbacks.cpu_offload) |   - int at 'lr_schedulers[0].last_epoch'
17:36:34.771 | WARNING (693721, stable_pretraining.callbacks.cpu_offload) |   - int at 'lr_schedulers[0]._step_count'
17:36:34.771 | WARNING (693721, stable_pretraining.callbacks.cpu_offload) |   - bool at 'lr_schedulers[0]._is_initial'
17:36:34.771 | WARNING (693721, stable_pretraining.callbacks.cpu_offload) |   - bool at 'lr_schedulers[0]._get_lr_called_within_step'
17:36:34.771 | WARNING (693721, stable_pretraining.callbacks.cpu_offload) |   - float at 'lr_schedulers[0]._last_lr[0]'
17:36:34.771 | INFO    (693721, stable_pretraining.callbacks.cpu_offload) | To see all 125 skipped objects, set log_skipped=True
17:36:34.771 | INFO    (693721, stable_pretraining.callbacks.cpu_offload) | GPU memory after offload:
17:36:34.771 | INFO    (693721, stable_pretraining.callbacks.cpu_offload) |   - Allocated: 0.03 GB
17:36:34.771 | INFO    (693721, stable_pretraining.callbacks.cpu_offload) |   - Reserved: 15.33 GB
17:36:34.771 | INFO    (693721, stable_pretraining.callbacks.cpu_offload) | GPU memory freed: 0.00 GB
17:36:34.771 | SUCCESS (693721, stable_pretraining.callbacks.cpu_offload) | CPUOffloadCallback: Checkpoint #1 completed in 0.01s
17:36:34.771 | INFO    (693721, stable_pretraining.callbacks.cpu_offload) | Successfully processed keys: ['state_dict', 'optimizer_states', 'lr_schedulers']
17:36:34.771 | INFO    (693721, stable_pretraining.callbacks.cpu_offload) | Cumulative stats:
17:36:34.771 | INFO    (693721, stable_pretraining.callbacks.cpu_offload) |   - Total checkpoints saved: 1
17:36:34.771 | INFO    (693721, stable_pretraining.callbacks.cpu_offload) |   - Total time in offload: 0.01s
17:36:34.771 | INFO    (693721, stable_pretraining.callbacks.cpu_offload) |   - Total memory freed: 0.00 GB
17:36:34.771 | INFO    (693721, stable_pretraining.callbacks.cpu_offload) |   - Average time per checkpoint: 0.01s
17:36:34.771 | INFO    (693721, stable_pretraining.callbacks.cpu_offload) | ============================================================
18:02:53.657 | WARNING (693721, stable_pretraining.module) | You are calling self.parameters which also gives callbacks parameters, to remove then, pass `with_callbacks=False`
18:03:43.105 | INFO    (693721, stable_pretraining.callbacks.trainer_info) | \n+----------------------------+---------------------+
|           Metric           |        Value        |
+----------------------------+---------------------+
|        [0;34;40mfit/ar_loss[0m         | [0;32;40m0.31676459312438965[0m |
|          [0;34;40mfit/loss[0m          |  [0;32;40m1.0769948959350586[0m |
|       [0;34;40mfit/pred_loss[0m        |  [0;32;40m0.5535574555397034[0m |
|      [0;34;40mfit/sigreg_loss[0m       |       [0;32;40m3.484375[0m      |
|      [0;34;40mvalidate/ar_loss[0m      |  [0;32;40m0.3408534824848175[0m |
|   [0;34;40mvalidate/ar_loss_epoch[0m   |  [0;32;40m0.3408534824848175[0m |
|       [0;34;40mvalidate/loss[0m        |  [0;32;40m3.128558874130249[0m  |
|    [0;34;40mvalidate/loss_epoch[0m     |  [0;32;40m3.128558874130249[0m  |
|     [0;34;40mvalidate/pred_loss[0m     |  [0;32;40m0.5781828165054321[0m |
|  [0;34;40mvalidate/pred_loss_epoch[0m  |  [0;32;40m0.5781828165054321[0m |
|    [0;34;40mvalidate/sigreg_loss[0m    |  [0;32;40m17.002456665039062[0m |
| [0;34;40mvalidate/sigreg_loss_epoch[0m |  [0;32;40m17.002456665039062[0m |
+----------------------------+---------------------+
18:03:43.112 | INFO    (693721, stable_pretraining.callbacks.checkpoint_sklearn) | Checking for non PyTorch modules to save... 🔧
18:03:43.112 | INFO    (693721, stable_pretraining.callbacks.checkpoint_sklearn) | Checking for Wandb params to save... 🔧
18:03:43.112 | INFO    (693721, stable_pretraining.callbacks.checkpoint_sklearn) | Saving Wandb params {'id': 'zbpmvuo4'}
18:03:43.112 | INFO    (693721, stable_pretraining.callbacks.checkpoint_sklearn) | Checking for Wandb params to save... Done!
18:03:43.112 | INFO    (693721, stable_pretraining.callbacks.cpu_offload) | ============================================================
18:03:43.112 | INFO    (693721, stable_pretraining.callbacks.cpu_offload) | CPUOffloadCallback: Starting checkpoint CPU offload (#2)
18:03:43.112 | INFO    (693721, stable_pretraining.callbacks.cpu_offload) |   - Global step: 24614
18:03:43.112 | INFO    (693721, stable_pretraining.callbacks.cpu_offload) |   - Epoch: 1
18:03:43.112 | INFO    (693721, stable_pretraining.callbacks.cpu_offload) | Checkpoint contains 11 keys: ['callbacks', 'epoch', 'global_step', 'hparams_name', 'hyper_parameters', 'loops', 'lr_schedulers', 'optimizer_states', 'pytorch-lightning_version', 'state_dict', 'wandb']
18:03:43.113 | INFO    (693721, stable_pretraining.callbacks.cpu_offload) | GPU memory before offload:
18:03:43.113 | INFO    (693721, stable_pretraining.callbacks.cpu_offload) |   - Allocated: 0.03 GB
18:03:43.113 | INFO    (693721, stable_pretraining.callbacks.cpu_offload) |   - Reserved: 15.33 GB
18:03:43.113 | INFO    (693721, stable_pretraining.callbacks.cpu_offload) | Processing checkpoint key: 'state_dict'
18:03:43.114 | SUCCESS (693721, stable_pretraining.callbacks.cpu_offload) | ✓ Completed 'state_dict' in 0.00s
18:03:43.115 | INFO    (693721, stable_pretraining.callbacks.cpu_offload) | Processing checkpoint key: 'optimizer_states'
18:03:43.118 | SUCCESS (693721, stable_pretraining.callbacks.cpu_offload) | ✓ Completed 'optimizer_states' in 0.00s
18:03:43.118 | INFO    (693721, stable_pretraining.callbacks.cpu_offload) | Processing checkpoint key: 'lr_schedulers'
18:03:43.118 | SUCCESS (693721, stable_pretraining.callbacks.cpu_offload) | ✓ Completed 'lr_schedulers' in 0.00s
18:03:43.118 | WARNING (693721, stable_pretraining.callbacks.cpu_offload) | Skipped 125 custom object(s)
18:03:43.118 | WARNING (693721, stable_pretraining.callbacks.cpu_offload) | First 10 skipped objects:
18:03:43.118 | WARNING (693721, stable_pretraining.callbacks.cpu_offload) |   - float at 'optimizer_states[0].param_groups[0].lr'
18:03:43.118 | WARNING (693721, stable_pretraining.callbacks.cpu_offload) |   - float at 'optimizer_states[0].param_groups[0].betas[0]'
18:03:43.118 | WARNING (693721, stable_pretraining.callbacks.cpu_offload) |   - float at 'optimizer_states[0].param_groups[0].betas[1]'
18:03:43.118 | WARNING (693721, stable_pretraining.callbacks.cpu_offload) |   - float at 'optimizer_states[0].param_groups[0].eps'
18:03:43.118 | WARNING (693721, stable_pretraining.callbacks.cpu_offload) |   - float at 'optimizer_states[0].param_groups[0].weight_decay'
18:03:43.118 | WARNING (693721, stable_pretraining.callbacks.cpu_offload) |   - bool at 'optimizer_states[0].param_groups[0].amsgrad'
18:03:43.118 | WARNING (693721, stable_pretraining.callbacks.cpu_offload) |   - bool at 'optimizer_states[0].param_groups[0].maximize'
18:03:43.118 | WARNING (693721, stable_pretraining.callbacks.cpu_offload) |   - NoneType at 'optimizer_states[0].param_groups[0].foreach'
18:03:43.118 | WARNING (693721, stable_pretraining.callbacks.cpu_offload) |   - bool at 'optimizer_states[0].param_groups[0].capturable'
18:03:43.118 | WARNING (693721, stable_pretraining.callbacks.cpu_offload) |   - bool at 'optimizer_states[0].param_groups[0].differentiable'
18:03:43.118 | WARNING (693721, stable_pretraining.callbacks.cpu_offload) | ... (105 more skipped) ...
18:03:43.118 | WARNING (693721, stable_pretraining.callbacks.cpu_offload) | Last 10 skipped objects:
18:03:43.118 | WARNING (693721, stable_pretraining.callbacks.cpu_offload) |   - int at 'lr_schedulers[0].warmup_steps'
18:03:43.118 | WARNING (693721, stable_pretraining.callbacks.cpu_offload) |   - int at 'lr_schedulers[0].max_steps'
18:03:43.118 | WARNING (693721, stable_pretraining.callbacks.cpu_offload) |   - float at 'lr_schedulers[0].warmup_start_lr'
18:03:43.118 | WARNING (693721, stable_pretraining.callbacks.cpu_offload) |   - float at 'lr_schedulers[0].eta_min'
18:03:43.118 | WARNING (693721, stable_pretraining.callbacks.cpu_offload) |   - float at 'lr_schedulers[0].base_lrs[0]'
18:03:43.118 | WARNING (693721, stable_pretraining.callbacks.cpu_offload) |   - int at 'lr_schedulers[0].last_epoch'
18:03:43.119 | WARNING (693721, stable_pretraining.callbacks.cpu_offload) |   - int at 'lr_schedulers[0]._step_count'
18:03:43.119 | WARNING (693721, stable_pretraining.callbacks.cpu_offload) |   - bool at 'lr_schedulers[0]._is_initial'
18:03:43.119 | WARNING (693721, stable_pretraining.callbacks.cpu_offload) |   - bool at 'lr_schedulers[0]._get_lr_called_within_step'
18:03:43.119 | WARNING (693721, stable_pretraining.callbacks.cpu_offload) |   - float at 'lr_schedulers[0]._last_lr[0]'
18:03:43.119 | INFO    (693721, stable_pretraining.callbacks.cpu_offload) | To see all 125 skipped objects, set log_skipped=True
18:03:43.119 | INFO    (693721, stable_pretraining.callbacks.cpu_offload) | GPU memory after offload:
18:03:43.119 | INFO    (693721, stable_pretraining.callbacks.cpu_offload) |   - Allocated: 0.03 GB
18:03:43.119 | INFO    (693721, stable_pretraining.callbacks.cpu_offload) |   - Reserved: 15.33 GB
18:03:43.119 | INFO    (693721, stable_pretraining.callbacks.cpu_offload) | GPU memory freed: 0.00 GB
18:03:43.119 | SUCCESS (693721, stable_pretraining.callbacks.cpu_offload) | CPUOffloadCallback: Checkpoint #2 completed in 0.01s
18:03:43.119 | INFO    (693721, stable_pretraining.callbacks.cpu_offload) | Successfully processed keys: ['state_dict', 'optimizer_states', 'lr_schedulers']
18:03:43.119 | INFO    (693721, stable_pretraining.callbacks.cpu_offload) | Cumulative stats:
18:03:43.119 | INFO    (693721, stable_pretraining.callbacks.cpu_offload) |   - Total checkpoints saved: 2
18:03:43.119 | INFO    (693721, stable_pretraining.callbacks.cpu_offload) |   - Total time in offload: 0.01s
18:03:43.119 | INFO    (693721, stable_pretraining.callbacks.cpu_offload) |   - Total memory freed: 0.00 GB
18:03:43.119 | INFO    (693721, stable_pretraining.callbacks.cpu_offload) |   - Average time per checkpoint: 0.01s
18:03:43.119 | INFO    (693721, stable_pretraining.callbacks.cpu_offload) | ============================================================
18:30:01.970 | WARNING (693721, stable_pretraining.module) | You are calling self.parameters which also gives callbacks parameters, to remove then, pass `with_callbacks=False`
18:30:51.420 | INFO    (693721, stable_pretraining.callbacks.trainer_info) | \n+----------------------------+---------------------+
|           Metric           |        Value        |
+----------------------------+---------------------+
|        [0;34;40mfit/ar_loss[0m         | [0;32;40m0.17233332991600037[0m |
|          [0;34;40mfit/loss[0m          |  [0;32;40m0.7047083377838135[0m |
|       [0;34;40mfit/pred_loss[0m        |  [0;32;40m0.2828333079814911[0m |
|      [0;34;40mfit/sigreg_loss[0m       |        [0;32;40m2.8125[0m       |
|      [0;34;40mvalidate/ar_loss[0m      | [0;32;40m0.18019457161426544[0m |
|   [0;34;40mvalidate/ar_loss_epoch[0m   | [0;32;40m0.18019457161426544[0m |
|       [0;34;40mvalidate/loss[0m        |  [0;32;40m0.9978911280632019[0m |
|    [0;34;40mvalidate/loss_epoch[0m     |  [0;32;40m0.9978911280632019[0m |
|     [0;34;40mvalidate/pred_loss[0m     |  [0;32;40m0.283708393573761[0m  |
|  [0;34;40mvalidate/pred_loss_epoch[0m  |  [0;32;40m0.283708393573761[0m  |
|    [0;34;40mvalidate/sigreg_loss[0m    |  [0;32;40m4.761292457580566[0m  |
| [0;34;40mvalidate/sigreg_loss_epoch[0m |  [0;32;40m4.761292457580566[0m  |
+----------------------------+---------------------+
18:30:51.428 | INFO    (693721, stable_pretraining.callbacks.checkpoint_sklearn) | Checking for non PyTorch modules to save... 🔧
18:30:51.428 | INFO    (693721, stable_pretraining.callbacks.checkpoint_sklearn) | Checking for Wandb params to save... 🔧
18:30:51.428 | INFO    (693721, stable_pretraining.callbacks.checkpoint_sklearn) | Saving Wandb params {'id': 'zbpmvuo4'}
18:30:51.428 | INFO    (693721, stable_pretraining.callbacks.checkpoint_sklearn) | Checking for Wandb params to save... Done!
18:30:51.428 | INFO    (693721, stable_pretraining.callbacks.cpu_offload) | ============================================================
18:30:51.428 | INFO    (693721, stable_pretraining.callbacks.cpu_offload) | CPUOffloadCallback: Starting checkpoint CPU offload (#3)
18:30:51.428 | INFO    (693721, stable_pretraining.callbacks.cpu_offload) |   - Global step: 36921
18:30:51.428 | INFO    (693721, stable_pretraining.callbacks.cpu_offload) |   - Epoch: 2
18:30:51.428 | INFO    (693721, stable_pretraining.callbacks.cpu_offload) | Checkpoint contains 11 keys: ['callbacks', 'epoch', 'global_step', 'hparams_name', 'hyper_parameters', 'loops', 'lr_schedulers', 'optimizer_states', 'pytorch-lightning_version', 'state_dict', 'wandb']
18:30:51.428 | INFO    (693721, stable_pretraining.callbacks.cpu_offload) | GPU memory before offload:
18:30:51.428 | INFO    (693721, stable_pretraining.callbacks.cpu_offload) |   - Allocated: 0.03 GB
18:30:51.428 | INFO    (693721, stable_pretraining.callbacks.cpu_offload) |   - Reserved: 15.33 GB
18:30:51.428 | INFO    (693721, stable_pretraining.callbacks.cpu_offload) | Processing checkpoint key: 'state_dict'
18:30:51.430 | SUCCESS (693721, stable_pretraining.callbacks.cpu_offload) | ✓ Completed 'state_dict' in 0.00s
18:30:51.430 | INFO    (693721, stable_pretraining.callbacks.cpu_offload) | Processing checkpoint key: 'optimizer_states'
18:30:51.433 | SUCCESS (693721, stable_pretraining.callbacks.cpu_offload) | ✓ Completed 'optimizer_states' in 0.00s
18:30:51.433 | INFO    (693721, stable_pretraining.callbacks.cpu_offload) | Processing checkpoint key: 'lr_schedulers'
18:30:51.433 | SUCCESS (693721, stable_pretraining.callbacks.cpu_offload) | ✓ Completed 'lr_schedulers' in 0.00s
18:30:51.433 | WARNING (693721, stable_pretraining.callbacks.cpu_offload) | Skipped 125 custom object(s)
18:30:51.433 | WARNING (693721, stable_pretraining.callbacks.cpu_offload) | First 10 skipped objects:
18:30:51.433 | WARNING (693721, stable_pretraining.callbacks.cpu_offload) |   - float at 'optimizer_states[0].param_groups[0].lr'
18:30:51.434 | WARNING (693721, stable_pretraining.callbacks.cpu_offload) |   - float at 'optimizer_states[0].param_groups[0].betas[0]'
18:30:51.434 | WARNING (693721, stable_pretraining.callbacks.cpu_offload) |   - float at 'optimizer_states[0].param_groups[0].betas[1]'
18:30:51.434 | WARNING (693721, stable_pretraining.callbacks.cpu_offload) |   - float at 'optimizer_states[0].param_groups[0].eps'
18:30:51.434 | WARNING (693721, stable_pretraining.callbacks.cpu_offload) |   - float at 'optimizer_states[0].param_groups[0].weight_decay'
18:30:51.434 | WARNING (693721, stable_pretraining.callbacks.cpu_offload) |   - bool at 'optimizer_states[0].param_groups[0].amsgrad'
18:30:51.434 | WARNING (693721, stable_pretraining.callbacks.cpu_offload) |   - bool at 'optimizer_states[0].param_groups[0].maximize'
18:30:51.434 | WARNING (693721, stable_pretraining.callbacks.cpu_offload) |   - NoneType at 'optimizer_states[0].param_groups[0].foreach'
18:30:51.434 | WARNING (693721, stable_pretraining.callbacks.cpu_offload) |   - bool at 'optimizer_states[0].param_groups[0].capturable'
18:30:51.434 | WARNING (693721, stable_pretraining.callbacks.cpu_offload) |   - bool at 'optimizer_states[0].param_groups[0].differentiable'
18:30:51.434 | WARNING (693721, stable_pretraining.callbacks.cpu_offload) | ... (105 more skipped) ...
18:30:51.434 | WARNING (693721, stable_pretraining.callbacks.cpu_offload) | Last 10 skipped objects:
18:30:51.434 | WARNING (693721, stable_pretraining.callbacks.cpu_offload) |   - int at 'lr_schedulers[0].warmup_steps'
18:30:51.434 | WARNING (693721, stable_pretraining.callbacks.cpu_offload) |   - int at 'lr_schedulers[0].max_steps'
18:30:51.434 | WARNING (693721, stable_pretraining.callbacks.cpu_offload) |   - float at 'lr_schedulers[0].warmup_start_lr'
18:30:51.434 | WARNING (693721, stable_pretraining.callbacks.cpu_offload) |   - float at 'lr_schedulers[0].eta_min'
18:30:51.434 | WARNING (693721, stable_pretraining.callbacks.cpu_offload) |   - float at 'lr_schedulers[0].base_lrs[0]'
18:30:51.434 | WARNING (693721, stable_pretraining.callbacks.cpu_offload) |   - int at 'lr_schedulers[0].last_epoch'
18:30:51.434 | WARNING (693721, stable_pretraining.callbacks.cpu_offload) |   - int at 'lr_schedulers[0]._step_count'
18:30:51.434 | WARNING (693721, stable_pretraining.callbacks.cpu_offload) |   - bool at 'lr_schedulers[0]._is_initial'
18:30:51.434 | WARNING (693721, stable_pretraining.callbacks.cpu_offload) |   - bool at 'lr_schedulers[0]._get_lr_called_within_step'
18:30:51.434 | WARNING (693721, stable_pretraining.callbacks.cpu_offload) |   - float at 'lr_schedulers[0]._last_lr[0]'
18:30:51.434 | INFO    (693721, stable_pretraining.callbacks.cpu_offload) | To see all 125 skipped objects, set log_skipped=True
18:30:51.434 | INFO    (693721, stable_pretraining.callbacks.cpu_offload) | GPU memory after offload:
18:30:51.434 | INFO    (693721, stable_pretraining.callbacks.cpu_offload) |   - Allocated: 0.03 GB
18:30:51.434 | INFO    (693721, stable_pretraining.callbacks.cpu_offload) |   - Reserved: 15.33 GB
18:30:51.434 | INFO    (693721, stable_pretraining.callbacks.cpu_offload) | GPU memory freed: 0.00 GB
18:30:51.435 | SUCCESS (693721, stable_pretraining.callbacks.cpu_offload) | CPUOffloadCallback: Checkpoint #3 completed in 0.01s
18:30:51.435 | INFO    (693721, stable_pretraining.callbacks.cpu_offload) | Successfully processed keys: ['state_dict', 'optimizer_states', 'lr_schedulers']
18:30:51.435 | INFO    (693721, stable_pretraining.callbacks.cpu_offload) | Cumulative stats:
18:30:51.435 | INFO    (693721, stable_pretraining.callbacks.cpu_offload) |   - Total checkpoints saved: 3
18:30:51.435 | INFO    (693721, stable_pretraining.callbacks.cpu_offload) |   - Total time in offload: 0.02s
18:30:51.435 | INFO    (693721, stable_pretraining.callbacks.cpu_offload) |   - Total memory freed: 0.00 GB
18:30:51.435 | INFO    (693721, stable_pretraining.callbacks.cpu_offload) |   - Average time per checkpoint: 0.01s
18:30:51.435 | INFO    (693721, stable_pretraining.callbacks.cpu_offload) | ============================================================
18:57:10.292 | WARNING (693721, stable_pretraining.module) | You are calling self.parameters which also gives callbacks parameters, to remove then, pass `with_callbacks=False`
18:57:59.783 | INFO    (693721, stable_pretraining.callbacks.trainer_info) | \n+----------------------------+---------------------+
|           Metric           |        Value        |
+----------------------------+---------------------+
|        [0;34;40mfit/ar_loss[0m         | [0;32;40m0.13268503546714783[0m |
|          [0;34;40mfit/loss[0m          |  [0;32;40m0.5691930055618286[0m |
|       [0;34;40mfit/pred_loss[0m        | [0;32;40m0.21958360075950623[0m |
|      [0;34;40mfit/sigreg_loss[0m       |       [0;32;40m2.328125[0m      |
|      [0;34;40mvalidate/ar_loss[0m      | [0;32;40m0.13251161575317383[0m |
|   [0;34;40mvalidate/ar_loss_epoch[0m   | [0;32;40m0.13251161575317383[0m |
|       [0;34;40mvalidate/loss[0m        |  [0;32;40m0.7815955281257629[0m |
|    [0;34;40mvalidate/loss_epoch[0m     |  [0;32;40m0.7815955281257629[0m |
|     [0;34;40mvalidate/pred_loss[0m     | [0;32;40m0.20892022550106049[0m |
|  [0;34;40mvalidate/pred_loss_epoch[0m  | [0;32;40m0.20892022550106049[0m |
|    [0;34;40mvalidate/sigreg_loss[0m    |   [0;32;40m3.81744384765625[0m  |
| [0;34;40mvalidate/sigreg_loss_epoch[0m |   [0;32;40m3.81744384765625[0m  |
+----------------------------+---------------------+
18:57:59.791 | INFO    (693721, stable_pretraining.callbacks.checkpoint_sklearn) | Checking for non PyTorch modules to save... 🔧
18:57:59.791 | INFO    (693721, stable_pretraining.callbacks.checkpoint_sklearn) | Checking for Wandb params to save... 🔧
18:57:59.791 | INFO    (693721, stable_pretraining.callbacks.checkpoint_sklearn) | Saving Wandb params {'id': 'zbpmvuo4'}
18:57:59.791 | INFO    (693721, stable_pretraining.callbacks.checkpoint_sklearn) | Checking for Wandb params to save... Done!
18:57:59.791 | INFO    (693721, stable_pretraining.callbacks.cpu_offload) | ============================================================
18:57:59.791 | INFO    (693721, stable_pretraining.callbacks.cpu_offload) | CPUOffloadCallback: Starting checkpoint CPU offload (#4)
18:57:59.791 | INFO    (693721, stable_pretraining.callbacks.cpu_offload) |   - Global step: 49228
18:57:59.791 | INFO    (693721, stable_pretraining.callbacks.cpu_offload) |   - Epoch: 3
18:57:59.791 | INFO    (693721, stable_pretraining.callbacks.cpu_offload) | Checkpoint contains 11 keys: ['callbacks', 'epoch', 'global_step', 'hparams_name', 'hyper_parameters', 'loops', 'lr_schedulers', 'optimizer_states', 'pytorch-lightning_version', 'state_dict', 'wandb']
18:57:59.791 | INFO    (693721, stable_pretraining.callbacks.cpu_offload) | GPU memory before offload:
18:57:59.791 | INFO    (693721, stable_pretraining.callbacks.cpu_offload) |   - Allocated: 0.03 GB
18:57:59.791 | INFO    (693721, stable_pretraining.callbacks.cpu_offload) |   - Reserved: 15.33 GB
18:57:59.792 | INFO    (693721, stable_pretraining.callbacks.cpu_offload) | Processing checkpoint key: 'state_dict'
18:57:59.793 | SUCCESS (693721, stable_pretraining.callbacks.cpu_offload) | ✓ Completed 'state_dict' in 0.00s
18:57:59.793 | INFO    (693721, stable_pretraining.callbacks.cpu_offload) | Processing checkpoint key: 'optimizer_states'
18:57:59.797 | SUCCESS (693721, stable_pretraining.callbacks.cpu_offload) | ✓ Completed 'optimizer_states' in 0.00s
18:57:59.797 | INFO    (693721, stable_pretraining.callbacks.cpu_offload) | Processing checkpoint key: 'lr_schedulers'
18:57:59.797 | SUCCESS (693721, stable_pretraining.callbacks.cpu_offload) | ✓ Completed 'lr_schedulers' in 0.00s
18:57:59.797 | WARNING (693721, stable_pretraining.callbacks.cpu_offload) | Skipped 125 custom object(s)
18:57:59.797 | WARNING (693721, stable_pretraining.callbacks.cpu_offload) | First 10 skipped objects:
18:57:59.797 | WARNING (693721, stable_pretraining.callbacks.cpu_offload) |   - float at 'optimizer_states[0].param_groups[0].lr'
18:57:59.797 | WARNING (693721, stable_pretraining.callbacks.cpu_offload) |   - float at 'optimizer_states[0].param_groups[0].betas[0]'
18:57:59.797 | WARNING (693721, stable_pretraining.callbacks.cpu_offload) |   - float at 'optimizer_states[0].param_groups[0].betas[1]'
18:57:59.797 | WARNING (693721, stable_pretraining.callbacks.cpu_offload) |   - float at 'optimizer_states[0].param_groups[0].eps'
18:57:59.797 | WARNING (693721, stable_pretraining.callbacks.cpu_offload) |   - float at 'optimizer_states[0].param_groups[0].weight_decay'
18:57:59.797 | WARNING (693721, stable_pretraining.callbacks.cpu_offload) |   - bool at 'optimizer_states[0].param_groups[0].amsgrad'
18:57:59.797 | WARNING (693721, stable_pretraining.callbacks.cpu_offload) |   - bool at 'optimizer_states[0].param_groups[0].maximize'
18:57:59.797 | WARNING (693721, stable_pretraining.callbacks.cpu_offload) |   - NoneType at 'optimizer_states[0].param_groups[0].foreach'
18:57:59.797 | WARNING (693721, stable_pretraining.callbacks.cpu_offload) |   - bool at 'optimizer_states[0].param_groups[0].capturable'
18:57:59.797 | WARNING (693721, stable_pretraining.callbacks.cpu_offload) |   - bool at 'optimizer_states[0].param_groups[0].differentiable'
18:57:59.797 | WARNING (693721, stable_pretraining.callbacks.cpu_offload) | ... (105 more skipped) ...
18:57:59.797 | WARNING (693721, stable_pretraining.callbacks.cpu_offload) | Last 10 skipped objects:
18:57:59.797 | WARNING (693721, stable_pretraining.callbacks.cpu_offload) |   - int at 'lr_schedulers[0].warmup_steps'
18:57:59.797 | WARNING (693721, stable_pretraining.callbacks.cpu_offload) |   - int at 'lr_schedulers[0].max_steps'
18:57:59.797 | WARNING (693721, stable_pretraining.callbacks.cpu_offload) |   - float at 'lr_schedulers[0].warmup_start_lr'
18:57:59.797 | WARNING (693721, stable_pretraining.callbacks.cpu_offload) |   - float at 'lr_schedulers[0].eta_min'
18:57:59.797 | WARNING (693721, stable_pretraining.callbacks.cpu_offload) |   - float at 'lr_schedulers[0].base_lrs[0]'
18:57:59.797 | WARNING (693721, stable_pretraining.callbacks.cpu_offload) |   - int at 'lr_schedulers[0].last_epoch'
18:57:59.797 | WARNING (693721, stable_pretraining.callbacks.cpu_offload) |   - int at 'lr_schedulers[0]._step_count'
18:57:59.797 | WARNING (693721, stable_pretraining.callbacks.cpu_offload) |   - bool at 'lr_schedulers[0]._is_initial'
18:57:59.797 | WARNING (693721, stable_pretraining.callbacks.cpu_offload) |   - bool at 'lr_schedulers[0]._get_lr_called_within_step'
18:57:59.797 | WARNING (693721, stable_pretraining.callbacks.cpu_offload) |   - float at 'lr_schedulers[0]._last_lr[0]'
18:57:59.797 | INFO    (693721, stable_pretraining.callbacks.cpu_offload) | To see all 125 skipped objects, set log_skipped=True
18:57:59.798 | INFO    (693721, stable_pretraining.callbacks.cpu_offload) | GPU memory after offload:
18:57:59.798 | INFO    (693721, stable_pretraining.callbacks.cpu_offload) |   - Allocated: 0.03 GB
18:57:59.798 | INFO    (693721, stable_pretraining.callbacks.cpu_offload) |   - Reserved: 15.33 GB
18:57:59.798 | INFO    (693721, stable_pretraining.callbacks.cpu_offload) | GPU memory freed: 0.00 GB
18:57:59.798 | SUCCESS (693721, stable_pretraining.callbacks.cpu_offload) | CPUOffloadCallback: Checkpoint #4 completed in 0.01s
18:57:59.798 | INFO    (693721, stable_pretraining.callbacks.cpu_offload) | Successfully processed keys: ['state_dict', 'optimizer_states', 'lr_schedulers']
18:57:59.798 | INFO    (693721, stable_pretraining.callbacks.cpu_offload) | Cumulative stats:
18:57:59.798 | INFO    (693721, stable_pretraining.callbacks.cpu_offload) |   - Total checkpoints saved: 4
18:57:59.798 | INFO    (693721, stable_pretraining.callbacks.cpu_offload) |   - Total time in offload: 0.03s
18:57:59.798 | INFO    (693721, stable_pretraining.callbacks.cpu_offload) |   - Total memory freed: 0.00 GB
18:57:59.798 | INFO    (693721, stable_pretraining.callbacks.cpu_offload) |   - Average time per checkpoint: 0.01s
18:57:59.798 | INFO    (693721, stable_pretraining.callbacks.cpu_offload) | ============================================================
19:24:18.681 | WARNING (693721, stable_pretraining.module) | You are calling self.parameters which also gives callbacks parameters, to remove then, pass `with_callbacks=False`
19:25:08.135 | INFO    (693721, stable_pretraining.callbacks.trainer_info) | \n+----------------------------+---------------------+
|           Metric           |        Value        |
+----------------------------+---------------------+
|        [0;34;40mfit/ar_loss[0m         | [0;32;40m0.11236189305782318[0m |
|          [0;34;40mfit/loss[0m          | [0;32;40m0.47650063037872314[0m |
|       [0;34;40mfit/pred_loss[0m        | [0;32;40m0.18743811547756195[0m |
|      [0;34;40mfit/sigreg_loss[0m       |      [0;32;40m1.9296875[0m      |
|      [0;34;40mvalidate/ar_loss[0m      | [0;32;40m0.11119949817657471[0m |
|   [0;34;40mvalidate/ar_loss_epoch[0m   | [0;32;40m0.11119949817657471[0m |
|       [0;34;40mvalidate/loss[0m        |  [0;32;40m0.7031539678573608[0m |
|    [0;34;40mvalidate/loss_epoch[0m     |  [0;32;40m0.7031539678573608[0m |
|     [0;34;40mvalidate/pred_loss[0m     | [0;32;40m0.17535310983657837[0m |
|  [0;34;40mvalidate/pred_loss_epoch[0m  | [0;32;40m0.17535310983657837[0m |
|    [0;34;40mvalidate/sigreg_loss[0m    |  [0;32;40m3.518922805786133[0m  |
| [0;34;40mvalidate/sigreg_loss_epoch[0m |  [0;32;40m3.518922805786133[0m  |
+----------------------------+---------------------+
19:25:08.143 | INFO    (693721, stable_pretraining.callbacks.checkpoint_sklearn) | Checking for non PyTorch modules to save... 🔧
19:25:08.143 | INFO    (693721, stable_pretraining.callbacks.checkpoint_sklearn) | Checking for Wandb params to save... 🔧
19:25:08.143 | INFO    (693721, stable_pretraining.callbacks.checkpoint_sklearn) | Saving Wandb params {'id': 'zbpmvuo4'}
19:25:08.143 | INFO    (693721, stable_pretraining.callbacks.checkpoint_sklearn) | Checking for Wandb params to save... Done!
19:25:08.143 | INFO    (693721, stable_pretraining.callbacks.cpu_offload) | ============================================================
19:25:08.143 | INFO    (693721, stable_pretraining.callbacks.cpu_offload) | CPUOffloadCallback: Starting checkpoint CPU offload (#5)
19:25:08.143 | INFO    (693721, stable_pretraining.callbacks.cpu_offload) |   - Global step: 61535
19:25:08.143 | INFO    (693721, stable_pretraining.callbacks.cpu_offload) |   - Epoch: 4
19:25:08.143 | INFO    (693721, stable_pretraining.callbacks.cpu_offload) | Checkpoint contains 11 keys: ['callbacks', 'epoch', 'global_step', 'hparams_name', 'hyper_parameters', 'loops', 'lr_schedulers', 'optimizer_states', 'pytorch-lightning_version', 'state_dict', 'wandb']
19:25:08.143 | INFO    (693721, stable_pretraining.callbacks.cpu_offload) | GPU memory before offload:
19:25:08.143 | INFO    (693721, stable_pretraining.callbacks.cpu_offload) |   - Allocated: 0.03 GB
19:25:08.144 | INFO    (693721, stable_pretraining.callbacks.cpu_offload) |   - Reserved: 15.33 GB
19:25:08.144 | INFO    (693721, stable_pretraining.callbacks.cpu_offload) | Processing checkpoint key: 'state_dict'
19:25:08.145 | SUCCESS (693721, stable_pretraining.callbacks.cpu_offload) | ✓ Completed 'state_dict' in 0.00s
19:25:08.145 | INFO    (693721, stable_pretraining.callbacks.cpu_offload) | Processing checkpoint key: 'optimizer_states'
19:25:08.149 | SUCCESS (693721, stable_pretraining.callbacks.cpu_offload) | ✓ Completed 'optimizer_states' in 0.00s
19:25:08.149 | INFO    (693721, stable_pretraining.callbacks.cpu_offload) | Processing checkpoint key: 'lr_schedulers'
19:25:08.149 | SUCCESS (693721, stable_pretraining.callbacks.cpu_offload) | ✓ Completed 'lr_schedulers' in 0.00s
19:25:08.149 | WARNING (693721, stable_pretraining.callbacks.cpu_offload) | Skipped 125 custom object(s)
19:25:08.149 | WARNING (693721, stable_pretraining.callbacks.cpu_offload) | First 10 skipped objects:
19:25:08.149 | WARNING (693721, stable_pretraining.callbacks.cpu_offload) |   - float at 'optimizer_states[0].param_groups[0].lr'
19:25:08.149 | WARNING (693721, stable_pretraining.callbacks.cpu_offload) |   - float at 'optimizer_states[0].param_groups[0].betas[0]'
19:25:08.149 | WARNING (693721, stable_pretraining.callbacks.cpu_offload) |   - float at 'optimizer_states[0].param_groups[0].betas[1]'
19:25:08.149 | WARNING (693721, stable_pretraining.callbacks.cpu_offload) |   - float at 'optimizer_states[0].param_groups[0].eps'
19:25:08.149 | WARNING (693721, stable_pretraining.callbacks.cpu_offload) |   - float at 'optimizer_states[0].param_groups[0].weight_decay'
19:25:08.149 | WARNING (693721, stable_pretraining.callbacks.cpu_offload) |   - bool at 'optimizer_states[0].param_groups[0].amsgrad'
19:25:08.149 | WARNING (693721, stable_pretraining.callbacks.cpu_offload) |   - bool at 'optimizer_states[0].param_groups[0].maximize'
19:25:08.149 | WARNING (693721, stable_pretraining.callbacks.cpu_offload) |   - NoneType at 'optimizer_states[0].param_groups[0].foreach'
19:25:08.149 | WARNING (693721, stable_pretraining.callbacks.cpu_offload) |   - bool at 'optimizer_states[0].param_groups[0].capturable'
19:25:08.149 | WARNING (693721, stable_pretraining.callbacks.cpu_offload) |   - bool at 'optimizer_states[0].param_groups[0].differentiable'
19:25:08.149 | WARNING (693721, stable_pretraining.callbacks.cpu_offload) | ... (105 more skipped) ...
19:25:08.149 | WARNING (693721, stable_pretraining.callbacks.cpu_offload) | Last 10 skipped objects:
19:25:08.149 | WARNING (693721, stable_pretraining.callbacks.cpu_offload) |   - int at 'lr_schedulers[0].warmup_steps'
19:25:08.149 | WARNING (693721, stable_pretraining.callbacks.cpu_offload) |   - int at 'lr_schedulers[0].max_steps'
19:25:08.149 | WARNING (693721, stable_pretraining.callbacks.cpu_offload) |   - float at 'lr_schedulers[0].warmup_start_lr'
19:25:08.150 | WARNING (693721, stable_pretraining.callbacks.cpu_offload) |   - float at 'lr_schedulers[0].eta_min'
19:25:08.150 | WARNING (693721, stable_pretraining.callbacks.cpu_offload) |   - float at 'lr_schedulers[0].base_lrs[0]'
19:25:08.150 | WARNING (693721, stable_pretraining.callbacks.cpu_offload) |   - int at 'lr_schedulers[0].last_epoch'
19:25:08.150 | WARNING (693721, stable_pretraining.callbacks.cpu_offload) |   - int at 'lr_schedulers[0]._step_count'
19:25:08.150 | WARNING (693721, stable_pretraining.callbacks.cpu_offload) |   - bool at 'lr_schedulers[0]._is_initial'
19:25:08.150 | WARNING (693721, stable_pretraining.callbacks.cpu_offload) |   - bool at 'lr_schedulers[0]._get_lr_called_within_step'
19:25:08.150 | WARNING (693721, stable_pretraining.callbacks.cpu_offload) |   - float at 'lr_schedulers[0]._last_lr[0]'
19:25:08.150 | INFO    (693721, stable_pretraining.callbacks.cpu_offload) | To see all 125 skipped objects, set log_skipped=True
19:25:08.150 | INFO    (693721, stable_pretraining.callbacks.cpu_offload) | GPU memory after offload:
19:25:08.150 | INFO    (693721, stable_pretraining.callbacks.cpu_offload) |   - Allocated: 0.03 GB
19:25:08.150 | INFO    (693721, stable_pretraining.callbacks.cpu_offload) |   - Reserved: 15.33 GB
19:25:08.150 | INFO    (693721, stable_pretraining.callbacks.cpu_offload) | GPU memory freed: 0.00 GB
19:25:08.150 | SUCCESS (693721, stable_pretraining.callbacks.cpu_offload) | CPUOffloadCallback: Checkpoint #5 completed in 0.01s
19:25:08.150 | INFO    (693721, stable_pretraining.callbacks.cpu_offload) | Successfully processed keys: ['state_dict', 'optimizer_states', 'lr_schedulers']
19:25:08.150 | INFO    (693721, stable_pretraining.callbacks.cpu_offload) | Cumulative stats:
19:25:08.150 | INFO    (693721, stable_pretraining.callbacks.cpu_offload) |   - Total checkpoints saved: 5
19:25:08.150 | INFO    (693721, stable_pretraining.callbacks.cpu_offload) |   - Total time in offload: 0.03s
19:25:08.150 | INFO    (693721, stable_pretraining.callbacks.cpu_offload) |   - Total memory freed: 0.00 GB
19:25:08.150 | INFO    (693721, stable_pretraining.callbacks.cpu_offload) |   - Average time per checkpoint: 0.01s
19:25:08.150 | INFO    (693721, stable_pretraining.callbacks.cpu_offload) | ============================================================
19:51:27.080 | WARNING (693721, stable_pretraining.module) | You are calling self.parameters which also gives callbacks parameters, to remove then, pass `with_callbacks=False`
[2026-04-24 19:52:16,551][root][INFO] - [HIProbe] Epoch 5 (seq_len=16, obs_window=1): encoding ...
[2026-04-24 19:52:16,819][root][INFO] - [HIProbe] Embedding std — min=0.6341  mean=0.9557  max=1.3465
[2026-04-24 19:52:16,819][root][INFO] - [HIProbe] Training TransformerProbe (max 150 epochs, patience=20) ...
[2026-04-24 19:52:16,889][root][INFO] - [HIProbe] probe dataset: train=28,312 windows, test=26,732 windows  (seq_len=16)
[2026-04-24 19:52:33,997][root][INFO] - [HIProbe] Early stop at probe epoch 53 (best mean RMSE=0.00275)
[2026-04-24 19:52:34,030][root][INFO] - 
[HIProbe] Epoch 5 | seq_len=16 — results
[2026-04-24 19:52:34,031][root][INFO] - ──────────────────────────────────────────────────────────────────
[2026-04-24 19:52:34,031][root][INFO] -   Component                           R²        RMSE   Pearson-r
[2026-04-24 19:52:34,031][root][INFO] - ──────────────────────────────────────────────────────────────────
[2026-04-24 19:52:34,031][root][INFO] -   HI_0                            0.1166     0.00264      0.4323
[2026-04-24 19:52:34,031][root][INFO] -   HI_1                           -0.8502     0.00438      0.0542
[2026-04-24 19:52:34,031][root][INFO] -   HI_2                           -0.9320     0.00558      0.1742
[2026-04-24 19:52:34,031][root][INFO] -   HI_3                            0.4032     0.00323      0.7331
[2026-04-24 19:52:34,031][root][INFO] -   HI_4                           -0.3374     0.00339      0.7067
[2026-04-24 19:52:34,031][root][INFO] -   HI_5                           -3.8307     0.00294      0.2413
[2026-04-24 19:52:34,031][root][INFO] -   HI_6                           -0.2767     0.00105      0.1134
[2026-04-24 19:52:34,031][root][INFO] -   HI_7                           -0.8749     0.00138     -0.0475
[2026-04-24 19:52:34,031][root][INFO] -   HI_8                            0.1502     0.00113      0.4127
[2026-04-24 19:52:34,031][root][INFO] -   HI_9                           -1.4703     0.00175      0.1537
[2026-04-24 19:52:34,031][root][INFO] - ──────────────────────────────────────────────────────────────────
[2026-04-24 19:52:34,031][root][INFO] -   MEAN                           -0.7902     0.00275      0.2974
[2026-04-24 19:52:34,031][root][INFO] - ──────────────────────────────────────────────────────────────────
[2026-04-24 19:52:34,031][root][INFO] - [HIProbe] Training Action-RUL probe (max_horizon=300) ...
[2026-04-24 19:52:34,100][root][INFO] - [HIProbe] Action-RUL probe dataset: train=28,312, test=26,732 windows
[2026-04-24 19:52:40,730][root][INFO] - [HIProbe] RUL early stop at probe epoch 21
[2026-04-24 19:52:40,752][root][INFO] - [HIProbe] Action-RUL evaluation: 26732/26732 (100.0%) uncensored test samples (tau < 300)
[2026-04-24 19:52:40,759][root][INFO] - [HIProbe] Action-RUL — RMSE=26.75 steps  MAE=21.84 steps  R2=-0.0831  Pearson=0.0257
[2026-04-24 19:52:40,759][root][INFO] - [HIProbe] Appended to hi_probe_metrics.csv
[2026-04-24 19:52:40,760][root][INFO] - [HIProbe] Logged 38 metrics to wandb.
19:52:40.771 | INFO    (693721, stable_pretraining.callbacks.trainer_info) | \n+-----------------------------------+-----------------------+
|               Metric              |         Value         |
+-----------------------------------+-----------------------+
|            [0;34;40mfit/ar_loss[0m            |  [0;32;40m0.10414385795593262[0m  |
|              [0;34;40mfit/loss[0m             |  [0;32;40m0.45395225286483765[0m  |
|           [0;34;40mfit/pred_loss[0m           |  [0;32;40m0.17465537786483765[0m  |
|          [0;34;40mfit/sigreg_loss[0m          |       [0;32;40m1.8671875[0m       |
|    [0;34;40mhi_probe/sl16/HI_0/pearson_r[0m   |  [0;32;40m0.43233150243759155[0m  |
|       [0;34;40mhi_probe/sl16/HI_0/r2[0m       |  [0;32;40m0.11663228273391724[0m  |
|      [0;34;40mhi_probe/sl16/HI_0/rmse[0m      | [0;32;40m0.0026448171120136976[0m |
|    [0;34;40mhi_probe/sl16/HI_1/pearson_r[0m   |  [0;32;40m0.05415584146976471[0m  |
|       [0;34;40mhi_probe/sl16/HI_1/r2[0m       |  [0;32;40m-0.8502460718154907[0m  |
|      [0;34;40mhi_probe/sl16/HI_1/rmse[0m      |  [0;32;40m0.004375107120722532[0m |
|    [0;34;40mhi_probe/sl16/HI_2/pearson_r[0m   |   [0;32;40m0.1741853654384613[0m  |
|       [0;34;40mhi_probe/sl16/HI_2/r2[0m       |  [0;32;40m-0.9320416450500488[0m  |
|      [0;34;40mhi_probe/sl16/HI_2/rmse[0m      |  [0;32;40m0.005576840601861477[0m |
|    [0;34;40mhi_probe/sl16/HI_3/pearson_r[0m   |   [0;32;40m0.7331022024154663[0m  |
|       [0;34;40mhi_probe/sl16/HI_3/r2[0m       |   [0;32;40m0.4031795859336853[0m  |
|      [0;34;40mhi_probe/sl16/HI_3/rmse[0m      | [0;32;40m0.0032280893065035343[0m |
|    [0;34;40mhi_probe/sl16/HI_4/pearson_r[0m   |   [0;32;40m0.7066980004310608[0m  |
|       [0;34;40mhi_probe/sl16/HI_4/r2[0m       |  [0;32;40m-0.33743464946746826[0m |
|      [0;34;40mhi_probe/sl16/HI_4/rmse[0m      |  [0;32;40m0.003385653020814061[0m |
|    [0;34;40mhi_probe/sl16/HI_5/pearson_r[0m   |  [0;32;40m0.24131067097187042[0m  |
|       [0;34;40mhi_probe/sl16/HI_5/r2[0m       |  [0;32;40m-3.8306565284729004[0m  |
|      [0;34;40mhi_probe/sl16/HI_5/rmse[0m      |  [0;32;40m0.002941915299743414[0m |
|    [0;34;40mhi_probe/sl16/HI_6/pearson_r[0m   |  [0;32;40m0.11335630714893341[0m  |
|       [0;34;40mhi_probe/sl16/HI_6/r2[0m       |  [0;32;40m-0.2766798734664917[0m  |
|      [0;34;40mhi_probe/sl16/HI_6/rmse[0m      | [0;32;40m0.0010512437438592315[0m |
|    [0;34;40mhi_probe/sl16/HI_7/pearson_r[0m   | [0;32;40m-0.047544773668050766[0m |
|       [0;34;40mhi_probe/sl16/HI_7/r2[0m       |  [0;32;40m-0.8749011754989624[0m  |
|      [0;34;40mhi_probe/sl16/HI_7/rmse[0m      | [0;32;40m0.0013846835354343057[0m |
|    [0;34;40mhi_probe/sl16/HI_8/pearson_r[0m   |  [0;32;40m0.41271916031837463[0m  |
|       [0;34;40mhi_probe/sl16/HI_8/r2[0m       |  [0;32;40m0.15023893117904663[0m  |
|      [0;34;40mhi_probe/sl16/HI_8/rmse[0m      |  [0;32;40m0.001128400326706469[0m |
|    [0;34;40mhi_probe/sl16/HI_9/pearson_r[0m   |  [0;32;40m0.15371859073638916[0m  |
|       [0;34;40mhi_probe/sl16/HI_9/r2[0m       |  [0;32;40m-1.4703214168548584[0m  |
|      [0;34;40mhi_probe/sl16/HI_9/rmse[0m      | [0;32;40m0.0017481684917584062[0m |
|    [0;34;40mhi_probe/sl16/mean_pearson_r[0m   |   [0;32;40m0.2974032759666443[0m  |
|       [0;34;40mhi_probe/sl16/mean_r2[0m       |  [0;32;40m-0.7902230620384216[0m  |
|      [0;34;40mhi_probe/sl16/mean_rmse[0m      |  [0;32;40m0.002746491925790906[0m |
| [0;34;40mhi_probe/sl16/rul/frac_uncensored[0m |          [0;32;40m1.0[0m          |
|       [0;34;40mhi_probe/sl16/rul/mae[0m       |   [0;32;40m21.839717864990234[0m  |
|    [0;34;40mhi_probe/sl16/rul/pearson_r[0m    |  [0;32;40m0.025663364678621292[0m |
|        [0;34;40mhi_probe/sl16/rul/r2[0m       |  [0;32;40m-0.08310222625732422[0m |
|       [0;34;40mhi_probe/sl16/rul/rmse[0m      |   [0;32;40m26.752153396606445[0m  |
|          [0;34;40mvalidate/ar_loss[0m         |  [0;32;40m0.10121063888072968[0m  |
|       [0;34;40mvalidate/ar_loss_epoch[0m      |  [0;32;40m0.10121063888072968[0m  |
|           [0;34;40mvalidate/loss[0m           |   [0;32;40m0.6438380479812622[0m  |
|        [0;34;40mvalidate/loss_epoch[0m        |   [0;32;40m0.6438380479812622[0m  |
|         [0;34;40mvalidate/pred_loss[0m        |   [0;32;40m0.1599845141172409[0m  |
|      [0;34;40mvalidate/pred_loss_epoch[0m     |   [0;32;40m0.1599845141172409[0m  |
|        [0;34;40mvalidate/sigreg_loss[0m       |   [0;32;40m3.226125717163086[0m   |
|     [0;34;40mvalidate/sigreg_loss_epoch[0m    |   [0;32;40m3.226125717163086[0m   |
+-----------------------------------+-----------------------+
19:52:40.780 | INFO    (693721, stable_pretraining.callbacks.checkpoint_sklearn) | Checking for non PyTorch modules to save... 🔧
19:52:40.780 | INFO    (693721, stable_pretraining.callbacks.checkpoint_sklearn) | Checking for Wandb params to save... 🔧
19:52:40.780 | INFO    (693721, stable_pretraining.callbacks.checkpoint_sklearn) | Saving Wandb params {'id': 'zbpmvuo4'}
19:52:40.780 | INFO    (693721, stable_pretraining.callbacks.checkpoint_sklearn) | Checking for Wandb params to save... Done!
19:52:40.780 | INFO    (693721, stable_pretraining.callbacks.cpu_offload) | ============================================================
19:52:40.780 | INFO    (693721, stable_pretraining.callbacks.cpu_offload) | CPUOffloadCallback: Starting checkpoint CPU offload (#6)
19:52:40.780 | INFO    (693721, stable_pretraining.callbacks.cpu_offload) |   - Global step: 73842
19:52:40.780 | INFO    (693721, stable_pretraining.callbacks.cpu_offload) |   - Epoch: 5
19:52:40.780 | INFO    (693721, stable_pretraining.callbacks.cpu_offload) | Checkpoint contains 11 keys: ['callbacks', 'epoch', 'global_step', 'hparams_name', 'hyper_parameters', 'loops', 'lr_schedulers', 'optimizer_states', 'pytorch-lightning_version', 'state_dict', 'wandb']
19:52:40.780 | INFO    (693721, stable_pretraining.callbacks.cpu_offload) | GPU memory before offload:
19:52:40.781 | INFO    (693721, stable_pretraining.callbacks.cpu_offload) |   - Allocated: 0.03 GB
19:52:40.781 | INFO    (693721, stable_pretraining.callbacks.cpu_offload) |   - Reserved: 15.33 GB
19:52:40.781 | INFO    (693721, stable_pretraining.callbacks.cpu_offload) | Processing checkpoint key: 'state_dict'
19:52:40.782 | SUCCESS (693721, stable_pretraining.callbacks.cpu_offload) | ✓ Completed 'state_dict' in 0.00s
19:52:40.782 | INFO    (693721, stable_pretraining.callbacks.cpu_offload) | Processing checkpoint key: 'optimizer_states'
19:52:40.785 | SUCCESS (693721, stable_pretraining.callbacks.cpu_offload) | ✓ Completed 'optimizer_states' in 0.00s
19:52:40.785 | INFO    (693721, stable_pretraining.callbacks.cpu_offload) | Processing checkpoint key: 'lr_schedulers'
19:52:40.785 | SUCCESS (693721, stable_pretraining.callbacks.cpu_offload) | ✓ Completed 'lr_schedulers' in 0.00s
19:52:40.785 | WARNING (693721, stable_pretraining.callbacks.cpu_offload) | Skipped 125 custom object(s)
19:52:40.785 | WARNING (693721, stable_pretraining.callbacks.cpu_offload) | First 10 skipped objects:
19:52:40.785 | WARNING (693721, stable_pretraining.callbacks.cpu_offload) |   - float at 'optimizer_states[0].param_groups[0].lr'
19:52:40.785 | WARNING (693721, stable_pretraining.callbacks.cpu_offload) |   - float at 'optimizer_states[0].param_groups[0].betas[0]'
19:52:40.785 | WARNING (693721, stable_pretraining.callbacks.cpu_offload) |   - float at 'optimizer_states[0].param_groups[0].betas[1]'
19:52:40.785 | WARNING (693721, stable_pretraining.callbacks.cpu_offload) |   - float at 'optimizer_states[0].param_groups[0].eps'
19:52:40.785 | WARNING (693721, stable_pretraining.callbacks.cpu_offload) |   - float at 'optimizer_states[0].param_groups[0].weight_decay'
19:52:40.785 | WARNING (693721, stable_pretraining.callbacks.cpu_offload) |   - bool at 'optimizer_states[0].param_groups[0].amsgrad'
19:52:40.785 | WARNING (693721, stable_pretraining.callbacks.cpu_offload) |   - bool at 'optimizer_states[0].param_groups[0].maximize'
19:52:40.785 | WARNING (693721, stable_pretraining.callbacks.cpu_offload) |   - NoneType at 'optimizer_states[0].param_groups[0].foreach'
19:52:40.785 | WARNING (693721, stable_pretraining.callbacks.cpu_offload) |   - bool at 'optimizer_states[0].param_groups[0].capturable'
19:52:40.785 | WARNING (693721, stable_pretraining.callbacks.cpu_offload) |   - bool at 'optimizer_states[0].param_groups[0].differentiable'
19:52:40.785 | WARNING (693721, stable_pretraining.callbacks.cpu_offload) | ... (105 more skipped) ...
19:52:40.785 | WARNING (693721, stable_pretraining.callbacks.cpu_offload) | Last 10 skipped objects:
19:52:40.785 | WARNING (693721, stable_pretraining.callbacks.cpu_offload) |   - int at 'lr_schedulers[0].warmup_steps'
19:52:40.785 | WARNING (693721, stable_pretraining.callbacks.cpu_offload) |   - int at 'lr_schedulers[0].max_steps'
19:52:40.785 | WARNING (693721, stable_pretraining.callbacks.cpu_offload) |   - float at 'lr_schedulers[0].warmup_start_lr'
19:52:40.786 | WARNING (693721, stable_pretraining.callbacks.cpu_offload) |   - float at 'lr_schedulers[0].eta_min'
19:52:40.786 | WARNING (693721, stable_pretraining.callbacks.cpu_offload) |   - float at 'lr_schedulers[0].base_lrs[0]'
19:52:40.786 | WARNING (693721, stable_pretraining.callbacks.cpu_offload) |   - int at 'lr_schedulers[0].last_epoch'
19:52:40.786 | WARNING (693721, stable_pretraining.callbacks.cpu_offload) |   - int at 'lr_schedulers[0]._step_count'
19:52:40.786 | WARNING (693721, stable_pretraining.callbacks.cpu_offload) |   - bool at 'lr_schedulers[0]._is_initial'
19:52:40.786 | WARNING (693721, stable_pretraining.callbacks.cpu_offload) |   - bool at 'lr_schedulers[0]._get_lr_called_within_step'
19:52:40.786 | WARNING (693721, stable_pretraining.callbacks.cpu_offload) |   - float at 'lr_schedulers[0]._last_lr[0]'
19:52:40.786 | INFO    (693721, stable_pretraining.callbacks.cpu_offload) | To see all 125 skipped objects, set log_skipped=True
19:52:40.786 | INFO    (693721, stable_pretraining.callbacks.cpu_offload) | GPU memory after offload:
19:52:40.786 | INFO    (693721, stable_pretraining.callbacks.cpu_offload) |   - Allocated: 0.03 GB
19:52:40.786 | INFO    (693721, stable_pretraining.callbacks.cpu_offload) |   - Reserved: 15.33 GB
19:52:40.786 | INFO    (693721, stable_pretraining.callbacks.cpu_offload) | GPU memory freed: 0.00 GB
19:52:40.786 | SUCCESS (693721, stable_pretraining.callbacks.cpu_offload) | CPUOffloadCallback: Checkpoint #6 completed in 0.01s
19:52:40.786 | INFO    (693721, stable_pretraining.callbacks.cpu_offload) | Successfully processed keys: ['state_dict', 'optimizer_states', 'lr_schedulers']
19:52:40.786 | INFO    (693721, stable_pretraining.callbacks.cpu_offload) | Cumulative stats:
19:52:40.786 | INFO    (693721, stable_pretraining.callbacks.cpu_offload) |   - Total checkpoints saved: 6
19:52:40.786 | INFO    (693721, stable_pretraining.callbacks.cpu_offload) |   - Total time in offload: 0.04s
19:52:40.786 | INFO    (693721, stable_pretraining.callbacks.cpu_offload) |   - Total memory freed: 0.00 GB
19:52:40.786 | INFO    (693721, stable_pretraining.callbacks.cpu_offload) |   - Average time per checkpoint: 0.01s
19:52:40.786 | INFO    (693721, stable_pretraining.callbacks.cpu_offload) | ============================================================
20:18:59.942 | WARNING (693721, stable_pretraining.module) | You are calling self.parameters which also gives callbacks parameters, to remove then, pass `with_callbacks=False`
20:19:49.518 | INFO    (693721, stable_pretraining.callbacks.trainer_info) | \n+-----------------------------------+-----------------------+
|               Metric              |         Value         |
+-----------------------------------+-----------------------+
|            [0;34;40mfit/ar_loss[0m            |   [0;32;40m0.0936507135629654[0m  |
|              [0;34;40mfit/loss[0m             |   [0;32;40m0.4361551105976105[0m  |
|           [0;34;40mfit/pred_loss[0m           |  [0;32;40m0.15685823559761047[0m  |
|          [0;34;40mfit/sigreg_loss[0m          |       [0;32;40m1.8671875[0m       |
|    [0;34;40mhi_probe/sl16/HI_0/pearson_r[0m   |  [0;32;40m0.43233150243759155[0m  |
|       [0;34;40mhi_probe/sl16/HI_0/r2[0m       |  [0;32;40m0.11663228273391724[0m  |
|      [0;34;40mhi_probe/sl16/HI_0/rmse[0m      | [0;32;40m0.0026448171120136976[0m |
|    [0;34;40mhi_probe/sl16/HI_1/pearson_r[0m   |  [0;32;40m0.05415584146976471[0m  |
|       [0;34;40mhi_probe/sl16/HI_1/r2[0m       |  [0;32;40m-0.8502460718154907[0m  |
|      [0;34;40mhi_probe/sl16/HI_1/rmse[0m      |  [0;32;40m0.004375107120722532[0m |
|    [0;34;40mhi_probe/sl16/HI_2/pearson_r[0m   |   [0;32;40m0.1741853654384613[0m  |
|       [0;34;40mhi_probe/sl16/HI_2/r2[0m       |  [0;32;40m-0.9320416450500488[0m  |
|      [0;34;40mhi_probe/sl16/HI_2/rmse[0m      |  [0;32;40m0.005576840601861477[0m |
|    [0;34;40mhi_probe/sl16/HI_3/pearson_r[0m   |   [0;32;40m0.7331022024154663[0m  |
|       [0;34;40mhi_probe/sl16/HI_3/r2[0m       |   [0;32;40m0.4031795859336853[0m  |
|      [0;34;40mhi_probe/sl16/HI_3/rmse[0m      | [0;32;40m0.0032280893065035343[0m |
|    [0;34;40mhi_probe/sl16/HI_4/pearson_r[0m   |   [0;32;40m0.7066980004310608[0m  |
|       [0;34;40mhi_probe/sl16/HI_4/r2[0m       |  [0;32;40m-0.33743464946746826[0m |
|      [0;34;40mhi_probe/sl16/HI_4/rmse[0m      |  [0;32;40m0.003385653020814061[0m |
|    [0;34;40mhi_probe/sl16/HI_5/pearson_r[0m   |  [0;32;40m0.24131067097187042[0m  |
|       [0;34;40mhi_probe/sl16/HI_5/r2[0m       |  [0;32;40m-3.8306565284729004[0m  |
|      [0;34;40mhi_probe/sl16/HI_5/rmse[0m      |  [0;32;40m0.002941915299743414[0m |
|    [0;34;40mhi_probe/sl16/HI_6/pearson_r[0m   |  [0;32;40m0.11335630714893341[0m  |
|       [0;34;40mhi_probe/sl16/HI_6/r2[0m       |  [0;32;40m-0.2766798734664917[0m  |
|      [0;34;40mhi_probe/sl16/HI_6/rmse[0m      | [0;32;40m0.0010512437438592315[0m |
|    [0;34;40mhi_probe/sl16/HI_7/pearson_r[0m   | [0;32;40m-0.047544773668050766[0m |
|       [0;34;40mhi_probe/sl16/HI_7/r2[0m       |  [0;32;40m-0.8749011754989624[0m  |
|      [0;34;40mhi_probe/sl16/HI_7/rmse[0m      | [0;32;40m0.0013846835354343057[0m |
|    [0;34;40mhi_probe/sl16/HI_8/pearson_r[0m   |  [0;32;40m0.41271916031837463[0m  |
|       [0;34;40mhi_probe/sl16/HI_8/r2[0m       |  [0;32;40m0.15023893117904663[0m  |
|      [0;34;40mhi_probe/sl16/HI_8/rmse[0m      |  [0;32;40m0.001128400326706469[0m |
|    [0;34;40mhi_probe/sl16/HI_9/pearson_r[0m   |  [0;32;40m0.15371859073638916[0m  |
|       [0;34;40mhi_probe/sl16/HI_9/r2[0m       |  [0;32;40m-1.4703214168548584[0m  |
|      [0;34;40mhi_probe/sl16/HI_9/rmse[0m      | [0;32;40m0.0017481684917584062[0m |
|    [0;34;40mhi_probe/sl16/mean_pearson_r[0m   |   [0;32;40m0.2974032759666443[0m  |
|       [0;34;40mhi_probe/sl16/mean_r2[0m       |  [0;32;40m-0.7902230620384216[0m  |
|      [0;34;40mhi_probe/sl16/mean_rmse[0m      |  [0;32;40m0.002746491925790906[0m |
| [0;34;40mhi_probe/sl16/rul/frac_uncensored[0m |          [0;32;40m1.0[0m          |
|       [0;34;40mhi_probe/sl16/rul/mae[0m       |   [0;32;40m21.839717864990234[0m  |
|    [0;34;40mhi_probe/sl16/rul/pearson_r[0m    |  [0;32;40m0.025663364678621292[0m |
|        [0;34;40mhi_probe/sl16/rul/r2[0m       |  [0;32;40m-0.08310222625732422[0m |
|       [0;34;40mhi_probe/sl16/rul/rmse[0m      |   [0;32;40m26.752153396606445[0m  |
|          [0;34;40mvalidate/ar_loss[0m         |   [0;32;40m0.0954568162560463[0m  |
|       [0;34;40mvalidate/ar_loss_epoch[0m      |   [0;32;40m0.0954568162560463[0m  |
|           [0;34;40mvalidate/loss[0m           |   [0;32;40m0.6171525120735168[0m  |
|        [0;34;40mvalidate/loss_epoch[0m        |   [0;32;40m0.6171525120735168[0m  |
|         [0;34;40mvalidate/pred_loss[0m        |  [0;32;40m0.15125225484371185[0m  |
|      [0;34;40mvalidate/pred_loss_epoch[0m     |  [0;32;40m0.15125225484371185[0m  |
|        [0;34;40mvalidate/sigreg_loss[0m       |   [0;32;40m3.1060028076171875[0m  |
|     [0;34;40mvalidate/sigreg_loss_epoch[0m    |   [0;32;40m3.1060028076171875[0m  |
+-----------------------------------+-----------------------+
20:19:49.527 | INFO    (693721, stable_pretraining.callbacks.checkpoint_sklearn) | Checking for non PyTorch modules to save... 🔧
20:19:49.527 | INFO    (693721, stable_pretraining.callbacks.checkpoint_sklearn) | Checking for Wandb params to save... 🔧
20:19:49.527 | INFO    (693721, stable_pretraining.callbacks.checkpoint_sklearn) | Saving Wandb params {'id': 'zbpmvuo4'}
20:19:49.527 | INFO    (693721, stable_pretraining.callbacks.checkpoint_sklearn) | Checking for Wandb params to save... Done!
20:19:49.527 | INFO    (693721, stable_pretraining.callbacks.cpu_offload) | ============================================================
20:19:49.527 | INFO    (693721, stable_pretraining.callbacks.cpu_offload) | CPUOffloadCallback: Starting checkpoint CPU offload (#7)
20:19:49.527 | INFO    (693721, stable_pretraining.callbacks.cpu_offload) |   - Global step: 86149
20:19:49.527 | INFO    (693721, stable_pretraining.callbacks.cpu_offload) |   - Epoch: 6
20:19:49.527 | INFO    (693721, stable_pretraining.callbacks.cpu_offload) | Checkpoint contains 11 keys: ['callbacks', 'epoch', 'global_step', 'hparams_name', 'hyper_parameters', 'loops', 'lr_schedulers', 'optimizer_states', 'pytorch-lightning_version', 'state_dict', 'wandb']
20:19:49.528 | INFO    (693721, stable_pretraining.callbacks.cpu_offload) | GPU memory before offload:
20:19:49.528 | INFO    (693721, stable_pretraining.callbacks.cpu_offload) |   - Allocated: 0.03 GB
20:19:49.528 | INFO    (693721, stable_pretraining.callbacks.cpu_offload) |   - Reserved: 15.33 GB
20:19:49.528 | INFO    (693721, stable_pretraining.callbacks.cpu_offload) | Processing checkpoint key: 'state_dict'
20:19:49.530 | SUCCESS (693721, stable_pretraining.callbacks.cpu_offload) | ✓ Completed 'state_dict' in 0.00s
20:19:49.530 | INFO    (693721, stable_pretraining.callbacks.cpu_offload) | Processing checkpoint key: 'optimizer_states'
20:19:49.533 | SUCCESS (693721, stable_pretraining.callbacks.cpu_offload) | ✓ Completed 'optimizer_states' in 0.00s
20:19:49.533 | INFO    (693721, stable_pretraining.callbacks.cpu_offload) | Processing checkpoint key: 'lr_schedulers'
20:19:49.533 | SUCCESS (693721, stable_pretraining.callbacks.cpu_offload) | ✓ Completed 'lr_schedulers' in 0.00s
20:19:49.533 | WARNING (693721, stable_pretraining.callbacks.cpu_offload) | Skipped 125 custom object(s)
20:19:49.533 | WARNING (693721, stable_pretraining.callbacks.cpu_offload) | First 10 skipped objects:
20:19:49.533 | WARNING (693721, stable_pretraining.callbacks.cpu_offload) |   - float at 'optimizer_states[0].param_groups[0].lr'
20:19:49.533 | WARNING (693721, stable_pretraining.callbacks.cpu_offload) |   - float at 'optimizer_states[0].param_groups[0].betas[0]'
20:19:49.533 | WARNING (693721, stable_pretraining.callbacks.cpu_offload) |   - float at 'optimizer_states[0].param_groups[0].betas[1]'
20:19:49.533 | WARNING (693721, stable_pretraining.callbacks.cpu_offload) |   - float at 'optimizer_states[0].param_groups[0].eps'
20:19:49.533 | WARNING (693721, stable_pretraining.callbacks.cpu_offload) |   - float at 'optimizer_states[0].param_groups[0].weight_decay'
20:19:49.533 | WARNING (693721, stable_pretraining.callbacks.cpu_offload) |   - bool at 'optimizer_states[0].param_groups[0].amsgrad'
20:19:49.533 | WARNING (693721, stable_pretraining.callbacks.cpu_offload) |   - bool at 'optimizer_states[0].param_groups[0].maximize'
20:19:49.533 | WARNING (693721, stable_pretraining.callbacks.cpu_offload) |   - NoneType at 'optimizer_states[0].param_groups[0].foreach'
20:19:49.534 | WARNING (693721, stable_pretraining.callbacks.cpu_offload) |   - bool at 'optimizer_states[0].param_groups[0].capturable'
20:19:49.534 | WARNING (693721, stable_pretraining.callbacks.cpu_offload) |   - bool at 'optimizer_states[0].param_groups[0].differentiable'
20:19:49.534 | WARNING (693721, stable_pretraining.callbacks.cpu_offload) | ... (105 more skipped) ...
20:19:49.534 | WARNING (693721, stable_pretraining.callbacks.cpu_offload) | Last 10 skipped objects:
20:19:49.534 | WARNING (693721, stable_pretraining.callbacks.cpu_offload) |   - int at 'lr_schedulers[0].warmup_steps'
20:19:49.534 | WARNING (693721, stable_pretraining.callbacks.cpu_offload) |   - int at 'lr_schedulers[0].max_steps'
20:19:49.534 | WARNING (693721, stable_pretraining.callbacks.cpu_offload) |   - float at 'lr_schedulers[0].warmup_start_lr'
20:19:49.534 | WARNING (693721, stable_pretraining.callbacks.cpu_offload) |   - float at 'lr_schedulers[0].eta_min'
20:19:49.534 | WARNING (693721, stable_pretraining.callbacks.cpu_offload) |   - float at 'lr_schedulers[0].base_lrs[0]'
20:19:49.534 | WARNING (693721, stable_pretraining.callbacks.cpu_offload) |   - int at 'lr_schedulers[0].last_epoch'
20:19:49.534 | WARNING (693721, stable_pretraining.callbacks.cpu_offload) |   - int at 'lr_schedulers[0]._step_count'
20:19:49.534 | WARNING (693721, stable_pretraining.callbacks.cpu_offload) |   - bool at 'lr_schedulers[0]._is_initial'
20:19:49.534 | WARNING (693721, stable_pretraining.callbacks.cpu_offload) |   - bool at 'lr_schedulers[0]._get_lr_called_within_step'
20:19:49.534 | WARNING (693721, stable_pretraining.callbacks.cpu_offload) |   - float at 'lr_schedulers[0]._last_lr[0]'
20:19:49.534 | INFO    (693721, stable_pretraining.callbacks.cpu_offload) | To see all 125 skipped objects, set log_skipped=True
20:19:49.534 | INFO    (693721, stable_pretraining.callbacks.cpu_offload) | GPU memory after offload:
20:19:49.534 | INFO    (693721, stable_pretraining.callbacks.cpu_offload) |   - Allocated: 0.03 GB
20:19:49.535 | INFO    (693721, stable_pretraining.callbacks.cpu_offload) |   - Reserved: 15.33 GB
20:19:49.535 | INFO    (693721, stable_pretraining.callbacks.cpu_offload) | GPU memory freed: 0.00 GB
20:19:49.535 | SUCCESS (693721, stable_pretraining.callbacks.cpu_offload) | CPUOffloadCallback: Checkpoint #7 completed in 0.01s
20:19:49.535 | INFO    (693721, stable_pretraining.callbacks.cpu_offload) | Successfully processed keys: ['state_dict', 'optimizer_states', 'lr_schedulers']
20:19:49.535 | INFO    (693721, stable_pretraining.callbacks.cpu_offload) | Cumulative stats:
20:19:49.535 | INFO    (693721, stable_pretraining.callbacks.cpu_offload) |   - Total checkpoints saved: 7
20:19:49.535 | INFO    (693721, stable_pretraining.callbacks.cpu_offload) |   - Total time in offload: 0.05s
20:19:49.535 | INFO    (693721, stable_pretraining.callbacks.cpu_offload) |   - Total memory freed: 0.00 GB
20:19:49.535 | INFO    (693721, stable_pretraining.callbacks.cpu_offload) |   - Average time per checkpoint: 0.01s
20:19:49.535 | INFO    (693721, stable_pretraining.callbacks.cpu_offload) | ============================================================
20:46:08.609 | WARNING (693721, stable_pretraining.module) | You are calling self.parameters which also gives callbacks parameters, to remove then, pass `with_callbacks=False`
20:46:58.211 | INFO    (693721, stable_pretraining.callbacks.trainer_info) | \n+-----------------------------------+-----------------------+
|               Metric              |         Value         |
+-----------------------------------+-----------------------+
|            [0;34;40mfit/ar_loss[0m            |  [0;32;40m0.09355121850967407[0m  |
|              [0;34;40mfit/loss[0m             |  [0;32;40m0.42576754093170166[0m  |
|           [0;34;40mfit/pred_loss[0m           |  [0;32;40m0.15428316593170166[0m  |
|          [0;34;40mfit/sigreg_loss[0m          |       [0;32;40m1.8046875[0m       |
|    [0;34;40mhi_probe/sl16/HI_0/pearson_r[0m   |  [0;32;40m0.43233150243759155[0m  |
|       [0;34;40mhi_probe/sl16/HI_0/r2[0m       |  [0;32;40m0.11663228273391724[0m  |
|      [0;34;40mhi_probe/sl16/HI_0/rmse[0m      | [0;32;40m0.0026448171120136976[0m |
|    [0;34;40mhi_probe/sl16/HI_1/pearson_r[0m   |  [0;32;40m0.05415584146976471[0m  |
|       [0;34;40mhi_probe/sl16/HI_1/r2[0m       |  [0;32;40m-0.8502460718154907[0m  |
|      [0;34;40mhi_probe/sl16/HI_1/rmse[0m      |  [0;32;40m0.004375107120722532[0m |
|    [0;34;40mhi_probe/sl16/HI_2/pearson_r[0m   |   [0;32;40m0.1741853654384613[0m  |
|       [0;34;40mhi_probe/sl16/HI_2/r2[0m       |  [0;32;40m-0.9320416450500488[0m  |
|      [0;34;40mhi_probe/sl16/HI_2/rmse[0m      |  [0;32;40m0.005576840601861477[0m |
|    [0;34;40mhi_probe/sl16/HI_3/pearson_r[0m   |   [0;32;40m0.7331022024154663[0m  |
|       [0;34;40mhi_probe/sl16/HI_3/r2[0m       |   [0;32;40m0.4031795859336853[0m  |
|      [0;34;40mhi_probe/sl16/HI_3/rmse[0m      | [0;32;40m0.0032280893065035343[0m |
|    [0;34;40mhi_probe/sl16/HI_4/pearson_r[0m   |   [0;32;40m0.7066980004310608[0m  |
|       [0;34;40mhi_probe/sl16/HI_4/r2[0m       |  [0;32;40m-0.33743464946746826[0m |
|      [0;34;40mhi_probe/sl16/HI_4/rmse[0m      |  [0;32;40m0.003385653020814061[0m |
|    [0;34;40mhi_probe/sl16/HI_5/pearson_r[0m   |  [0;32;40m0.24131067097187042[0m  |
|       [0;34;40mhi_probe/sl16/HI_5/r2[0m       |  [0;32;40m-3.8306565284729004[0m  |
|      [0;34;40mhi_probe/sl16/HI_5/rmse[0m      |  [0;32;40m0.002941915299743414[0m |
|    [0;34;40mhi_probe/sl16/HI_6/pearson_r[0m   |  [0;32;40m0.11335630714893341[0m  |
|       [0;34;40mhi_probe/sl16/HI_6/r2[0m       |  [0;32;40m-0.2766798734664917[0m  |
|      [0;34;40mhi_probe/sl16/HI_6/rmse[0m      | [0;32;40m0.0010512437438592315[0m |
|    [0;34;40mhi_probe/sl16/HI_7/pearson_r[0m   | [0;32;40m-0.047544773668050766[0m |
|       [0;34;40mhi_probe/sl16/HI_7/r2[0m       |  [0;32;40m-0.8749011754989624[0m  |
|      [0;34;40mhi_probe/sl16/HI_7/rmse[0m      | [0;32;40m0.0013846835354343057[0m |
|    [0;34;40mhi_probe/sl16/HI_8/pearson_r[0m   |  [0;32;40m0.41271916031837463[0m  |
|       [0;34;40mhi_probe/sl16/HI_8/r2[0m       |  [0;32;40m0.15023893117904663[0m  |
|      [0;34;40mhi_probe/sl16/HI_8/rmse[0m      |  [0;32;40m0.001128400326706469[0m |
|    [0;34;40mhi_probe/sl16/HI_9/pearson_r[0m   |  [0;32;40m0.15371859073638916[0m  |
|       [0;34;40mhi_probe/sl16/HI_9/r2[0m       |  [0;32;40m-1.4703214168548584[0m  |
|      [0;34;40mhi_probe/sl16/HI_9/rmse[0m      | [0;32;40m0.0017481684917584062[0m |
|    [0;34;40mhi_probe/sl16/mean_pearson_r[0m   |   [0;32;40m0.2974032759666443[0m  |
|       [0;34;40mhi_probe/sl16/mean_r2[0m       |  [0;32;40m-0.7902230620384216[0m  |
|      [0;34;40mhi_probe/sl16/mean_rmse[0m      |  [0;32;40m0.002746491925790906[0m |
| [0;34;40mhi_probe/sl16/rul/frac_uncensored[0m |          [0;32;40m1.0[0m          |
|       [0;34;40mhi_probe/sl16/rul/mae[0m       |   [0;32;40m21.839717864990234[0m  |
|    [0;34;40mhi_probe/sl16/rul/pearson_r[0m    |  [0;32;40m0.025663364678621292[0m |
|        [0;34;40mhi_probe/sl16/rul/r2[0m       |  [0;32;40m-0.08310222625732422[0m |
|       [0;34;40mhi_probe/sl16/rul/rmse[0m      |   [0;32;40m26.752153396606445[0m  |
|          [0;34;40mvalidate/ar_loss[0m         |    [0;32;40m0.09234619140625[0m   |
|       [0;34;40mvalidate/ar_loss_epoch[0m      |    [0;32;40m0.09234619140625[0m   |
|           [0;34;40mvalidate/loss[0m           |   [0;32;40m0.6024308800697327[0m  |
|        [0;34;40mvalidate/loss_epoch[0m        |   [0;32;40m0.6024308800697327[0m  |
|         [0;34;40mvalidate/pred_loss[0m        |  [0;32;40m0.14638720452785492[0m  |
|      [0;34;40mvalidate/pred_loss_epoch[0m     |  [0;32;40m0.14638720452785492[0m  |
|        [0;34;40mvalidate/sigreg_loss[0m       |   [0;32;40m3.040134906768799[0m   |
|     [0;34;40mvalidate/sigreg_loss_epoch[0m    |   [0;32;40m3.040134906768799[0m   |
+-----------------------------------+-----------------------+
20:46:58.220 | INFO    (693721, stable_pretraining.callbacks.checkpoint_sklearn) | Checking for non PyTorch modules to save... 🔧
20:46:58.220 | INFO    (693721, stable_pretraining.callbacks.checkpoint_sklearn) | Checking for Wandb params to save... 🔧
20:46:58.220 | INFO    (693721, stable_pretraining.callbacks.checkpoint_sklearn) | Saving Wandb params {'id': 'zbpmvuo4'}
20:46:58.220 | INFO    (693721, stable_pretraining.callbacks.checkpoint_sklearn) | Checking for Wandb params to save... Done!
20:46:58.220 | INFO    (693721, stable_pretraining.callbacks.cpu_offload) | ============================================================
20:46:58.220 | INFO    (693721, stable_pretraining.callbacks.cpu_offload) | CPUOffloadCallback: Starting checkpoint CPU offload (#8)
20:46:58.220 | INFO    (693721, stable_pretraining.callbacks.cpu_offload) |   - Global step: 98456
20:46:58.220 | INFO    (693721, stable_pretraining.callbacks.cpu_offload) |   - Epoch: 7
20:46:58.221 | INFO    (693721, stable_pretraining.callbacks.cpu_offload) | Checkpoint contains 11 keys: ['callbacks', 'epoch', 'global_step', 'hparams_name', 'hyper_parameters', 'loops', 'lr_schedulers', 'optimizer_states', 'pytorch-lightning_version', 'state_dict', 'wandb']
20:46:58.221 | INFO    (693721, stable_pretraining.callbacks.cpu_offload) | GPU memory before offload:
20:46:58.221 | INFO    (693721, stable_pretraining.callbacks.cpu_offload) |   - Allocated: 0.03 GB
20:46:58.221 | INFO    (693721, stable_pretraining.callbacks.cpu_offload) |   - Reserved: 15.33 GB
20:46:58.221 | INFO    (693721, stable_pretraining.callbacks.cpu_offload) | Processing checkpoint key: 'state_dict'
20:46:58.223 | SUCCESS (693721, stable_pretraining.callbacks.cpu_offload) | ✓ Completed 'state_dict' in 0.00s
20:46:58.223 | INFO    (693721, stable_pretraining.callbacks.cpu_offload) | Processing checkpoint key: 'optimizer_states'
20:46:58.226 | SUCCESS (693721, stable_pretraining.callbacks.cpu_offload) | ✓ Completed 'optimizer_states' in 0.00s
20:46:58.226 | INFO    (693721, stable_pretraining.callbacks.cpu_offload) | Processing checkpoint key: 'lr_schedulers'
20:46:58.226 | SUCCESS (693721, stable_pretraining.callbacks.cpu_offload) | ✓ Completed 'lr_schedulers' in 0.00s
20:46:58.226 | WARNING (693721, stable_pretraining.callbacks.cpu_offload) | Skipped 125 custom object(s)
20:46:58.226 | WARNING (693721, stable_pretraining.callbacks.cpu_offload) | First 10 skipped objects:
20:46:58.226 | WARNING (693721, stable_pretraining.callbacks.cpu_offload) |   - float at 'optimizer_states[0].param_groups[0].lr'
20:46:58.226 | WARNING (693721, stable_pretraining.callbacks.cpu_offload) |   - float at 'optimizer_states[0].param_groups[0].betas[0]'
20:46:58.226 | WARNING (693721, stable_pretraining.callbacks.cpu_offload) |   - float at 'optimizer_states[0].param_groups[0].betas[1]'
20:46:58.226 | WARNING (693721, stable_pretraining.callbacks.cpu_offload) |   - float at 'optimizer_states[0].param_groups[0].eps'
20:46:58.226 | WARNING (693721, stable_pretraining.callbacks.cpu_offload) |   - float at 'optimizer_states[0].param_groups[0].weight_decay'
20:46:58.226 | WARNING (693721, stable_pretraining.callbacks.cpu_offload) |   - bool at 'optimizer_states[0].param_groups[0].amsgrad'
20:46:58.226 | WARNING (693721, stable_pretraining.callbacks.cpu_offload) |   - bool at 'optimizer_states[0].param_groups[0].maximize'
20:46:58.226 | WARNING (693721, stable_pretraining.callbacks.cpu_offload) |   - NoneType at 'optimizer_states[0].param_groups[0].foreach'
20:46:58.227 | WARNING (693721, stable_pretraining.callbacks.cpu_offload) |   - bool at 'optimizer_states[0].param_groups[0].capturable'
20:46:58.227 | WARNING (693721, stable_pretraining.callbacks.cpu_offload) |   - bool at 'optimizer_states[0].param_groups[0].differentiable'
20:46:58.227 | WARNING (693721, stable_pretraining.callbacks.cpu_offload) | ... (105 more skipped) ...
20:46:58.227 | WARNING (693721, stable_pretraining.callbacks.cpu_offload) | Last 10 skipped objects:
20:46:58.227 | WARNING (693721, stable_pretraining.callbacks.cpu_offload) |   - int at 'lr_schedulers[0].warmup_steps'
20:46:58.227 | WARNING (693721, stable_pretraining.callbacks.cpu_offload) |   - int at 'lr_schedulers[0].max_steps'
20:46:58.227 | WARNING (693721, stable_pretraining.callbacks.cpu_offload) |   - float at 'lr_schedulers[0].warmup_start_lr'
20:46:58.227 | WARNING (693721, stable_pretraining.callbacks.cpu_offload) |   - float at 'lr_schedulers[0].eta_min'
20:46:58.227 | WARNING (693721, stable_pretraining.callbacks.cpu_offload) |   - float at 'lr_schedulers[0].base_lrs[0]'
20:46:58.227 | WARNING (693721, stable_pretraining.callbacks.cpu_offload) |   - int at 'lr_schedulers[0].last_epoch'
20:46:58.227 | WARNING (693721, stable_pretraining.callbacks.cpu_offload) |   - int at 'lr_schedulers[0]._step_count'
20:46:58.227 | WARNING (693721, stable_pretraining.callbacks.cpu_offload) |   - bool at 'lr_schedulers[0]._is_initial'
20:46:58.227 | WARNING (693721, stable_pretraining.callbacks.cpu_offload) |   - bool at 'lr_schedulers[0]._get_lr_called_within_step'
20:46:58.227 | WARNING (693721, stable_pretraining.callbacks.cpu_offload) |   - float at 'lr_schedulers[0]._last_lr[0]'
20:46:58.227 | INFO    (693721, stable_pretraining.callbacks.cpu_offload) | To see all 125 skipped objects, set log_skipped=True
20:46:58.227 | INFO    (693721, stable_pretraining.callbacks.cpu_offload) | GPU memory after offload:
20:46:58.227 | INFO    (693721, stable_pretraining.callbacks.cpu_offload) |   - Allocated: 0.03 GB
20:46:58.227 | INFO    (693721, stable_pretraining.callbacks.cpu_offload) |   - Reserved: 15.33 GB
20:46:58.227 | INFO    (693721, stable_pretraining.callbacks.cpu_offload) | GPU memory freed: 0.00 GB
20:46:58.227 | SUCCESS (693721, stable_pretraining.callbacks.cpu_offload) | CPUOffloadCallback: Checkpoint #8 completed in 0.01s
20:46:58.228 | INFO    (693721, stable_pretraining.callbacks.cpu_offload) | Successfully processed keys: ['state_dict', 'optimizer_states', 'lr_schedulers']
20:46:58.228 | INFO    (693721, stable_pretraining.callbacks.cpu_offload) | Cumulative stats:
20:46:58.228 | INFO    (693721, stable_pretraining.callbacks.cpu_offload) |   - Total checkpoints saved: 8
20:46:58.228 | INFO    (693721, stable_pretraining.callbacks.cpu_offload) |   - Total time in offload: 0.05s
20:46:58.228 | INFO    (693721, stable_pretraining.callbacks.cpu_offload) |   - Total memory freed: 0.00 GB
20:46:58.228 | INFO    (693721, stable_pretraining.callbacks.cpu_offload) |   - Average time per checkpoint: 0.01s
20:46:58.228 | INFO    (693721, stable_pretraining.callbacks.cpu_offload) | ============================================================
21:13:17.237 | WARNING (693721, stable_pretraining.module) | You are calling self.parameters which also gives callbacks parameters, to remove then, pass `with_callbacks=False`
21:14:06.674 | INFO    (693721, stable_pretraining.callbacks.trainer_info) | \n+-----------------------------------+-----------------------+
|               Metric              |         Value         |
+-----------------------------------+-----------------------+
|            [0;34;40mfit/ar_loss[0m            |  [0;32;40m0.08953800797462463[0m  |
|              [0;34;40mfit/loss[0m             |  [0;32;40m0.39239662885665894[0m  |
|           [0;34;40mfit/pred_loss[0m           |  [0;32;40m0.15313883125782013[0m  |
|          [0;34;40mfit/sigreg_loss[0m          |        [0;32;40m1.59375[0m        |
|    [0;34;40mhi_probe/sl16/HI_0/pearson_r[0m   |  [0;32;40m0.43233150243759155[0m  |
|       [0;34;40mhi_probe/sl16/HI_0/r2[0m       |  [0;32;40m0.11663228273391724[0m  |
|      [0;34;40mhi_probe/sl16/HI_0/rmse[0m      | [0;32;40m0.0026448171120136976[0m |
|    [0;34;40mhi_probe/sl16/HI_1/pearson_r[0m   |  [0;32;40m0.05415584146976471[0m  |
|       [0;34;40mhi_probe/sl16/HI_1/r2[0m       |  [0;32;40m-0.8502460718154907[0m  |
|      [0;34;40mhi_probe/sl16/HI_1/rmse[0m      |  [0;32;40m0.004375107120722532[0m |
|    [0;34;40mhi_probe/sl16/HI_2/pearson_r[0m   |   [0;32;40m0.1741853654384613[0m  |
|       [0;34;40mhi_probe/sl16/HI_2/r2[0m       |  [0;32;40m-0.9320416450500488[0m  |
|      [0;34;40mhi_probe/sl16/HI_2/rmse[0m      |  [0;32;40m0.005576840601861477[0m |
|    [0;34;40mhi_probe/sl16/HI_3/pearson_r[0m   |   [0;32;40m0.7331022024154663[0m  |
|       [0;34;40mhi_probe/sl16/HI_3/r2[0m       |   [0;32;40m0.4031795859336853[0m  |
|      [0;34;40mhi_probe/sl16/HI_3/rmse[0m      | [0;32;40m0.0032280893065035343[0m |
|    [0;34;40mhi_probe/sl16/HI_4/pearson_r[0m   |   [0;32;40m0.7066980004310608[0m  |
|       [0;34;40mhi_probe/sl16/HI_4/r2[0m       |  [0;32;40m-0.33743464946746826[0m |
|      [0;34;40mhi_probe/sl16/HI_4/rmse[0m      |  [0;32;40m0.003385653020814061[0m |
|    [0;34;40mhi_probe/sl16/HI_5/pearson_r[0m   |  [0;32;40m0.24131067097187042[0m  |
|       [0;34;40mhi_probe/sl16/HI_5/r2[0m       |  [0;32;40m-3.8306565284729004[0m  |
|      [0;34;40mhi_probe/sl16/HI_5/rmse[0m      |  [0;32;40m0.002941915299743414[0m |
|    [0;34;40mhi_probe/sl16/HI_6/pearson_r[0m   |  [0;32;40m0.11335630714893341[0m  |
|       [0;34;40mhi_probe/sl16/HI_6/r2[0m       |  [0;32;40m-0.2766798734664917[0m  |
|      [0;34;40mhi_probe/sl16/HI_6/rmse[0m      | [0;32;40m0.0010512437438592315[0m |
|    [0;34;40mhi_probe/sl16/HI_7/pearson_r[0m   | [0;32;40m-0.047544773668050766[0m |
|       [0;34;40mhi_probe/sl16/HI_7/r2[0m       |  [0;32;40m-0.8749011754989624[0m  |
|      [0;34;40mhi_probe/sl16/HI_7/rmse[0m      | [0;32;40m0.0013846835354343057[0m |
|    [0;34;40mhi_probe/sl16/HI_8/pearson_r[0m   |  [0;32;40m0.41271916031837463[0m  |
|       [0;34;40mhi_probe/sl16/HI_8/r2[0m       |  [0;32;40m0.15023893117904663[0m  |
|      [0;34;40mhi_probe/sl16/HI_8/rmse[0m      |  [0;32;40m0.001128400326706469[0m |
|    [0;34;40mhi_probe/sl16/HI_9/pearson_r[0m   |  [0;32;40m0.15371859073638916[0m  |
|       [0;34;40mhi_probe/sl16/HI_9/r2[0m       |  [0;32;40m-1.4703214168548584[0m  |
|      [0;34;40mhi_probe/sl16/HI_9/rmse[0m      | [0;32;40m0.0017481684917584062[0m |
|    [0;34;40mhi_probe/sl16/mean_pearson_r[0m   |   [0;32;40m0.2974032759666443[0m  |
|       [0;34;40mhi_probe/sl16/mean_r2[0m       |  [0;32;40m-0.7902230620384216[0m  |
|      [0;34;40mhi_probe/sl16/mean_rmse[0m      |  [0;32;40m0.002746491925790906[0m |
| [0;34;40mhi_probe/sl16/rul/frac_uncensored[0m |          [0;32;40m1.0[0m          |
|       [0;34;40mhi_probe/sl16/rul/mae[0m       |   [0;32;40m21.839717864990234[0m  |
|    [0;34;40mhi_probe/sl16/rul/pearson_r[0m    |  [0;32;40m0.025663364678621292[0m |
|        [0;34;40mhi_probe/sl16/rul/r2[0m       |  [0;32;40m-0.08310222625732422[0m |
|       [0;34;40mhi_probe/sl16/rul/rmse[0m      |   [0;32;40m26.752153396606445[0m  |
|          [0;34;40mvalidate/ar_loss[0m         |  [0;32;40m0.09154795110225677[0m  |
|       [0;34;40mvalidate/ar_loss_epoch[0m      |  [0;32;40m0.09154795110225677[0m  |
|           [0;34;40mvalidate/loss[0m           |   [0;32;40m0.6013960838317871[0m  |
|        [0;34;40mvalidate/loss_epoch[0m        |   [0;32;40m0.6013960838317871[0m  |
|         [0;34;40mvalidate/pred_loss[0m        |  [0;32;40m0.14507362246513367[0m  |
|      [0;34;40mvalidate/pred_loss_epoch[0m     |  [0;32;40m0.14507362246513367[0m  |
|        [0;34;40mvalidate/sigreg_loss[0m       |   [0;32;40m3.0422117710113525[0m  |
|     [0;34;40mvalidate/sigreg_loss_epoch[0m    |   [0;32;40m3.0422117710113525[0m  |
+-----------------------------------+-----------------------+
21:14:06.682 | INFO    (693721, stable_pretraining.callbacks.checkpoint_sklearn) | Checking for non PyTorch modules to save... 🔧
21:14:06.682 | INFO    (693721, stable_pretraining.callbacks.checkpoint_sklearn) | Checking for Wandb params to save... 🔧
21:14:06.682 | INFO    (693721, stable_pretraining.callbacks.checkpoint_sklearn) | Saving Wandb params {'id': 'zbpmvuo4'}
21:14:06.682 | INFO    (693721, stable_pretraining.callbacks.checkpoint_sklearn) | Checking for Wandb params to save... Done!
21:14:06.682 | INFO    (693721, stable_pretraining.callbacks.cpu_offload) | ============================================================
21:14:06.682 | INFO    (693721, stable_pretraining.callbacks.cpu_offload) | CPUOffloadCallback: Starting checkpoint CPU offload (#9)
21:14:06.682 | INFO    (693721, stable_pretraining.callbacks.cpu_offload) |   - Global step: 110763
21:14:06.682 | INFO    (693721, stable_pretraining.callbacks.cpu_offload) |   - Epoch: 8
21:14:06.682 | INFO    (693721, stable_pretraining.callbacks.cpu_offload) | Checkpoint contains 11 keys: ['callbacks', 'epoch', 'global_step', 'hparams_name', 'hyper_parameters', 'loops', 'lr_schedulers', 'optimizer_states', 'pytorch-lightning_version', 'state_dict', 'wandb']
21:14:06.683 | INFO    (693721, stable_pretraining.callbacks.cpu_offload) | GPU memory before offload:
21:14:06.683 | INFO    (693721, stable_pretraining.callbacks.cpu_offload) |   - Allocated: 0.03 GB
21:14:06.683 | INFO    (693721, stable_pretraining.callbacks.cpu_offload) |   - Reserved: 15.33 GB
21:14:06.683 | INFO    (693721, stable_pretraining.callbacks.cpu_offload) | Processing checkpoint key: 'state_dict'
21:14:06.685 | SUCCESS (693721, stable_pretraining.callbacks.cpu_offload) | ✓ Completed 'state_dict' in 0.00s
21:14:06.685 | INFO    (693721, stable_pretraining.callbacks.cpu_offload) | Processing checkpoint key: 'optimizer_states'
21:14:06.688 | SUCCESS (693721, stable_pretraining.callbacks.cpu_offload) | ✓ Completed 'optimizer_states' in 0.00s
21:14:06.688 | INFO    (693721, stable_pretraining.callbacks.cpu_offload) | Processing checkpoint key: 'lr_schedulers'
21:14:06.688 | SUCCESS (693721, stable_pretraining.callbacks.cpu_offload) | ✓ Completed 'lr_schedulers' in 0.00s
21:14:06.688 | WARNING (693721, stable_pretraining.callbacks.cpu_offload) | Skipped 125 custom object(s)
21:14:06.688 | WARNING (693721, stable_pretraining.callbacks.cpu_offload) | First 10 skipped objects:
21:14:06.688 | WARNING (693721, stable_pretraining.callbacks.cpu_offload) |   - float at 'optimizer_states[0].param_groups[0].lr'
21:14:06.688 | WARNING (693721, stable_pretraining.callbacks.cpu_offload) |   - float at 'optimizer_states[0].param_groups[0].betas[0]'
21:14:06.688 | WARNING (693721, stable_pretraining.callbacks.cpu_offload) |   - float at 'optimizer_states[0].param_groups[0].betas[1]'
21:14:06.688 | WARNING (693721, stable_pretraining.callbacks.cpu_offload) |   - float at 'optimizer_states[0].param_groups[0].eps'
21:14:06.688 | WARNING (693721, stable_pretraining.callbacks.cpu_offload) |   - float at 'optimizer_states[0].param_groups[0].weight_decay'
21:14:06.688 | WARNING (693721, stable_pretraining.callbacks.cpu_offload) |   - bool at 'optimizer_states[0].param_groups[0].amsgrad'
21:14:06.688 | WARNING (693721, stable_pretraining.callbacks.cpu_offload) |   - bool at 'optimizer_states[0].param_groups[0].maximize'
21:14:06.689 | WARNING (693721, stable_pretraining.callbacks.cpu_offload) |   - NoneType at 'optimizer_states[0].param_groups[0].foreach'
21:14:06.689 | WARNING (693721, stable_pretraining.callbacks.cpu_offload) |   - bool at 'optimizer_states[0].param_groups[0].capturable'
21:14:06.689 | WARNING (693721, stable_pretraining.callbacks.cpu_offload) |   - bool at 'optimizer_states[0].param_groups[0].differentiable'
21:14:06.689 | WARNING (693721, stable_pretraining.callbacks.cpu_offload) | ... (105 more skipped) ...
21:14:06.689 | WARNING (693721, stable_pretraining.callbacks.cpu_offload) | Last 10 skipped objects:
21:14:06.689 | WARNING (693721, stable_pretraining.callbacks.cpu_offload) |   - int at 'lr_schedulers[0].warmup_steps'
21:14:06.689 | WARNING (693721, stable_pretraining.callbacks.cpu_offload) |   - int at 'lr_schedulers[0].max_steps'
21:14:06.689 | WARNING (693721, stable_pretraining.callbacks.cpu_offload) |   - float at 'lr_schedulers[0].warmup_start_lr'
21:14:06.689 | WARNING (693721, stable_pretraining.callbacks.cpu_offload) |   - float at 'lr_schedulers[0].eta_min'
21:14:06.689 | WARNING (693721, stable_pretraining.callbacks.cpu_offload) |   - float at 'lr_schedulers[0].base_lrs[0]'
21:14:06.689 | WARNING (693721, stable_pretraining.callbacks.cpu_offload) |   - int at 'lr_schedulers[0].last_epoch'
21:14:06.689 | WARNING (693721, stable_pretraining.callbacks.cpu_offload) |   - int at 'lr_schedulers[0]._step_count'
21:14:06.689 | WARNING (693721, stable_pretraining.callbacks.cpu_offload) |   - bool at 'lr_schedulers[0]._is_initial'
21:14:06.689 | WARNING (693721, stable_pretraining.callbacks.cpu_offload) |   - bool at 'lr_schedulers[0]._get_lr_called_within_step'
21:14:06.689 | WARNING (693721, stable_pretraining.callbacks.cpu_offload) |   - float at 'lr_schedulers[0]._last_lr[0]'
21:14:06.689 | INFO    (693721, stable_pretraining.callbacks.cpu_offload) | To see all 125 skipped objects, set log_skipped=True
21:14:06.689 | INFO    (693721, stable_pretraining.callbacks.cpu_offload) | GPU memory after offload:
21:14:06.689 | INFO    (693721, stable_pretraining.callbacks.cpu_offload) |   - Allocated: 0.03 GB
21:14:06.689 | INFO    (693721, stable_pretraining.callbacks.cpu_offload) |   - Reserved: 15.33 GB
21:14:06.689 | INFO    (693721, stable_pretraining.callbacks.cpu_offload) | GPU memory freed: 0.00 GB
21:14:06.689 | SUCCESS (693721, stable_pretraining.callbacks.cpu_offload) | CPUOffloadCallback: Checkpoint #9 completed in 0.01s
21:14:06.690 | INFO    (693721, stable_pretraining.callbacks.cpu_offload) | Successfully processed keys: ['state_dict', 'optimizer_states', 'lr_schedulers']
21:14:06.690 | INFO    (693721, stable_pretraining.callbacks.cpu_offload) | Cumulative stats:
21:14:06.690 | INFO    (693721, stable_pretraining.callbacks.cpu_offload) |   - Total checkpoints saved: 9
21:14:06.690 | INFO    (693721, stable_pretraining.callbacks.cpu_offload) |   - Total time in offload: 0.06s
21:14:06.690 | INFO    (693721, stable_pretraining.callbacks.cpu_offload) |   - Total memory freed: 0.00 GB
21:14:06.690 | INFO    (693721, stable_pretraining.callbacks.cpu_offload) |   - Average time per checkpoint: 0.01s
21:14:06.690 | INFO    (693721, stable_pretraining.callbacks.cpu_offload) | ============================================================
21:40:25.623 | WARNING (693721, stable_pretraining.module) | You are calling self.parameters which also gives callbacks parameters, to remove then, pass `with_callbacks=False`
[2026-04-24 21:41:15,140][root][INFO] - [HIProbe] Epoch 9 (seq_len=16, obs_window=1): encoding ...
[2026-04-24 21:41:15,356][root][INFO] - [HIProbe] Embedding std — min=0.6574  mean=0.9525  max=1.3572
[2026-04-24 21:41:15,356][root][INFO] - [HIProbe] Training TransformerProbe (max 150 epochs, patience=20) ...
[2026-04-24 21:41:15,425][root][INFO] - [HIProbe] probe dataset: train=28,312 windows, test=26,732 windows  (seq_len=16)
[2026-04-24 21:41:50,065][root][INFO] - [HIProbe] Early stop at probe epoch 112 (best mean RMSE=0.00295)
[2026-04-24 21:41:50,097][root][INFO] - 
[HIProbe] Epoch 9 | seq_len=16 — results
[2026-04-24 21:41:50,097][root][INFO] - ──────────────────────────────────────────────────────────────────
[2026-04-24 21:41:50,097][root][INFO] -   Component                           R²        RMSE   Pearson-r
[2026-04-24 21:41:50,097][root][INFO] - ──────────────────────────────────────────────────────────────────
[2026-04-24 21:41:50,098][root][INFO] -   HI_0                           -0.1208     0.00298      0.3348
[2026-04-24 21:41:50,098][root][INFO] -   HI_1                           -1.2997     0.00488     -0.0268
[2026-04-24 21:41:50,098][root][INFO] -   HI_2                           -1.3271     0.00612      0.0164
[2026-04-24 21:41:50,098][root][INFO] -   HI_3                           -0.0104     0.00420      0.5879
[2026-04-24 21:41:50,098][root][INFO] -   HI_4                           -0.1424     0.00313      0.7380
[2026-04-24 21:41:50,098][root][INFO] -   HI_5                           -3.4385     0.00282      0.2833
[2026-04-24 21:41:50,098][root][INFO] -   HI_6                           -0.4393     0.00112      0.0464
[2026-04-24 21:41:50,098][root][INFO] -   HI_7                           -0.8302     0.00137     -0.1536
[2026-04-24 21:41:50,098][root][INFO] -   HI_8                            0.2988     0.00103      0.5814
[2026-04-24 21:41:50,098][root][INFO] -   HI_9                           -1.6890     0.00182      0.1184
[2026-04-24 21:41:50,098][root][INFO] - ──────────────────────────────────────────────────────────────────
[2026-04-24 21:41:50,098][root][INFO] -   MEAN                           -0.8999     0.00295      0.2526
[2026-04-24 21:41:50,098][root][INFO] - ──────────────────────────────────────────────────────────────────
[2026-04-24 21:41:50,098][root][INFO] - [HIProbe] Training Action-RUL probe (max_horizon=300) ...
[2026-04-24 21:41:50,166][root][INFO] - [HIProbe] Action-RUL probe dataset: train=28,312, test=26,732 windows
[2026-04-24 21:41:56,778][root][INFO] - [HIProbe] RUL early stop at probe epoch 21
[2026-04-24 21:41:56,800][root][INFO] - [HIProbe] Action-RUL evaluation: 26732/26732 (100.0%) uncensored test samples (tau < 300)
[2026-04-24 21:41:56,807][root][INFO] - [HIProbe] Action-RUL — RMSE=27.47 steps  MAE=22.21 steps  R2=-0.1418  Pearson=0.0244
[2026-04-24 21:41:56,808][root][INFO] - [HIProbe] Appended to hi_probe_metrics.csv
[2026-04-24 21:41:56,808][root][INFO] - [HIProbe] Logged 38 metrics to wandb.
21:41:56.817 | INFO    (693721, stable_pretraining.callbacks.trainer_info) | \n+-----------------------------------+-----------------------+
|               Metric              |         Value         |
+-----------------------------------+-----------------------+
|            [0;34;40mfit/ar_loss[0m            |  [0;32;40m0.09168091416358948[0m  |
|              [0;34;40mfit/loss[0m             |   [0;32;40m0.4061298966407776[0m  |
|           [0;34;40mfit/pred_loss[0m           |   [0;32;40m0.1522236466407776[0m  |
|          [0;34;40mfit/sigreg_loss[0m          |       [0;32;40m1.6953125[0m       |
|    [0;34;40mhi_probe/sl16/HI_0/pearson_r[0m   |   [0;32;40m0.3347691595554352[0m  |
|       [0;34;40mhi_probe/sl16/HI_0/r2[0m       |  [0;32;40m-0.12076461315155029[0m |
|      [0;34;40mhi_probe/sl16/HI_0/rmse[0m      |  [0;32;40m0.002979079494252801[0m |
|    [0;34;40mhi_probe/sl16/HI_1/pearson_r[0m   | [0;32;40m-0.026784908026456833[0m |
|       [0;34;40mhi_probe/sl16/HI_1/r2[0m       |  [0;32;40m-1.2997462749481201[0m  |
|      [0;34;40mhi_probe/sl16/HI_1/rmse[0m      |  [0;32;40m0.004877686966210604[0m |
|    [0;34;40mhi_probe/sl16/HI_2/pearson_r[0m   |   [0;32;40m0.0163884237408638[0m  |
|       [0;34;40mhi_probe/sl16/HI_2/r2[0m       |  [0;32;40m-1.3270609378814697[0m  |
|      [0;34;40mhi_probe/sl16/HI_2/rmse[0m      |  [0;32;40m0.00612045731395483[0m  |
|    [0;34;40mhi_probe/sl16/HI_3/pearson_r[0m   |   [0;32;40m0.5878816843032837[0m  |
|       [0;34;40mhi_probe/sl16/HI_3/r2[0m       | [0;32;40m-0.010356903076171875[0m |
|      [0;34;40mhi_probe/sl16/HI_3/rmse[0m      |  [0;32;40m0.004200114402920008[0m |
|    [0;34;40mhi_probe/sl16/HI_4/pearson_r[0m   |   [0;32;40m0.7380191087722778[0m  |
|       [0;34;40mhi_probe/sl16/HI_4/r2[0m       |  [0;32;40m-0.1423884630203247[0m  |
|      [0;34;40mhi_probe/sl16/HI_4/rmse[0m      |  [0;32;40m0.00312905409373343[0m  |
|    [0;34;40mhi_probe/sl16/HI_5/pearson_r[0m   |  [0;32;40m0.28327977657318115[0m  |
|       [0;34;40mhi_probe/sl16/HI_5/r2[0m       |  [0;32;40m-3.4384965896606445[0m  |
|      [0;34;40mhi_probe/sl16/HI_5/rmse[0m      |  [0;32;40m0.002819973276928067[0m |
|    [0;34;40mhi_probe/sl16/HI_6/pearson_r[0m   |  [0;32;40m0.046350352466106415[0m |
|       [0;34;40mhi_probe/sl16/HI_6/r2[0m       |  [0;32;40m-0.4393126964569092[0m  |
|      [0;34;40mhi_probe/sl16/HI_6/rmse[0m      |  [0;32;40m0.001116194762289524[0m |
|    [0;34;40mhi_probe/sl16/HI_7/pearson_r[0m   |  [0;32;40m-0.15356412529945374[0m |
|       [0;34;40mhi_probe/sl16/HI_7/r2[0m       |  [0;32;40m-0.8302474021911621[0m  |
|      [0;34;40mhi_probe/sl16/HI_7/rmse[0m      | [0;32;40m0.0013680950505658984[0m |
|    [0;34;40mhi_probe/sl16/HI_8/pearson_r[0m   |   [0;32;40m0.5813549757003784[0m  |
|       [0;34;40mhi_probe/sl16/HI_8/r2[0m       |  [0;32;40m0.29883235692977905[0m  |
|      [0;34;40mhi_probe/sl16/HI_8/rmse[0m      | [0;32;40m0.0010250043123960495[0m |
|    [0;34;40mhi_probe/sl16/HI_9/pearson_r[0m   |  [0;32;40m0.11836695671081543[0m  |
|       [0;34;40mhi_probe/sl16/HI_9/r2[0m       |  [0;32;40m-1.6889629364013672[0m  |
|      [0;34;40mhi_probe/sl16/HI_9/rmse[0m      | [0;32;40m0.0018238913035020232[0m |
|    [0;34;40mhi_probe/sl16/mean_pearson_r[0m   |   [0;32;40m0.2526061534881592[0m  |
|       [0;34;40mhi_probe/sl16/mean_r2[0m       |  [0;32;40m-0.8998504281044006[0m  |
|      [0;34;40mhi_probe/sl16/mean_rmse[0m      | [0;32;40m0.0029459551442414522[0m |
| [0;34;40mhi_probe/sl16/rul/frac_uncensored[0m |          [0;32;40m1.0[0m          |
|       [0;34;40mhi_probe/sl16/rul/mae[0m       |   [0;32;40m22.208837509155273[0m  |
|    [0;34;40mhi_probe/sl16/rul/pearson_r[0m    |  [0;32;40m0.024385616183280945[0m |
|        [0;34;40mhi_probe/sl16/rul/r2[0m       |  [0;32;40m-0.14176297187805176[0m |
|       [0;34;40mhi_probe/sl16/rul/rmse[0m      |   [0;32;40m27.46704864501953[0m   |
|          [0;34;40mvalidate/ar_loss[0m         |  [0;32;40m0.09067417681217194[0m  |
|       [0;34;40mvalidate/ar_loss_epoch[0m      |  [0;32;40m0.09067417681217194[0m  |
|           [0;34;40mvalidate/loss[0m           |   [0;32;40m0.5953041315078735[0m  |
|        [0;34;40mvalidate/loss_epoch[0m        |   [0;32;40m0.5953041315078735[0m  |
|         [0;34;40mvalidate/pred_loss[0m        |   [0;32;40m0.1436893492937088[0m  |
|      [0;34;40mvalidate/pred_loss_epoch[0m     |   [0;32;40m0.1436893492937088[0m  |
|        [0;34;40mvalidate/sigreg_loss[0m       |   [0;32;40m3.0107779502868652[0m  |
|     [0;34;40mvalidate/sigreg_loss_epoch[0m    |   [0;32;40m3.0107779502868652[0m  |
+-----------------------------------+-----------------------+
21:41:56.831 | INFO    (693721, stable_pretraining.callbacks.checkpoint_sklearn) | Checking for non PyTorch modules to save... 🔧
21:41:56.831 | INFO    (693721, stable_pretraining.callbacks.checkpoint_sklearn) | Checking for Wandb params to save... 🔧
21:41:56.831 | INFO    (693721, stable_pretraining.callbacks.checkpoint_sklearn) | Saving Wandb params {'id': 'zbpmvuo4'}
21:41:56.831 | INFO    (693721, stable_pretraining.callbacks.checkpoint_sklearn) | Checking for Wandb params to save... Done!
21:41:56.831 | INFO    (693721, stable_pretraining.callbacks.cpu_offload) | ============================================================
21:41:56.831 | INFO    (693721, stable_pretraining.callbacks.cpu_offload) | CPUOffloadCallback: Starting checkpoint CPU offload (#10)
21:41:56.831 | INFO    (693721, stable_pretraining.callbacks.cpu_offload) |   - Global step: 123070
21:41:56.831 | INFO    (693721, stable_pretraining.callbacks.cpu_offload) |   - Epoch: 9
21:41:56.831 | INFO    (693721, stable_pretraining.callbacks.cpu_offload) | Checkpoint contains 11 keys: ['callbacks', 'epoch', 'global_step', 'hparams_name', 'hyper_parameters', 'loops', 'lr_schedulers', 'optimizer_states', 'pytorch-lightning_version', 'state_dict', 'wandb']
21:41:56.831 | INFO    (693721, stable_pretraining.callbacks.cpu_offload) | GPU memory before offload:
21:41:56.831 | INFO    (693721, stable_pretraining.callbacks.cpu_offload) |   - Allocated: 0.03 GB
21:41:56.831 | INFO    (693721, stable_pretraining.callbacks.cpu_offload) |   - Reserved: 15.33 GB
21:41:56.831 | INFO    (693721, stable_pretraining.callbacks.cpu_offload) | Processing checkpoint key: 'state_dict'
21:41:56.833 | SUCCESS (693721, stable_pretraining.callbacks.cpu_offload) | ✓ Completed 'state_dict' in 0.00s
21:41:56.833 | INFO    (693721, stable_pretraining.callbacks.cpu_offload) | Processing checkpoint key: 'optimizer_states'
21:41:56.835 | SUCCESS (693721, stable_pretraining.callbacks.cpu_offload) | ✓ Completed 'optimizer_states' in 0.00s
21:41:56.835 | INFO    (693721, stable_pretraining.callbacks.cpu_offload) | Processing checkpoint key: 'lr_schedulers'
21:41:56.835 | SUCCESS (693721, stable_pretraining.callbacks.cpu_offload) | ✓ Completed 'lr_schedulers' in 0.00s
21:41:56.835 | WARNING (693721, stable_pretraining.callbacks.cpu_offload) | Skipped 125 custom object(s)
21:41:56.835 | WARNING (693721, stable_pretraining.callbacks.cpu_offload) | First 10 skipped objects:
21:41:56.835 | WARNING (693721, stable_pretraining.callbacks.cpu_offload) |   - float at 'optimizer_states[0].param_groups[0].lr'
21:41:56.835 | WARNING (693721, stable_pretraining.callbacks.cpu_offload) |   - float at 'optimizer_states[0].param_groups[0].betas[0]'
21:41:56.835 | WARNING (693721, stable_pretraining.callbacks.cpu_offload) |   - float at 'optimizer_states[0].param_groups[0].betas[1]'
21:41:56.835 | WARNING (693721, stable_pretraining.callbacks.cpu_offload) |   - float at 'optimizer_states[0].param_groups[0].eps'
21:41:56.835 | WARNING (693721, stable_pretraining.callbacks.cpu_offload) |   - float at 'optimizer_states[0].param_groups[0].weight_decay'
21:41:56.835 | WARNING (693721, stable_pretraining.callbacks.cpu_offload) |   - bool at 'optimizer_states[0].param_groups[0].amsgrad'
21:41:56.835 | WARNING (693721, stable_pretraining.callbacks.cpu_offload) |   - bool at 'optimizer_states[0].param_groups[0].maximize'
21:41:56.835 | WARNING (693721, stable_pretraining.callbacks.cpu_offload) |   - NoneType at 'optimizer_states[0].param_groups[0].foreach'
21:41:56.835 | WARNING (693721, stable_pretraining.callbacks.cpu_offload) |   - bool at 'optimizer_states[0].param_groups[0].capturable'
21:41:56.835 | WARNING (693721, stable_pretraining.callbacks.cpu_offload) |   - bool at 'optimizer_states[0].param_groups[0].differentiable'
21:41:56.835 | WARNING (693721, stable_pretraining.callbacks.cpu_offload) | ... (105 more skipped) ...
21:41:56.835 | WARNING (693721, stable_pretraining.callbacks.cpu_offload) | Last 10 skipped objects:
21:41:56.835 | WARNING (693721, stable_pretraining.callbacks.cpu_offload) |   - int at 'lr_schedulers[0].warmup_steps'
21:41:56.835 | WARNING (693721, stable_pretraining.callbacks.cpu_offload) |   - int at 'lr_schedulers[0].max_steps'
21:41:56.835 | WARNING (693721, stable_pretraining.callbacks.cpu_offload) |   - float at 'lr_schedulers[0].warmup_start_lr'
21:41:56.835 | WARNING (693721, stable_pretraining.callbacks.cpu_offload) |   - float at 'lr_schedulers[0].eta_min'
21:41:56.836 | WARNING (693721, stable_pretraining.callbacks.cpu_offload) |   - float at 'lr_schedulers[0].base_lrs[0]'
21:41:56.836 | WARNING (693721, stable_pretraining.callbacks.cpu_offload) |   - int at 'lr_schedulers[0].last_epoch'
21:41:56.836 | WARNING (693721, stable_pretraining.callbacks.cpu_offload) |   - int at 'lr_schedulers[0]._step_count'
21:41:56.836 | WARNING (693721, stable_pretraining.callbacks.cpu_offload) |   - bool at 'lr_schedulers[0]._is_initial'
21:41:56.836 | WARNING (693721, stable_pretraining.callbacks.cpu_offload) |   - bool at 'lr_schedulers[0]._get_lr_called_within_step'
21:41:56.836 | WARNING (693721, stable_pretraining.callbacks.cpu_offload) |   - float at 'lr_schedulers[0]._last_lr[0]'
21:41:56.836 | INFO    (693721, stable_pretraining.callbacks.cpu_offload) | To see all 125 skipped objects, set log_skipped=True
21:41:56.836 | INFO    (693721, stable_pretraining.callbacks.cpu_offload) | GPU memory after offload:
21:41:56.836 | INFO    (693721, stable_pretraining.callbacks.cpu_offload) |   - Allocated: 0.03 GB
21:41:56.836 | INFO    (693721, stable_pretraining.callbacks.cpu_offload) |   - Reserved: 15.33 GB
21:41:56.836 | INFO    (693721, stable_pretraining.callbacks.cpu_offload) | GPU memory freed: 0.00 GB
21:41:56.836 | SUCCESS (693721, stable_pretraining.callbacks.cpu_offload) | CPUOffloadCallback: Checkpoint #10 completed in 0.01s
21:41:56.836 | INFO    (693721, stable_pretraining.callbacks.cpu_offload) | Successfully processed keys: ['state_dict', 'optimizer_states', 'lr_schedulers']
21:41:56.836 | INFO    (693721, stable_pretraining.callbacks.cpu_offload) | Cumulative stats:
21:41:56.836 | INFO    (693721, stable_pretraining.callbacks.cpu_offload) |   - Total checkpoints saved: 10
21:41:56.836 | INFO    (693721, stable_pretraining.callbacks.cpu_offload) |   - Total time in offload: 0.07s
21:41:56.836 | INFO    (693721, stable_pretraining.callbacks.cpu_offload) |   - Total memory freed: 0.00 GB
21:41:56.836 | INFO    (693721, stable_pretraining.callbacks.cpu_offload) |   - Average time per checkpoint: 0.01s
21:41:56.836 | INFO    (693721, stable_pretraining.callbacks.cpu_offload) | ============================================================
`Trainer.fit` stopped: `max_epochs=10` reached.
21:41:56.848 | INFO    (693721, stable_pretraining.callbacks.cpu_offload) | ============================================================
21:41:56.848 | INFO    (693721, stable_pretraining.callbacks.cpu_offload) | CPUOffloadCallback: Training completed
21:41:56.848 | INFO    (693721, stable_pretraining.callbacks.cpu_offload) | Final statistics:
21:41:56.848 | INFO    (693721, stable_pretraining.callbacks.cpu_offload) |   - Total checkpoints saved: 10
21:41:56.848 | INFO    (693721, stable_pretraining.callbacks.cpu_offload) |   - Total time in offload: 0.07s
21:41:56.848 | INFO    (693721, stable_pretraining.callbacks.cpu_offload) |   - Total GPU memory freed: 0.00 GB
21:41:56.848 | INFO    (693721, stable_pretraining.callbacks.cpu_offload) |   - Average time per checkpoint: 0.01s
21:41:56.848 | INFO    (693721, stable_pretraining.callbacks.cpu_offload) |   - Average memory freed per checkpoint: 0.00 GB
21:41:56.848 | SUCCESS (693721, stable_pretraining.callbacks.cpu_offload) | CPUOffloadCallback: All checkpoints saved successfully
21:41:56.848 | INFO    (693721, stable_pretraining.callbacks.cpu_offload) | ============================================================
Epoch 9/9  ━━━━━━━━━━━━━━━━━━ 12307/12307 0:26:18 • 0:00:00 7.77it/s v_num: vuo4
21:41:57.163 | INFO    (693721, stable_pretraining.callbacks.cpu_offload) | CPUOffloadCallback: Teardown called for stage 'fit'
[1;34mwandb[0m: 
[1;34mwandb[0m: You can sync this run to the cloud by running:
[1;34mwandb[0m: [1mwandb sync wandb/offline-run-20260424_170919-zbpmvuo4[0m
========================================
Training complete.
========================================
