========================================
Host     : dragon
GPU      : GPU 0: NVIDIA GeForce RTX 5090 (UUID: GPU-85afedf9-1f8b-84b5-334a-931815cde3dc)
Dir      : /home/lthil/thesis/le-wm
STABLEWM : /home/lthil/.stable_worldmodel
========================================
Run name : lewm_s4_sensor_w1_H32_S1_P4
Config   : w=1 H=32 s=1 P=4 bs=256
========================================
[2026-04-24 22:34:59,970][root][INFO] - Cached 'action' from '/home/lthil/.stable_worldmodel/scenario4_train_lewm.h5'
[2026-04-24 22:35:04,970][root][INFO] - Cached 'pixels' from '/home/lthil/.stable_worldmodel/scenario4_train_lewm.h5'
/home/lthil/thesis/le-wm/jepa.py:65: UserWarning: enable_nested_tensor is True, but self.use_nested_tensor is False because encoder_layer.norm_first was True
  self.transformer = nn.TransformerEncoder(encoder_layer, num_layers=num_layers)
[2026-04-24 22:35:05,438][root][INFO] - [Encoder] SensorEncoder — n_sensors=176, d_model=64
[2026-04-24 22:35:05,442][root][INFO] - [HIProbe] Config found: True, enabled: True
[2026-04-24 22:35:05,442][root][INFO] - [HIProbe] data_path = /home/lthil/.stable_worldmodel/scenario4_train_lewm.h5
[2026-04-24 22:35:05,442][root][INFO] - [HIProbe] ✓ Registered — evaluating every 5 epochs
22:35:05.442 | INFO    (702499, stable_pretraining.data.module) | Setting up DataModule
22:35:05.442 | INFO    (702499, stable_pretraining.module) | Initializing Module configuration...
22:35:05.442 | WARNING (702499, stable_pretraining.module) | No hyperparameters provided - hyperparameter logging is disabled.
22:35:05.443 | INFO    (702499, stable_pretraining.module) | Setting custom forward method.
22:35:05.443 | INFO    (702499, stable_pretraining.module) | Setting attribute: self.model = <class 'jepa.JEPA'>
22:35:05.443 | INFO    (702499, stable_pretraining.module) | Setting attribute: self.sigreg = <class 'module.SIGReg'>
22:35:05.443 | INFO    (702499, stable_pretraining.module) | Setting attribute: self.optim = <class 'dict'>
22:35:05.443 | INFO    (702499, stable_pretraining.module) | No metrics configuration provided - automatic metric tracking is disabled.
wandb: WARNING The anonymous setting has no effect and will be removed in a future version.
wandb: WARNING `resume` will be ignored since W&B syncing is set to `offline`. Starting a new run with run id oz81yajr.
wandb: Tracking run with wandb version 0.26.1
wandb: W&B syncing is set to `offline` in this directory. Run `wandb online` or set WANDB_MODE=online to enable cloud syncing.
wandb: Run data is saved locally in wandb/offline-run-20260424_223505-oz81yajr
Using bfloat16 Automatic Mixed Precision (AMP)
22:35:05.858 | INFO    (702499, stable_pretraining.callbacks.env_info) | EnvironmentDumpCallback initialized (filename=environment.json, async=True)
22:35:05.858 | INFO    (702499, stable_pretraining.callbacks.cpu_offload) | ============================================================
22:35:05.858 | INFO    (702499, stable_pretraining.callbacks.cpu_offload) | Initializing CPUOffloadCallback
22:35:05.858 | INFO    (702499, stable_pretraining.callbacks.cpu_offload) | Configuration:
22:35:05.859 | INFO    (702499, stable_pretraining.callbacks.cpu_offload) |   - Offload keys: ['state_dict', 'optimizer_states', 'lr_schedulers']
22:35:05.859 | INFO    (702499, stable_pretraining.callbacks.cpu_offload) |   - Log all skipped objects: False
22:35:05.859 | INFO    (702499, stable_pretraining.callbacks.cpu_offload) |   - Will show first/last 10 skipped objects only
22:35:05.859 | SUCCESS (702499, stable_pretraining.callbacks.cpu_offload) | ✓ CUDA available: 1 GPU(s) detected
22:35:05.978 | INFO    (702499, stable_pretraining.callbacks.cpu_offload) |   - GPU 0: NVIDIA GeForce RTX 5090 (33.7 GB)
22:35:05.979 | SUCCESS (702499, stable_pretraining.callbacks.cpu_offload) | CPUOffloadCallback initialized successfully
22:35:05.979 | INFO    (702499, stable_pretraining.callbacks.cpu_offload) | ============================================================
Adding 10 callbacks from entry point 'stablepretraining_callbacks': ModuleRegistryCallback, LoggingCallback, EnvironmentDumpCallback, TrainerInfo, SklearnCheckpoint, WandbCheckpoint, ModuleSummary, SLURMInfo, LogUnusedParametersOnce, CPUOffloadCallback
GPU available: True (cuda), used: True
TPU available: False, using: 0 TPU cores
💡 Tip: For seamless cloud logging and experiment tracking, try installing [litlogger](https://pypi.org/project/litlogger/) to enable LitLogger, which logs metrics and artifacts automatically to the Lightning Experiments platform.
Seed set to 3072
💡 Tip: For seamless cloud uploads and versioning, try installing [litmodels](https://pypi.org/project/litmodels/) to enable LitModelCheckpoint, which syncs automatically with the Lightning model registry.
You are using a CUDA device ('NVIDIA GeForce RTX 5090') that has Tensor Cores. To properly utilize them, you should set `torch.set_float32_matmul_precision('medium' | 'high')` which will trade-off precision for performance. For more details, read https://pytorch.org/docs/stable/generated/torch.set_float32_matmul_precision.html#torch.set_float32_matmul_precision
22:35:06.052 | INFO    (702499, stable_pretraining.data.module) | dataset for fit loaded!  ✅
22:35:06.052 | INFO    (702499, stable_pretraining.data.module) | 	● setup was done by user
[2026-04-24 22:35:06,052][root][INFO] - [HIProbe] Loading dataset from /home/lthil/.stable_worldmodel/scenario4_train_lewm.h5  (seq_len=32, obs_window=1)
[2026-04-24 22:35:10,951][root][INFO] - [HIProbe] Loading observations from key 'pixels' (encoder_type=sensor, shape=(7010872, 176))
[2026-04-24 22:35:11,102][root][INFO] - [HIProbe] Action-RUL: 80251 maintenance events found (max_horizon=300)
[2026-04-24 22:35:11,107][root][INFO] - [HIProbe] CSV → hi_probe_metrics.csv
[2026-04-24 22:35:11,107][root][INFO] - [HIProbe] 28,342 train / 26,762 test timesteps  (500 episodes, 10 HI dims)
22:35:11.207 | INFO    (702499, stable_pretraining.callbacks.env_info) | ======================================================================
22:35:11.207 | INFO    (702499, stable_pretraining.callbacks.env_info) | 🔍 Starting environment configuration dump...
22:35:11.208 | INFO    (702499, stable_pretraining.callbacks.env_info) | ======================================================================
22:35:11.208 | INFO    (702499, stable_pretraining.callbacks.env_info) | EnvironmentDumpCallback  log_dir=PosixPath('/home/lthil/thesis/le-wm')
22:35:11.208 | INFO    (702499, stable_pretraining.callbacks.env_info) | ⚡ Running environment dump in background thread (non-blocking)
22:35:11.208 | INFO    (702499, stable_pretraining.callbacks.env_info) | 📁 Log directory: /home/lthil/thesis/le-wm
22:35:11.208 | INFO    (702499, stable_pretraining.callbacks.env_info) | 📊 Collecting environment information...
22:35:11.208 | SUCCESS (702499, stable_pretraining.callbacks.env_info) | ✓ Background thread started successfully
22:35:11.208 | SUCCESS (702499, stable_pretraining.callbacks.env_info) |   ✓ Python 3.10.20
22:35:11.209 | INFO    (702499, stable_pretraining.callbacks.trainer_info) | 	 linking trainer to DataModule! 🔧
22:35:11.209 | SUCCESS (702499, stable_pretraining.callbacks.env_info) |   ✓ System: Linux 6.8.0-106-generic (x86_64)
22:35:11.209 | INFO    (702499, stable_pretraining.callbacks.checkpoint_sklearn) | Setting up SklearnCheckpoint callback!
22:35:11.209 | INFO    (702499, stable_pretraining.callbacks.env_info) |      Hostname: dragon
22:35:11.210 | INFO    (702499, stable_pretraining.callbacks.checkpoint_sklearn) | Sklearn Modules:
22:35:11.211 | INFO    (702499, stable_pretraining.callbacks.checkpoint_sklearn) | 
┏━━━━━━━━━━┳━━━━━━━━┳━━━━━━━━┓
┃ Module   ┃ Name   ┃ Type   ┃
┣━━━━━━━━━━╋━━━━━━━━╋━━━━━━━━┫
┗━━━━━━━━━━┻━━━━━━━━┻━━━━━━━━┛
22:35:11.211 | INFO    (702499, stable_pretraining.callbacks.checkpoint_sklearn) | Setting up WandbCheckpoint callback!
22:35:11.211 | INFO    (702499, stable_pretraining.callbacks.trainer_info) | PyTorch Modules:
22:35:11.211 | WARNING (702499, stable_pretraining.module) | You are calling self.parameters which also gives callbacks parameters, to remove then, pass `with_callbacks=False`
22:35:11.215 | INFO    (702499, stable_pretraining.callbacks.trainer_info) | \n+---------------------------------------------------------+----------------------+--------------------------+--------------------------+---------+
| Module                                                  | Trainable parameters | Non Trainable parameters | Uninitialized parameters | Buffers |
+---------------------------------------------------------+----------------------+--------------------------+--------------------------+---------+
|                                                         |               829396 |                        0 |                        0 |    1077 |
| callbacks_modules                                       |                    0 |                        0 |                        0 |       0 |
| callbacks_metrics                                       |                    0 |                        0 |                        0 |       0 |
| model                                                   |               829396 |                        0 |                        0 |    1026 |
| model.encoder                                           |               113024 |                        0 |                        0 |       0 |
| model.encoder.value_proj                                |                  128 |                        0 |                        0 |       0 |
| model.encoder.transformer                               |                99968 |                        0 |                        0 |       0 |
| model.encoder.transformer.layers                        |                99968 |                        0 |                        0 |       0 |
| model.encoder.transformer.layers.0                      |                49984 |                        0 |                        0 |       0 |
| model.encoder.transformer.layers.0.self_attn            |                16640 |                        0 |                        0 |       0 |
| model.encoder.transformer.layers.0.self_attn.out_proj   |                 4160 |                        0 |                        0 |       0 |
| model.encoder.transformer.layers.0.linear1              |                16640 |                        0 |                        0 |       0 |
| model.encoder.transformer.layers.0.dropout              |                    0 |                        0 |                        0 |       0 |
| model.encoder.transformer.layers.0.linear2              |                16448 |                        0 |                        0 |       0 |
| model.encoder.transformer.layers.0.norm1                |                  128 |                        0 |                        0 |       0 |
| model.encoder.transformer.layers.0.norm2                |                  128 |                        0 |                        0 |       0 |
| model.encoder.transformer.layers.0.dropout1             |                    0 |                        0 |                        0 |       0 |
| model.encoder.transformer.layers.0.dropout2             |                    0 |                        0 |                        0 |       0 |
| model.encoder.transformer.layers.1                      |                49984 |                        0 |                        0 |       0 |
| model.encoder.transformer.layers.1.self_attn            |                16640 |                        0 |                        0 |       0 |
| model.encoder.transformer.layers.1.self_attn.out_proj   |                 4160 |                        0 |                        0 |       0 |
| model.encoder.transformer.layers.1.linear1              |                16640 |                        0 |                        0 |       0 |
| model.encoder.transformer.layers.1.dropout              |                    0 |                        0 |                        0 |       0 |
| model.encoder.transformer.layers.1.linear2              |                16448 |                        0 |                        0 |       0 |
| model.encoder.transformer.layers.1.norm1                |                  128 |                        0 |                        0 |       0 |
| model.encoder.transformer.layers.1.norm2                |                  128 |                        0 |                        0 |       0 |
| model.encoder.transformer.layers.1.dropout1             |                    0 |                        0 |                        0 |       0 |
| model.encoder.transformer.layers.1.dropout2             |                    0 |                        0 |                        0 |       0 |
| model.encoder.norm                                      |                  128 |                        0 |                        0 |       0 |
| model.predictor                                         |               629888 |                        0 |                        0 |       0 |
| model.predictor.dropout                                 |                    0 |                        0 |                        0 |       0 |
| model.predictor.transformer                             |               627840 |                        0 |                        0 |       0 |
| model.predictor.transformer.norm                        |                  128 |                        0 |                        0 |       0 |
| model.predictor.transformer.layers                      |               627712 |                        0 |                        0 |       0 |
| model.predictor.transformer.layers.0                    |               156928 |                        0 |                        0 |       0 |
| model.predictor.transformer.layers.0.attn               |                65728 |                        0 |                        0 |       0 |
| model.predictor.transformer.layers.0.attn.norm          |                  128 |                        0 |                        0 |       0 |
| model.predictor.transformer.layers.0.attn.attend        |                    0 |                        0 |                        0 |       0 |
| model.predictor.transformer.layers.0.attn.to_qkv        |                49152 |                        0 |                        0 |       0 |
| model.predictor.transformer.layers.0.attn.to_out        |                16448 |                        0 |                        0 |       0 |
| model.predictor.transformer.layers.0.attn.to_out.0      |                16448 |                        0 |                        0 |       0 |
| model.predictor.transformer.layers.0.attn.to_out.1      |                    0 |                        0 |                        0 |       0 |
| model.predictor.transformer.layers.0.mlp                |                66240 |                        0 |                        0 |       0 |
| model.predictor.transformer.layers.0.mlp.net            |                66240 |                        0 |                        0 |       0 |
| model.predictor.transformer.layers.0.mlp.net.0          |                  128 |                        0 |                        0 |       0 |
| model.predictor.transformer.layers.0.mlp.net.1          |                33280 |                        0 |                        0 |       0 |
| model.predictor.transformer.layers.0.mlp.net.2          |                    0 |                        0 |                        0 |       0 |
| model.predictor.transformer.layers.0.mlp.net.3          |                    0 |                        0 |                        0 |       0 |
| model.predictor.transformer.layers.0.mlp.net.4          |                32832 |                        0 |                        0 |       0 |
| model.predictor.transformer.layers.0.mlp.net.5          |                    0 |                        0 |                        0 |       0 |
| model.predictor.transformer.layers.0.norm1              |                    0 |                        0 |                        0 |       0 |
| model.predictor.transformer.layers.0.norm2              |                    0 |                        0 |                        0 |       0 |
| model.predictor.transformer.layers.0.adaLN_modulation   |                24960 |                        0 |                        0 |       0 |
| model.predictor.transformer.layers.0.adaLN_modulation.0 |                    0 |                        0 |                        0 |       0 |
| model.predictor.transformer.layers.0.adaLN_modulation.1 |                24960 |                        0 |                        0 |       0 |
| model.predictor.transformer.layers.1                    |               156928 |                        0 |                        0 |       0 |
| model.predictor.transformer.layers.1.attn               |                65728 |                        0 |                        0 |       0 |
| model.predictor.transformer.layers.1.attn.norm          |                  128 |                        0 |                        0 |       0 |
| model.predictor.transformer.layers.1.attn.attend        |                    0 |                        0 |                        0 |       0 |
| model.predictor.transformer.layers.1.attn.to_qkv        |                49152 |                        0 |                        0 |       0 |
| model.predictor.transformer.layers.1.attn.to_out        |                16448 |                        0 |                        0 |       0 |
| model.predictor.transformer.layers.1.attn.to_out.0      |                16448 |                        0 |                        0 |       0 |
| model.predictor.transformer.layers.1.attn.to_out.1      |                    0 |                        0 |                        0 |       0 |
| model.predictor.transformer.layers.1.mlp                |                66240 |                        0 |                        0 |       0 |
| model.predictor.transformer.layers.1.mlp.net            |                66240 |                        0 |                        0 |       0 |
| model.predictor.transformer.layers.1.mlp.net.0          |                  128 |                        0 |                        0 |       0 |
| model.predictor.transformer.layers.1.mlp.net.1          |                33280 |                        0 |                        0 |       0 |
| model.predictor.transformer.layers.1.mlp.net.2          |                    0 |                        0 |                        0 |       0 |
| model.predictor.transformer.layers.1.mlp.net.3          |                    0 |                        0 |                        0 |       0 |
| model.predictor.transformer.layers.1.mlp.net.4          |                32832 |                        0 |                        0 |       0 |
| model.predictor.transformer.layers.1.mlp.net.5          |                    0 |                        0 |                        0 |       0 |
| model.predictor.transformer.layers.1.norm1              |                    0 |                        0 |                        0 |       0 |
| model.predictor.transformer.layers.1.norm2              |                    0 |                        0 |                        0 |       0 |
| model.predictor.transformer.layers.1.adaLN_modulation   |                24960 |                        0 |                        0 |       0 |
| model.predictor.transformer.layers.1.adaLN_modulation.0 |                    0 |                        0 |                        0 |       0 |
| model.predictor.transformer.layers.1.adaLN_modulation.1 |                24960 |                        0 |                        0 |       0 |
| model.predictor.transformer.layers.2                    |               156928 |                        0 |                        0 |       0 |
| model.predictor.transformer.layers.2.attn               |                65728 |                        0 |                        0 |       0 |
| model.predictor.transformer.layers.2.attn.norm          |                  128 |                        0 |                        0 |       0 |
| model.predictor.transformer.layers.2.attn.attend        |                    0 |                        0 |                        0 |       0 |
| model.predictor.transformer.layers.2.attn.to_qkv        |                49152 |                        0 |                        0 |       0 |
| model.predictor.transformer.layers.2.attn.to_out        |                16448 |                        0 |                        0 |       0 |
| model.predictor.transformer.layers.2.attn.to_out.0      |                16448 |                        0 |                        0 |       0 |
| model.predictor.transformer.layers.2.attn.to_out.1      |                    0 |                        0 |                        0 |       0 |
| model.predictor.transformer.layers.2.mlp                |                66240 |                        0 |                        0 |       0 |
| model.predictor.transformer.layers.2.mlp.net            |                66240 |                        0 |                        0 |       0 |
| model.predictor.transformer.layers.2.mlp.net.0          |                  128 |                        0 |                        0 |       0 |
| model.predictor.transformer.layers.2.mlp.net.1          |                33280 |                        0 |                        0 |       0 |
| model.predictor.transformer.layers.2.mlp.net.2          |                    0 |                        0 |                        0 |       0 |
| model.predictor.transformer.layers.2.mlp.net.3          |                    0 |                        0 |                        0 |       0 |
| model.predictor.transformer.layers.2.mlp.net.4          |                32832 |                        0 |                        0 |       0 |
| model.predictor.transformer.layers.2.mlp.net.5          |                    0 |                        0 |                        0 |       0 |
| model.predictor.transformer.layers.2.norm1              |                    0 |                        0 |                        0 |       0 |
| model.predictor.transformer.layers.2.norm2              |                    0 |                        0 |                        0 |       0 |
| model.predictor.transformer.layers.2.adaLN_modulation   |                24960 |                        0 |                        0 |       0 |
| model.predictor.transformer.layers.2.adaLN_modulation.0 |                    0 |                        0 |                        0 |       0 |
| model.predictor.transformer.layers.2.adaLN_modulation.1 |                24960 |                        0 |                        0 |       0 |
| model.predictor.transformer.layers.3                    |               156928 |                        0 |                        0 |       0 |
| model.predictor.transformer.layers.3.attn               |                65728 |                        0 |                        0 |       0 |
| model.predictor.transformer.layers.3.attn.norm          |                  128 |                        0 |                        0 |       0 |
| model.predictor.transformer.layers.3.attn.attend        |                    0 |                        0 |                        0 |       0 |
| model.predictor.transformer.layers.3.attn.to_qkv        |                49152 |                        0 |                        0 |       0 |
| model.predictor.transformer.layers.3.attn.to_out        |                16448 |                        0 |                        0 |       0 |
| model.predictor.transformer.layers.3.attn.to_out.0      |                16448 |                        0 |                        0 |       0 |
| model.predictor.transformer.layers.3.attn.to_out.1      |                    0 |                        0 |                        0 |       0 |
| model.predictor.transformer.layers.3.mlp                |                66240 |                        0 |                        0 |       0 |
| model.predictor.transformer.layers.3.mlp.net            |                66240 |                        0 |                        0 |       0 |
| model.predictor.transformer.layers.3.mlp.net.0          |                  128 |                        0 |                        0 |       0 |
| model.predictor.transformer.layers.3.mlp.net.1          |                33280 |                        0 |                        0 |       0 |
| model.predictor.transformer.layers.3.mlp.net.2          |                    0 |                        0 |                        0 |       0 |
| model.predictor.transformer.layers.3.mlp.net.3          |                    0 |                        0 |                        0 |       0 |
| model.predictor.transformer.layers.3.mlp.net.4          |                32832 |                        0 |                        0 |       0 |
| model.predictor.transformer.layers.3.mlp.net.5          |                    0 |                        0 |                        0 |       0 |
| model.predictor.transformer.layers.3.norm1              |                    0 |                        0 |                        0 |       0 |
| model.predictor.transformer.layers.3.norm2              |                    0 |                        0 |                        0 |       0 |
| model.predictor.transformer.layers.3.adaLN_modulation   |                24960 |                        0 |                        0 |       0 |
| model.predictor.transformer.layers.3.adaLN_modulation.0 |                    0 |                        0 |                        0 |       0 |
| model.predictor.transformer.layers.3.adaLN_modulation.1 |                24960 |                        0 |                        0 |       0 |
| model.predictor.transformer.input_proj                  |                    0 |                        0 |                        0 |       0 |
| model.predictor.transformer.cond_proj                   |                    0 |                        0 |                        0 |       0 |
| model.predictor.transformer.output_proj                 |                    0 |                        0 |                        0 |       0 |
| model.action_encoder                                    |                19284 |                        0 |                        0 |       0 |
| model.action_encoder.patch_embed                        |                   20 |                        0 |                        0 |       0 |
| model.action_encoder.embed                              |                19264 |                        0 |                        0 |       0 |
| model.action_encoder.embed.0                            |                 2816 |                        0 |                        0 |       0 |
| model.action_encoder.embed.1                            |                    0 |                        0 |                        0 |       0 |
| model.action_encoder.embed.2                            |                16448 |                        0 |                        0 |       0 |
| model.projector                                         |                33600 |                        0 |                        0 |     513 |
| model.projector.net                                     |                33600 |                        0 |                        0 |     513 |
| model.projector.net.0                                   |                16640 |                        0 |                        0 |       0 |
| model.projector.net.1                                   |                  512 |                        0 |                        0 |     513 |
| model.projector.net.2                                   |                    0 |                        0 |                        0 |       0 |
| model.projector.net.3                                   |                16448 |                        0 |                        0 |       0 |
| model.pred_proj                                         |                33600 |                        0 |                        0 |     513 |
| model.pred_proj.net                                     |                33600 |                        0 |                        0 |     513 |
| model.pred_proj.net.0                                   |                16640 |                        0 |                        0 |       0 |
| model.pred_proj.net.1                                   |                  512 |                        0 |                        0 |     513 |
| model.pred_proj.net.2                                   |                    0 |                        0 |                        0 |       0 |
| model.pred_proj.net.3                                   |                16448 |                        0 |                        0 |       0 |
| sigreg                                                  |                    0 |                        0 |                        0 |      51 |
+---------------------------------------------------------+----------------------+--------------------------+--------------------------+---------+
22:35:11.215 | INFO    (702499, stable_pretraining.callbacks.trainer_info) | ---- SLURM INFO ---- 🔧
22:35:11.215 | INFO    (702499, stable_pretraining.callbacks.trainer_info) | Job ID: N/A
22:35:11.215 | INFO    (702499, stable_pretraining.callbacks.trainer_info) | Task ID: N/A
22:35:11.215 | INFO    (702499, stable_pretraining.callbacks.trainer_info) | Job Name: N/A
22:35:11.215 | INFO    (702499, stable_pretraining.callbacks.trainer_info) | Nodes: N/A
22:35:11.215 | INFO    (702499, stable_pretraining.callbacks.trainer_info) | Tasks: N/A
22:35:11.215 | INFO    (702499, stable_pretraining.callbacks.trainer_info) | CPUs per node: N/A
22:35:11.215 | INFO    (702499, stable_pretraining.callbacks.trainer_info) | CPUs per task: N/A
22:35:11.215 | INFO    (702499, stable_pretraining.callbacks.trainer_info) | Memory per node: N/A
22:35:11.215 | INFO    (702499, stable_pretraining.callbacks.trainer_info) | Memory per CPU: N/A
22:35:11.215 | INFO    (702499, stable_pretraining.callbacks.trainer_info) | Time limit: N/A
22:35:11.215 | INFO    (702499, stable_pretraining.callbacks.trainer_info) | Partition: N/A
22:35:11.215 | INFO    (702499, stable_pretraining.callbacks.trainer_info) | Node List: N/A
22:35:11.215 | INFO    (702499, stable_pretraining.callbacks.trainer_info) | Submit Directory: N/A
22:35:11.216 | INFO    (702499, stable_pretraining.callbacks.cpu_offload) | CPUOffloadCallback: Setup called for stage 'fit'
22:35:11.216 | INFO    (702499, stable_pretraining.callbacks.cpu_offload) |   - Trainer rank: 0/1
22:35:11.216 | INFO    (702499, stable_pretraining.callbacks.cpu_offload) |   - Strategy: SingleDeviceStrategy
22:35:11.216 | SUCCESS (702499, stable_pretraining.callbacks.cpu_offload) | ✓ Strategy 'SingleDeviceStrategy' is compatible with CPU offload
22:35:11.216 | SUCCESS (702499, stable_pretraining.callbacks.cpu_offload) | ✓ CPUOffloadCallback ENABLED for strategy 'SingleDeviceStrategy'
22:35:11.216 | INFO    (702499, stable_pretraining.callbacks.cpu_offload) |   - This rank will handle checkpoint saving and CPU offload
LOCAL_RANK: 0 - CUDA_VISIBLE_DEVICES: [0]
22:35:11.219 | INFO    (702499, stable_pretraining.module) | Configuring optimizers and learning rate schedulers...
22:35:11.219 | INFO    (702499, stable_pretraining.module) | 	Optimizer specified by Dict with keys ['model_opt']... 🔧
22:35:11.220 | INFO    (702499, stable_pretraining.module) | 
┏━━━━━━━━━━━━━┳━━━━━━━━━━━┳━━━━━━━━━━━━━━━━━━━┳━━━━━━━━━━━━━━━━━┳━━━━━━━━━━━━━━━━┳━━━━━━━━━━━━━━━━━━━━━━━━┓
┃ Optimizer   ┃ Pattern   ┃   Matched Modules ┃   Param Tensors ┃   Total Params ┃   RequiresGrad Tensors ┃
┣━━━━━━━━━━━━━╋━━━━━━━━━━━╋━━━━━━━━━━━━━━━━━━━╋━━━━━━━━━━━━━━━━━╋━━━━━━━━━━━━━━━━╋━━━━━━━━━━━━━━━━━━━━━━━━┫
┃ model_opt   ┃ model     ┃               136 ┃             102 ┃         829396 ┃                    102 ┃
┗━━━━━━━━━━━━━┻━━━━━━━━━━━┻━━━━━━━━━━━━━━━━━━━┻━━━━━━━━━━━━━━━━━┻━━━━━━━━━━━━━━━━┻━━━━━━━━━━━━━━━━━━━━━━━━┛
22:35:11.220 | INFO    (702499, stable_pretraining.optim.lr_scheduler) | 	User provided a dict
Loading `train_dataloader` to estimate number of stepping batches.
/home/lthil/thesis/le-wm/.venv/lib/python3.10/site-packages/lightning/pytorch/utilities/_pytree.py:21: `isinstance(treespec, LeafSpec)` is deprecated, use `isinstance(treespec, TreeSpec) and treespec.is_leaf()` instead.
22:35:11.220 | WARNING (702499, stable_pretraining.callbacks.env_info) |      ⚠️  pip freeze failed: Command '['/home/lthil/thesis/le-wm/.venv/bin/python', '-m', 'pip', 'freeze']' returned non-zero exit status 1.
22:35:11.220 | SUCCESS (702499, stable_pretraining.callbacks.env_info) |   ✓ Packages: 0 packages collected in 0.01s
22:35:11.609 | INFO    (702499, stable_pretraining.module) | Configured optimizer 'model_opt' (modules=136, param_tensors=102, total_params=829396) with LinearWarmupCosineAnnealingLR scheduler.
/home/lthil/thesis/le-wm/.venv/lib/python3.10/site-packages/lightning/pytorch/utilities/model_summary/model_summary.py:242: Precision bf16-mixed is not supported by the model summary.  Estimated model size in MB will not be accurate. Using 32 bits instead.
22:35:11.611 | WARNING (702499, stable_pretraining.module) | You are calling self.parameters which also gives callbacks parameters, to remove then, pass `with_callbacks=False`
22:35:11.612 | WARNING (702499, stable_pretraining.module) | You are calling self.parameters which also gives callbacks parameters, to remove then, pass `with_callbacks=False`
22:35:11.612 | WARNING (702499, stable_pretraining.module) | You are calling self.parameters which also gives callbacks parameters, to remove then, pass `with_callbacks=False`
22:35:11.612 | WARNING (702499, stable_pretraining.module) | You are calling self.parameters which also gives callbacks parameters, to remove then, pass `with_callbacks=False`
┏━━━┳━━━━━━━━━━━━━━━━━━━┳━━━━━━━━━━━━┳━━━━━━━━┳━━━━━━━┳━━━━━━━┓
┃   ┃ Name              ┃ Type       ┃ Params ┃ Mode  ┃ FLOPs ┃
┡━━━╇━━━━━━━━━━━━━━━━━━━╇━━━━━━━━━━━━╇━━━━━━━━╇━━━━━━━╇━━━━━━━┩
│ 0 │ callbacks_modules │ ModuleDict │      0 │ train │     0 │
│ 1 │ callbacks_metrics │ ModuleDict │      0 │ train │     0 │
│ 2 │ model             │ JEPA       │  829 K │ train │     0 │
│ 3 │ sigreg            │ SIGReg     │      0 │ train │     0 │
└───┴───────────────────┴────────────┴────────┴───────┴───────┘
Trainable params: 829 K                                                         
Non-trainable params: 0                                                         
Total params: 829 K                                                             
Total estimated model params size (MB): 3                                       
Modules in train mode: 139                                                      
Modules in eval mode: 0                                                         
Total FLOPs: 0                                                                  
22:35:11.621 | WARNING (702499, stable_pretraining.module) | You are calling self.parameters which also gives callbacks parameters, to remove then, pass `with_callbacks=False`
/home/lthil/thesis/le-wm/.venv/lib/python3.10/site-packages/lightning/pytorch/utilities/_pytree.py:21: `isinstance(treespec, LeafSpec)` is deprecated, use `isinstance(treespec, TreeSpec) and treespec.is_leaf()` instead.
/home/lthil/thesis/le-wm/.venv/lib/python3.10/site-packages/lightning/pytorch/utilities/data.py:79: Trying to infer the `batch_size` from an ambiguous collection. The batch size we found is 256. To avoid any miscalculations, use `self.log(..., batch_size=batch_size)`.
22:35:12.134 | INFO    (702499, stable_pretraining.callbacks.trainer_info) | \n+----------------------------+----------------------+
|           Metric           |        Value         |
+----------------------------+----------------------+
|      [0;34;40mvalidate/ar_loss[0m      | [0;32;40m0.054063282907009125[0m |
|   [0;34;40mvalidate/ar_loss_epoch[0m   | [0;32;40m0.054063282907009125[0m |
|       [0;34;40mvalidate/loss[0m        |  [0;32;40m16.490339279174805[0m  |
|    [0;34;40mvalidate/loss_epoch[0m     |  [0;32;40m16.490339279174805[0m  |
|     [0;34;40mvalidate/pred_loss[0m     | [0;32;40m0.11533952504396439[0m  |
|  [0;34;40mvalidate/pred_loss_epoch[0m  | [0;32;40m0.11533952504396439[0m  |
|    [0;34;40mvalidate/sigreg_loss[0m    |        [0;32;40m109.0[0m         |
| [0;34;40mvalidate/sigreg_loss_epoch[0m |        [0;32;40m109.0[0m         |
+----------------------------+----------------------+
22:35:12.135 | INFO    (702499, stable_pretraining.callbacks.cpu_offload) | CPUOffloadCallback: Training started
22:35:12.135 | WARNING (702499, stable_pretraining.module) | You are calling self.parameters which also gives callbacks parameters, to remove then, pass `with_callbacks=False`
22:35:12.136 | WARNING (702499, stable_pretraining.module) | You are calling self.parameters which also gives callbacks parameters, to remove then, pass `with_callbacks=False`
22:35:12.136 | INFO    (702499, stable_pretraining.callbacks.cpu_offload) | Model statistics:
22:35:12.136 | INFO    (702499, stable_pretraining.callbacks.cpu_offload) |   - Total parameters: 829,396
22:35:12.136 | INFO    (702499, stable_pretraining.callbacks.cpu_offload) |   - Trainable parameters: 829,396
22:35:12.136 | INFO    (702499, stable_pretraining.callbacks.cpu_offload) |   - Model size (bf16): ~0.00 GB
22:35:12.136 | INFO    (702499, stable_pretraining.callbacks.cpu_offload) |   - Estimated checkpoint size (with optimizer): ~0.00 GB
22:35:12.136 | INFO    (702499, stable_pretraining.module) | Double checking optimizers!
22:35:12.136 | INFO    (702499, stable_pretraining.module) | `self.optimizers() gave us 1 optimizers
22:35:12.136 | WARNING (702499, stable_pretraining.module) | No clip val found for optimizer default_0
22:35:12.136 | WARNING (702499, stable_pretraining.module) | -> we will use the Trainer's value of 0.3
22:35:12.136 | WARNING (702499, stable_pretraining.module) | No clip algorithm found for optimizer default_0
22:35:12.136 | WARNING (702499, stable_pretraining.module) | -> we will use the Trainer's value of None
22:35:12.136 | SUCCESS (702499, stable_pretraining.module) | We are done checking your optimizers! Here is the summary:
+------------+-----------+----------------+-----------+-----------+
| Opt. Index | Opt. name |      opt       | clip val. | clip alg. |
+------------+-----------+----------------+-----------+-----------+
|     0      | default_0 | LightningAdamW |    0.3    |    None   |
+------------+-----------+----------------+-----------+-----------+
22:35:12.137 | WARNING (702499, stable_pretraining.module) | You are calling self.parameters which also gives callbacks parameters, to remove then, pass `with_callbacks=False`
22:35:12.138 | INFO    (702499, stable_pretraining.callbacks.unused_parameters) | [LogUnusedParametersOnce] Registered hooks on 102 leaf parameters.
22:35:12.241 | WARNING (702499, stable_pretraining.module) | You are calling self.parameters which also gives callbacks parameters, to remove then, pass `with_callbacks=False`
22:35:12.242 | INFO    (702499, stable_pretraining.callbacks.unused_parameters) | [LogUnusedParametersOnce] All tracked parameters received gradients on the first backward pass.
22:35:12.242 | INFO    (702499, stable_pretraining.callbacks.unused_parameters) | [LogUnusedParametersOnce] Hooks removed, callback disabled.
23:22:23.312 | WARNING (702499, stable_pretraining.module) | You are calling self.parameters which also gives callbacks parameters, to remove then, pass `with_callbacks=False`
/home/lthil/thesis/le-wm/.venv/lib/python3.10/site-packages/lightning/pytorch/utilities/data.py:79: Trying to infer the `batch_size` from an ambiguous collection. The batch size we found is 201. To avoid any miscalculations, use `self.log(..., batch_size=batch_size)`.
23:23:52.644 | INFO    (702499, stable_pretraining.callbacks.trainer_info) | \n+----------------------------+---------------------+
|           Metric           |        Value        |
+----------------------------+---------------------+
|        [0;34;40mfit/ar_loss[0m         |  [0;32;40m0.2531428337097168[0m |
|          [0;34;40mfit/loss[0m          |  [0;32;40m1.0658812522888184[0m |
|       [0;34;40mfit/pred_loss[0m        | [0;32;40m0.45259997248649597[0m |
|      [0;34;40mfit/sigreg_loss[0m       |       [0;32;40m4.09375[0m       |
|      [0;34;40mvalidate/ar_loss[0m      |  [0;32;40m0.2987784147262573[0m |
|   [0;34;40mvalidate/ar_loss_epoch[0m   |  [0;32;40m0.2987784147262573[0m |
|       [0;34;40mvalidate/loss[0m        |  [0;32;40m1.9441026449203491[0m |
|    [0;34;40mvalidate/loss_epoch[0m     |  [0;32;40m1.9441026449203491[0m |
|     [0;34;40mvalidate/pred_loss[0m     | [0;32;40m0.49328887462615967[0m |
|  [0;34;40mvalidate/pred_loss_epoch[0m  | [0;32;40m0.49328887462615967[0m |
|    [0;34;40mvalidate/sigreg_loss[0m    |  [0;32;40m9.672148704528809[0m  |
| [0;34;40mvalidate/sigreg_loss_epoch[0m |  [0;32;40m9.672148704528809[0m  |
+----------------------------+---------------------+
23:23:52.653 | INFO    (702499, stable_pretraining.callbacks.checkpoint_sklearn) | Checking for non PyTorch modules to save... 🔧
23:23:52.654 | INFO    (702499, stable_pretraining.callbacks.checkpoint_sklearn) | Checking for Wandb params to save... 🔧
23:23:52.654 | INFO    (702499, stable_pretraining.callbacks.checkpoint_sklearn) | Saving Wandb params {'id': 'oz81yajr'}
23:23:52.654 | INFO    (702499, stable_pretraining.callbacks.checkpoint_sklearn) | Checking for Wandb params to save... Done!
23:23:52.654 | INFO    (702499, stable_pretraining.callbacks.cpu_offload) | ============================================================
23:23:52.654 | INFO    (702499, stable_pretraining.callbacks.cpu_offload) | CPUOffloadCallback: Starting checkpoint CPU offload (#1)
23:23:52.654 | INFO    (702499, stable_pretraining.callbacks.cpu_offload) |   - Global step: 12293
23:23:52.654 | INFO    (702499, stable_pretraining.callbacks.cpu_offload) |   - Epoch: 0
23:23:52.654 | INFO    (702499, stable_pretraining.callbacks.cpu_offload) | Checkpoint contains 11 keys: ['callbacks', 'epoch', 'global_step', 'hparams_name', 'hyper_parameters', 'loops', 'lr_schedulers', 'optimizer_states', 'pytorch-lightning_version', 'state_dict', 'wandb']
23:23:52.654 | INFO    (702499, stable_pretraining.callbacks.cpu_offload) | GPU memory before offload:
23:23:52.654 | INFO    (702499, stable_pretraining.callbacks.cpu_offload) |   - Allocated: 0.03 GB
23:23:52.654 | INFO    (702499, stable_pretraining.callbacks.cpu_offload) |   - Reserved: 13.91 GB
23:23:52.654 | INFO    (702499, stable_pretraining.callbacks.cpu_offload) | Processing checkpoint key: 'state_dict'
23:23:52.656 | SUCCESS (702499, stable_pretraining.callbacks.cpu_offload) | ✓ Completed 'state_dict' in 0.00s
23:23:52.656 | INFO    (702499, stable_pretraining.callbacks.cpu_offload) | Processing checkpoint key: 'optimizer_states'
23:23:52.659 | SUCCESS (702499, stable_pretraining.callbacks.cpu_offload) | ✓ Completed 'optimizer_states' in 0.00s
23:23:52.659 | INFO    (702499, stable_pretraining.callbacks.cpu_offload) | Processing checkpoint key: 'lr_schedulers'
23:23:52.659 | SUCCESS (702499, stable_pretraining.callbacks.cpu_offload) | ✓ Completed 'lr_schedulers' in 0.00s
23:23:52.659 | WARNING (702499, stable_pretraining.callbacks.cpu_offload) | Skipped 125 custom object(s)
23:23:52.659 | WARNING (702499, stable_pretraining.callbacks.cpu_offload) | First 10 skipped objects:
23:23:52.659 | WARNING (702499, stable_pretraining.callbacks.cpu_offload) |   - float at 'optimizer_states[0].param_groups[0].lr'
23:23:52.659 | WARNING (702499, stable_pretraining.callbacks.cpu_offload) |   - float at 'optimizer_states[0].param_groups[0].betas[0]'
23:23:52.659 | WARNING (702499, stable_pretraining.callbacks.cpu_offload) |   - float at 'optimizer_states[0].param_groups[0].betas[1]'
23:23:52.659 | WARNING (702499, stable_pretraining.callbacks.cpu_offload) |   - float at 'optimizer_states[0].param_groups[0].eps'
23:23:52.659 | WARNING (702499, stable_pretraining.callbacks.cpu_offload) |   - float at 'optimizer_states[0].param_groups[0].weight_decay'
23:23:52.659 | WARNING (702499, stable_pretraining.callbacks.cpu_offload) |   - bool at 'optimizer_states[0].param_groups[0].amsgrad'
23:23:52.659 | WARNING (702499, stable_pretraining.callbacks.cpu_offload) |   - bool at 'optimizer_states[0].param_groups[0].maximize'
23:23:52.659 | WARNING (702499, stable_pretraining.callbacks.cpu_offload) |   - NoneType at 'optimizer_states[0].param_groups[0].foreach'
23:23:52.659 | WARNING (702499, stable_pretraining.callbacks.cpu_offload) |   - bool at 'optimizer_states[0].param_groups[0].capturable'
23:23:52.659 | WARNING (702499, stable_pretraining.callbacks.cpu_offload) |   - bool at 'optimizer_states[0].param_groups[0].differentiable'
23:23:52.659 | WARNING (702499, stable_pretraining.callbacks.cpu_offload) | ... (105 more skipped) ...
23:23:52.659 | WARNING (702499, stable_pretraining.callbacks.cpu_offload) | Last 10 skipped objects:
23:23:52.659 | WARNING (702499, stable_pretraining.callbacks.cpu_offload) |   - int at 'lr_schedulers[0].warmup_steps'
23:23:52.660 | WARNING (702499, stable_pretraining.callbacks.cpu_offload) |   - int at 'lr_schedulers[0].max_steps'
23:23:52.660 | WARNING (702499, stable_pretraining.callbacks.cpu_offload) |   - float at 'lr_schedulers[0].warmup_start_lr'
23:23:52.660 | WARNING (702499, stable_pretraining.callbacks.cpu_offload) |   - float at 'lr_schedulers[0].eta_min'
23:23:52.660 | WARNING (702499, stable_pretraining.callbacks.cpu_offload) |   - float at 'lr_schedulers[0].base_lrs[0]'
23:23:52.660 | WARNING (702499, stable_pretraining.callbacks.cpu_offload) |   - int at 'lr_schedulers[0].last_epoch'
23:23:52.660 | WARNING (702499, stable_pretraining.callbacks.cpu_offload) |   - int at 'lr_schedulers[0]._step_count'
23:23:52.660 | WARNING (702499, stable_pretraining.callbacks.cpu_offload) |   - bool at 'lr_schedulers[0]._is_initial'
23:23:52.660 | WARNING (702499, stable_pretraining.callbacks.cpu_offload) |   - bool at 'lr_schedulers[0]._get_lr_called_within_step'
23:23:52.660 | WARNING (702499, stable_pretraining.callbacks.cpu_offload) |   - float at 'lr_schedulers[0]._last_lr[0]'
23:23:52.660 | INFO    (702499, stable_pretraining.callbacks.cpu_offload) | To see all 125 skipped objects, set log_skipped=True
23:23:52.660 | INFO    (702499, stable_pretraining.callbacks.cpu_offload) | GPU memory after offload:
23:23:52.660 | INFO    (702499, stable_pretraining.callbacks.cpu_offload) |   - Allocated: 0.03 GB
23:23:52.660 | INFO    (702499, stable_pretraining.callbacks.cpu_offload) |   - Reserved: 13.91 GB
23:23:52.660 | INFO    (702499, stable_pretraining.callbacks.cpu_offload) | GPU memory freed: 0.00 GB
23:23:52.660 | SUCCESS (702499, stable_pretraining.callbacks.cpu_offload) | CPUOffloadCallback: Checkpoint #1 completed in 0.01s
23:23:52.660 | INFO    (702499, stable_pretraining.callbacks.cpu_offload) | Successfully processed keys: ['state_dict', 'optimizer_states', 'lr_schedulers']
23:23:52.660 | INFO    (702499, stable_pretraining.callbacks.cpu_offload) | Cumulative stats:
23:23:52.660 | INFO    (702499, stable_pretraining.callbacks.cpu_offload) |   - Total checkpoints saved: 1
23:23:52.661 | INFO    (702499, stable_pretraining.callbacks.cpu_offload) |   - Total time in offload: 0.01s
23:23:52.661 | INFO    (702499, stable_pretraining.callbacks.cpu_offload) |   - Total memory freed: 0.00 GB
23:23:52.661 | INFO    (702499, stable_pretraining.callbacks.cpu_offload) |   - Average time per checkpoint: 0.01s
23:23:52.661 | INFO    (702499, stable_pretraining.callbacks.cpu_offload) | ============================================================
00:11:03.749 | WARNING (702499, stable_pretraining.module) | You are calling self.parameters which also gives callbacks parameters, to remove then, pass `with_callbacks=False`
00:12:33.067 | INFO    (702499, stable_pretraining.callbacks.trainer_info) | \n+----------------------------+---------------------+
|           Metric           |        Value        |
+----------------------------+---------------------+
|        [0;34;40mfit/ar_loss[0m         |  [0;32;40m0.1070694550871849[0m |
|          [0;34;40mfit/loss[0m          |  [0;32;40m0.5725744366645813[0m |
|       [0;34;40mfit/pred_loss[0m        |  [0;32;40m0.1741369366645813[0m |
|      [0;34;40mfit/sigreg_loss[0m       |       [0;32;40m2.65625[0m       |
|      [0;34;40mvalidate/ar_loss[0m      | [0;32;40m0.10485618561506271[0m |
|   [0;34;40mvalidate/ar_loss_epoch[0m   | [0;32;40m0.10485618561506271[0m |
|       [0;34;40mvalidate/loss[0m        |  [0;32;40m0.6910362243652344[0m |
|    [0;34;40mvalidate/loss_epoch[0m     |  [0;32;40m0.6910362243652344[0m |
|     [0;34;40mvalidate/pred_loss[0m     |  [0;32;40m0.164452463388443[0m  |
|  [0;34;40mvalidate/pred_loss_epoch[0m  |  [0;32;40m0.164452463388443[0m  |
|    [0;34;40mvalidate/sigreg_loss[0m    |  [0;32;40m3.5104732513427734[0m |
| [0;34;40mvalidate/sigreg_loss_epoch[0m |  [0;32;40m3.5104732513427734[0m |
+----------------------------+---------------------+
00:12:33.074 | INFO    (702499, stable_pretraining.callbacks.checkpoint_sklearn) | Checking for non PyTorch modules to save... 🔧
00:12:33.074 | INFO    (702499, stable_pretraining.callbacks.checkpoint_sklearn) | Checking for Wandb params to save... 🔧
00:12:33.074 | INFO    (702499, stable_pretraining.callbacks.checkpoint_sklearn) | Saving Wandb params {'id': 'oz81yajr'}
00:12:33.074 | INFO    (702499, stable_pretraining.callbacks.checkpoint_sklearn) | Checking for Wandb params to save... Done!
00:12:33.074 | INFO    (702499, stable_pretraining.callbacks.cpu_offload) | ============================================================
00:12:33.074 | INFO    (702499, stable_pretraining.callbacks.cpu_offload) | CPUOffloadCallback: Starting checkpoint CPU offload (#2)
00:12:33.075 | INFO    (702499, stable_pretraining.callbacks.cpu_offload) |   - Global step: 24586
00:12:33.075 | INFO    (702499, stable_pretraining.callbacks.cpu_offload) |   - Epoch: 1
00:12:33.075 | INFO    (702499, stable_pretraining.callbacks.cpu_offload) | Checkpoint contains 11 keys: ['callbacks', 'epoch', 'global_step', 'hparams_name', 'hyper_parameters', 'loops', 'lr_schedulers', 'optimizer_states', 'pytorch-lightning_version', 'state_dict', 'wandb']
00:12:33.075 | INFO    (702499, stable_pretraining.callbacks.cpu_offload) | GPU memory before offload:
00:12:33.075 | INFO    (702499, stable_pretraining.callbacks.cpu_offload) |   - Allocated: 0.03 GB
00:12:33.075 | INFO    (702499, stable_pretraining.callbacks.cpu_offload) |   - Reserved: 13.91 GB
00:12:33.075 | INFO    (702499, stable_pretraining.callbacks.cpu_offload) | Processing checkpoint key: 'state_dict'
00:12:33.077 | SUCCESS (702499, stable_pretraining.callbacks.cpu_offload) | ✓ Completed 'state_dict' in 0.00s
00:12:33.077 | INFO    (702499, stable_pretraining.callbacks.cpu_offload) | Processing checkpoint key: 'optimizer_states'
00:12:33.080 | SUCCESS (702499, stable_pretraining.callbacks.cpu_offload) | ✓ Completed 'optimizer_states' in 0.00s
00:12:33.080 | INFO    (702499, stable_pretraining.callbacks.cpu_offload) | Processing checkpoint key: 'lr_schedulers'
00:12:33.080 | SUCCESS (702499, stable_pretraining.callbacks.cpu_offload) | ✓ Completed 'lr_schedulers' in 0.00s
00:12:33.080 | WARNING (702499, stable_pretraining.callbacks.cpu_offload) | Skipped 125 custom object(s)
00:12:33.080 | WARNING (702499, stable_pretraining.callbacks.cpu_offload) | First 10 skipped objects:
00:12:33.080 | WARNING (702499, stable_pretraining.callbacks.cpu_offload) |   - float at 'optimizer_states[0].param_groups[0].lr'
00:12:33.080 | WARNING (702499, stable_pretraining.callbacks.cpu_offload) |   - float at 'optimizer_states[0].param_groups[0].betas[0]'
00:12:33.080 | WARNING (702499, stable_pretraining.callbacks.cpu_offload) |   - float at 'optimizer_states[0].param_groups[0].betas[1]'
00:12:33.080 | WARNING (702499, stable_pretraining.callbacks.cpu_offload) |   - float at 'optimizer_states[0].param_groups[0].eps'
00:12:33.080 | WARNING (702499, stable_pretraining.callbacks.cpu_offload) |   - float at 'optimizer_states[0].param_groups[0].weight_decay'
00:12:33.080 | WARNING (702499, stable_pretraining.callbacks.cpu_offload) |   - bool at 'optimizer_states[0].param_groups[0].amsgrad'
00:12:33.080 | WARNING (702499, stable_pretraining.callbacks.cpu_offload) |   - bool at 'optimizer_states[0].param_groups[0].maximize'
00:12:33.080 | WARNING (702499, stable_pretraining.callbacks.cpu_offload) |   - NoneType at 'optimizer_states[0].param_groups[0].foreach'
00:12:33.080 | WARNING (702499, stable_pretraining.callbacks.cpu_offload) |   - bool at 'optimizer_states[0].param_groups[0].capturable'
00:12:33.080 | WARNING (702499, stable_pretraining.callbacks.cpu_offload) |   - bool at 'optimizer_states[0].param_groups[0].differentiable'
00:12:33.080 | WARNING (702499, stable_pretraining.callbacks.cpu_offload) | ... (105 more skipped) ...
00:12:33.080 | WARNING (702499, stable_pretraining.callbacks.cpu_offload) | Last 10 skipped objects:
00:12:33.081 | WARNING (702499, stable_pretraining.callbacks.cpu_offload) |   - int at 'lr_schedulers[0].warmup_steps'
00:12:33.081 | WARNING (702499, stable_pretraining.callbacks.cpu_offload) |   - int at 'lr_schedulers[0].max_steps'
00:12:33.081 | WARNING (702499, stable_pretraining.callbacks.cpu_offload) |   - float at 'lr_schedulers[0].warmup_start_lr'
00:12:33.081 | WARNING (702499, stable_pretraining.callbacks.cpu_offload) |   - float at 'lr_schedulers[0].eta_min'
00:12:33.081 | WARNING (702499, stable_pretraining.callbacks.cpu_offload) |   - float at 'lr_schedulers[0].base_lrs[0]'
00:12:33.081 | WARNING (702499, stable_pretraining.callbacks.cpu_offload) |   - int at 'lr_schedulers[0].last_epoch'
00:12:33.081 | WARNING (702499, stable_pretraining.callbacks.cpu_offload) |   - int at 'lr_schedulers[0]._step_count'
00:12:33.081 | WARNING (702499, stable_pretraining.callbacks.cpu_offload) |   - bool at 'lr_schedulers[0]._is_initial'
00:12:33.081 | WARNING (702499, stable_pretraining.callbacks.cpu_offload) |   - bool at 'lr_schedulers[0]._get_lr_called_within_step'
00:12:33.081 | WARNING (702499, stable_pretraining.callbacks.cpu_offload) |   - float at 'lr_schedulers[0]._last_lr[0]'
00:12:33.081 | INFO    (702499, stable_pretraining.callbacks.cpu_offload) | To see all 125 skipped objects, set log_skipped=True
00:12:33.081 | INFO    (702499, stable_pretraining.callbacks.cpu_offload) | GPU memory after offload:
00:12:33.081 | INFO    (702499, stable_pretraining.callbacks.cpu_offload) |   - Allocated: 0.03 GB
00:12:33.081 | INFO    (702499, stable_pretraining.callbacks.cpu_offload) |   - Reserved: 13.91 GB
00:12:33.081 | INFO    (702499, stable_pretraining.callbacks.cpu_offload) | GPU memory freed: 0.00 GB
00:12:33.081 | SUCCESS (702499, stable_pretraining.callbacks.cpu_offload) | CPUOffloadCallback: Checkpoint #2 completed in 0.01s
00:12:33.081 | INFO    (702499, stable_pretraining.callbacks.cpu_offload) | Successfully processed keys: ['state_dict', 'optimizer_states', 'lr_schedulers']
00:12:33.081 | INFO    (702499, stable_pretraining.callbacks.cpu_offload) | Cumulative stats:
00:12:33.081 | INFO    (702499, stable_pretraining.callbacks.cpu_offload) |   - Total checkpoints saved: 2
00:12:33.081 | INFO    (702499, stable_pretraining.callbacks.cpu_offload) |   - Total time in offload: 0.01s
00:12:33.081 | INFO    (702499, stable_pretraining.callbacks.cpu_offload) |   - Total memory freed: 0.00 GB
00:12:33.081 | INFO    (702499, stable_pretraining.callbacks.cpu_offload) |   - Average time per checkpoint: 0.01s
00:12:33.081 | INFO    (702499, stable_pretraining.callbacks.cpu_offload) | ============================================================
00:59:44.209 | WARNING (702499, stable_pretraining.module) | You are calling self.parameters which also gives callbacks parameters, to remove then, pass `with_callbacks=False`
01:01:13.574 | INFO    (702499, stable_pretraining.callbacks.trainer_info) | \n+----------------------------+---------------------+
|           Metric           |        Value        |
+----------------------------+---------------------+
|        [0;34;40mfit/ar_loss[0m         | [0;32;40m0.08035708218812943[0m |
|          [0;34;40mfit/loss[0m          |  [0;32;40m0.4202672243118286[0m |
|       [0;34;40mfit/pred_loss[0m        |  [0;32;40m0.1312047243118286[0m |
|      [0;34;40mfit/sigreg_loss[0m       |       [0;32;40m1.921875[0m      |
|      [0;34;40mvalidate/ar_loss[0m      | [0;32;40m0.07122144848108292[0m |
|   [0;34;40mvalidate/ar_loss_epoch[0m   | [0;32;40m0.07122144848108292[0m |
|       [0;34;40mvalidate/loss[0m        |  [0;32;40m0.550704836845398[0m  |
|    [0;34;40mvalidate/loss_epoch[0m     |  [0;32;40m0.550704836845398[0m  |
|     [0;34;40mvalidate/pred_loss[0m     | [0;32;40m0.11477682739496231[0m |
|  [0;34;40mvalidate/pred_loss_epoch[0m  | [0;32;40m0.11477682739496231[0m |
|    [0;34;40mvalidate/sigreg_loss[0m    |  [0;32;40m2.9061853885650635[0m |
| [0;34;40mvalidate/sigreg_loss_epoch[0m |  [0;32;40m2.9061853885650635[0m |
+----------------------------+---------------------+
01:01:13.581 | INFO    (702499, stable_pretraining.callbacks.checkpoint_sklearn) | Checking for non PyTorch modules to save... 🔧
01:01:13.581 | INFO    (702499, stable_pretraining.callbacks.checkpoint_sklearn) | Checking for Wandb params to save... 🔧
01:01:13.582 | INFO    (702499, stable_pretraining.callbacks.checkpoint_sklearn) | Saving Wandb params {'id': 'oz81yajr'}
01:01:13.582 | INFO    (702499, stable_pretraining.callbacks.checkpoint_sklearn) | Checking for Wandb params to save... Done!
01:01:13.582 | INFO    (702499, stable_pretraining.callbacks.cpu_offload) | ============================================================
01:01:13.582 | INFO    (702499, stable_pretraining.callbacks.cpu_offload) | CPUOffloadCallback: Starting checkpoint CPU offload (#3)
01:01:13.582 | INFO    (702499, stable_pretraining.callbacks.cpu_offload) |   - Global step: 36879
01:01:13.582 | INFO    (702499, stable_pretraining.callbacks.cpu_offload) |   - Epoch: 2
01:01:13.582 | INFO    (702499, stable_pretraining.callbacks.cpu_offload) | Checkpoint contains 11 keys: ['callbacks', 'epoch', 'global_step', 'hparams_name', 'hyper_parameters', 'loops', 'lr_schedulers', 'optimizer_states', 'pytorch-lightning_version', 'state_dict', 'wandb']
01:01:13.582 | INFO    (702499, stable_pretraining.callbacks.cpu_offload) | GPU memory before offload:
01:01:13.582 | INFO    (702499, stable_pretraining.callbacks.cpu_offload) |   - Allocated: 0.03 GB
01:01:13.582 | INFO    (702499, stable_pretraining.callbacks.cpu_offload) |   - Reserved: 13.91 GB
01:01:13.582 | INFO    (702499, stable_pretraining.callbacks.cpu_offload) | Processing checkpoint key: 'state_dict'
01:01:13.584 | SUCCESS (702499, stable_pretraining.callbacks.cpu_offload) | ✓ Completed 'state_dict' in 0.00s
01:01:13.584 | INFO    (702499, stable_pretraining.callbacks.cpu_offload) | Processing checkpoint key: 'optimizer_states'
01:01:13.587 | SUCCESS (702499, stable_pretraining.callbacks.cpu_offload) | ✓ Completed 'optimizer_states' in 0.00s
01:01:13.587 | INFO    (702499, stable_pretraining.callbacks.cpu_offload) | Processing checkpoint key: 'lr_schedulers'
01:01:13.587 | SUCCESS (702499, stable_pretraining.callbacks.cpu_offload) | ✓ Completed 'lr_schedulers' in 0.00s
01:01:13.587 | WARNING (702499, stable_pretraining.callbacks.cpu_offload) | Skipped 125 custom object(s)
01:01:13.587 | WARNING (702499, stable_pretraining.callbacks.cpu_offload) | First 10 skipped objects:
01:01:13.587 | WARNING (702499, stable_pretraining.callbacks.cpu_offload) |   - float at 'optimizer_states[0].param_groups[0].lr'
01:01:13.587 | WARNING (702499, stable_pretraining.callbacks.cpu_offload) |   - float at 'optimizer_states[0].param_groups[0].betas[0]'
01:01:13.587 | WARNING (702499, stable_pretraining.callbacks.cpu_offload) |   - float at 'optimizer_states[0].param_groups[0].betas[1]'
01:01:13.587 | WARNING (702499, stable_pretraining.callbacks.cpu_offload) |   - float at 'optimizer_states[0].param_groups[0].eps'
01:01:13.587 | WARNING (702499, stable_pretraining.callbacks.cpu_offload) |   - float at 'optimizer_states[0].param_groups[0].weight_decay'
01:01:13.587 | WARNING (702499, stable_pretraining.callbacks.cpu_offload) |   - bool at 'optimizer_states[0].param_groups[0].amsgrad'
01:01:13.587 | WARNING (702499, stable_pretraining.callbacks.cpu_offload) |   - bool at 'optimizer_states[0].param_groups[0].maximize'
01:01:13.588 | WARNING (702499, stable_pretraining.callbacks.cpu_offload) |   - NoneType at 'optimizer_states[0].param_groups[0].foreach'
01:01:13.588 | WARNING (702499, stable_pretraining.callbacks.cpu_offload) |   - bool at 'optimizer_states[0].param_groups[0].capturable'
01:01:13.588 | WARNING (702499, stable_pretraining.callbacks.cpu_offload) |   - bool at 'optimizer_states[0].param_groups[0].differentiable'
01:01:13.588 | WARNING (702499, stable_pretraining.callbacks.cpu_offload) | ... (105 more skipped) ...
01:01:13.588 | WARNING (702499, stable_pretraining.callbacks.cpu_offload) | Last 10 skipped objects:
01:01:13.588 | WARNING (702499, stable_pretraining.callbacks.cpu_offload) |   - int at 'lr_schedulers[0].warmup_steps'
01:01:13.588 | WARNING (702499, stable_pretraining.callbacks.cpu_offload) |   - int at 'lr_schedulers[0].max_steps'
01:01:13.588 | WARNING (702499, stable_pretraining.callbacks.cpu_offload) |   - float at 'lr_schedulers[0].warmup_start_lr'
01:01:13.588 | WARNING (702499, stable_pretraining.callbacks.cpu_offload) |   - float at 'lr_schedulers[0].eta_min'
01:01:13.588 | WARNING (702499, stable_pretraining.callbacks.cpu_offload) |   - float at 'lr_schedulers[0].base_lrs[0]'
01:01:13.588 | WARNING (702499, stable_pretraining.callbacks.cpu_offload) |   - int at 'lr_schedulers[0].last_epoch'
01:01:13.588 | WARNING (702499, stable_pretraining.callbacks.cpu_offload) |   - int at 'lr_schedulers[0]._step_count'
01:01:13.588 | WARNING (702499, stable_pretraining.callbacks.cpu_offload) |   - bool at 'lr_schedulers[0]._is_initial'
01:01:13.588 | WARNING (702499, stable_pretraining.callbacks.cpu_offload) |   - bool at 'lr_schedulers[0]._get_lr_called_within_step'
01:01:13.588 | WARNING (702499, stable_pretraining.callbacks.cpu_offload) |   - float at 'lr_schedulers[0]._last_lr[0]'
01:01:13.588 | INFO    (702499, stable_pretraining.callbacks.cpu_offload) | To see all 125 skipped objects, set log_skipped=True
01:01:13.588 | INFO    (702499, stable_pretraining.callbacks.cpu_offload) | GPU memory after offload:
01:01:13.588 | INFO    (702499, stable_pretraining.callbacks.cpu_offload) |   - Allocated: 0.03 GB
01:01:13.588 | INFO    (702499, stable_pretraining.callbacks.cpu_offload) |   - Reserved: 13.91 GB
01:01:13.588 | INFO    (702499, stable_pretraining.callbacks.cpu_offload) | GPU memory freed: 0.00 GB
01:01:13.588 | SUCCESS (702499, stable_pretraining.callbacks.cpu_offload) | CPUOffloadCallback: Checkpoint #3 completed in 0.01s
01:01:13.589 | INFO    (702499, stable_pretraining.callbacks.cpu_offload) | Successfully processed keys: ['state_dict', 'optimizer_states', 'lr_schedulers']
01:01:13.589 | INFO    (702499, stable_pretraining.callbacks.cpu_offload) | Cumulative stats:
01:01:13.589 | INFO    (702499, stable_pretraining.callbacks.cpu_offload) |   - Total checkpoints saved: 3
01:01:13.589 | INFO    (702499, stable_pretraining.callbacks.cpu_offload) |   - Total time in offload: 0.02s
01:01:13.589 | INFO    (702499, stable_pretraining.callbacks.cpu_offload) |   - Total memory freed: 0.00 GB
01:01:13.589 | INFO    (702499, stable_pretraining.callbacks.cpu_offload) |   - Average time per checkpoint: 0.01s
01:01:13.589 | INFO    (702499, stable_pretraining.callbacks.cpu_offload) | ============================================================
01:48:24.852 | WARNING (702499, stable_pretraining.module) | You are calling self.parameters which also gives callbacks parameters, to remove then, pass `with_callbacks=False`
01:49:54.151 | INFO    (702499, stable_pretraining.callbacks.trainer_info) | \n+----------------------------+---------------------+
|           Metric           |        Value        |
+----------------------------+---------------------+
|        [0;34;40mfit/ar_loss[0m         | [0;32;40m0.05507848784327507[0m |
|          [0;34;40mfit/loss[0m          |  [0;32;40m0.327737957239151[0m  |
|       [0;34;40mfit/pred_loss[0m        |  [0;32;40m0.0933629646897316[0m |
|      [0;34;40mfit/sigreg_loss[0m       |        [0;32;40m1.5625[0m       |
|      [0;34;40mvalidate/ar_loss[0m      | [0;32;40m0.05849703028798103[0m |
|   [0;34;40mvalidate/ar_loss_epoch[0m   | [0;32;40m0.05849703028798103[0m |
|       [0;34;40mvalidate/loss[0m        |  [0;32;40m0.4947977364063263[0m |
|    [0;34;40mvalidate/loss_epoch[0m     |  [0;32;40m0.4947977364063263[0m |
|     [0;34;40mvalidate/pred_loss[0m     | [0;32;40m0.09645865857601166[0m |
|  [0;34;40mvalidate/pred_loss_epoch[0m  | [0;32;40m0.09645865857601166[0m |
|    [0;34;40mvalidate/sigreg_loss[0m    |  [0;32;40m2.6555771827697754[0m |
| [0;34;40mvalidate/sigreg_loss_epoch[0m |  [0;32;40m2.6555771827697754[0m |
+----------------------------+---------------------+
01:49:54.158 | INFO    (702499, stable_pretraining.callbacks.checkpoint_sklearn) | Checking for non PyTorch modules to save... 🔧
01:49:54.159 | INFO    (702499, stable_pretraining.callbacks.checkpoint_sklearn) | Checking for Wandb params to save... 🔧
01:49:54.159 | INFO    (702499, stable_pretraining.callbacks.checkpoint_sklearn) | Saving Wandb params {'id': 'oz81yajr'}
01:49:54.159 | INFO    (702499, stable_pretraining.callbacks.checkpoint_sklearn) | Checking for Wandb params to save... Done!
01:49:54.159 | INFO    (702499, stable_pretraining.callbacks.cpu_offload) | ============================================================
01:49:54.159 | INFO    (702499, stable_pretraining.callbacks.cpu_offload) | CPUOffloadCallback: Starting checkpoint CPU offload (#4)
01:49:54.159 | INFO    (702499, stable_pretraining.callbacks.cpu_offload) |   - Global step: 49172
01:49:54.159 | INFO    (702499, stable_pretraining.callbacks.cpu_offload) |   - Epoch: 3
01:49:54.159 | INFO    (702499, stable_pretraining.callbacks.cpu_offload) | Checkpoint contains 11 keys: ['callbacks', 'epoch', 'global_step', 'hparams_name', 'hyper_parameters', 'loops', 'lr_schedulers', 'optimizer_states', 'pytorch-lightning_version', 'state_dict', 'wandb']
01:49:54.159 | INFO    (702499, stable_pretraining.callbacks.cpu_offload) | GPU memory before offload:
01:49:54.159 | INFO    (702499, stable_pretraining.callbacks.cpu_offload) |   - Allocated: 0.03 GB
01:49:54.159 | INFO    (702499, stable_pretraining.callbacks.cpu_offload) |   - Reserved: 13.91 GB
01:49:54.159 | INFO    (702499, stable_pretraining.callbacks.cpu_offload) | Processing checkpoint key: 'state_dict'
01:49:54.161 | SUCCESS (702499, stable_pretraining.callbacks.cpu_offload) | ✓ Completed 'state_dict' in 0.00s
01:49:54.161 | INFO    (702499, stable_pretraining.callbacks.cpu_offload) | Processing checkpoint key: 'optimizer_states'
01:49:54.164 | SUCCESS (702499, stable_pretraining.callbacks.cpu_offload) | ✓ Completed 'optimizer_states' in 0.00s
01:49:54.164 | INFO    (702499, stable_pretraining.callbacks.cpu_offload) | Processing checkpoint key: 'lr_schedulers'
01:49:54.165 | SUCCESS (702499, stable_pretraining.callbacks.cpu_offload) | ✓ Completed 'lr_schedulers' in 0.00s
01:49:54.165 | WARNING (702499, stable_pretraining.callbacks.cpu_offload) | Skipped 125 custom object(s)
01:49:54.165 | WARNING (702499, stable_pretraining.callbacks.cpu_offload) | First 10 skipped objects:
01:49:54.165 | WARNING (702499, stable_pretraining.callbacks.cpu_offload) |   - float at 'optimizer_states[0].param_groups[0].lr'
01:49:54.165 | WARNING (702499, stable_pretraining.callbacks.cpu_offload) |   - float at 'optimizer_states[0].param_groups[0].betas[0]'
01:49:54.165 | WARNING (702499, stable_pretraining.callbacks.cpu_offload) |   - float at 'optimizer_states[0].param_groups[0].betas[1]'
01:49:54.165 | WARNING (702499, stable_pretraining.callbacks.cpu_offload) |   - float at 'optimizer_states[0].param_groups[0].eps'
01:49:54.165 | WARNING (702499, stable_pretraining.callbacks.cpu_offload) |   - float at 'optimizer_states[0].param_groups[0].weight_decay'
01:49:54.165 | WARNING (702499, stable_pretraining.callbacks.cpu_offload) |   - bool at 'optimizer_states[0].param_groups[0].amsgrad'
01:49:54.165 | WARNING (702499, stable_pretraining.callbacks.cpu_offload) |   - bool at 'optimizer_states[0].param_groups[0].maximize'
01:49:54.165 | WARNING (702499, stable_pretraining.callbacks.cpu_offload) |   - NoneType at 'optimizer_states[0].param_groups[0].foreach'
01:49:54.165 | WARNING (702499, stable_pretraining.callbacks.cpu_offload) |   - bool at 'optimizer_states[0].param_groups[0].capturable'
01:49:54.165 | WARNING (702499, stable_pretraining.callbacks.cpu_offload) |   - bool at 'optimizer_states[0].param_groups[0].differentiable'
01:49:54.165 | WARNING (702499, stable_pretraining.callbacks.cpu_offload) | ... (105 more skipped) ...
01:49:54.165 | WARNING (702499, stable_pretraining.callbacks.cpu_offload) | Last 10 skipped objects:
01:49:54.165 | WARNING (702499, stable_pretraining.callbacks.cpu_offload) |   - int at 'lr_schedulers[0].warmup_steps'
01:49:54.165 | WARNING (702499, stable_pretraining.callbacks.cpu_offload) |   - int at 'lr_schedulers[0].max_steps'
01:49:54.165 | WARNING (702499, stable_pretraining.callbacks.cpu_offload) |   - float at 'lr_schedulers[0].warmup_start_lr'
01:49:54.165 | WARNING (702499, stable_pretraining.callbacks.cpu_offload) |   - float at 'lr_schedulers[0].eta_min'
01:49:54.165 | WARNING (702499, stable_pretraining.callbacks.cpu_offload) |   - float at 'lr_schedulers[0].base_lrs[0]'
01:49:54.165 | WARNING (702499, stable_pretraining.callbacks.cpu_offload) |   - int at 'lr_schedulers[0].last_epoch'
01:49:54.165 | WARNING (702499, stable_pretraining.callbacks.cpu_offload) |   - int at 'lr_schedulers[0]._step_count'
01:49:54.165 | WARNING (702499, stable_pretraining.callbacks.cpu_offload) |   - bool at 'lr_schedulers[0]._is_initial'
01:49:54.165 | WARNING (702499, stable_pretraining.callbacks.cpu_offload) |   - bool at 'lr_schedulers[0]._get_lr_called_within_step'
01:49:54.165 | WARNING (702499, stable_pretraining.callbacks.cpu_offload) |   - float at 'lr_schedulers[0]._last_lr[0]'
01:49:54.165 | INFO    (702499, stable_pretraining.callbacks.cpu_offload) | To see all 125 skipped objects, set log_skipped=True
01:49:54.165 | INFO    (702499, stable_pretraining.callbacks.cpu_offload) | GPU memory after offload:
01:49:54.165 | INFO    (702499, stable_pretraining.callbacks.cpu_offload) |   - Allocated: 0.03 GB
01:49:54.166 | INFO    (702499, stable_pretraining.callbacks.cpu_offload) |   - Reserved: 13.91 GB
01:49:54.166 | INFO    (702499, stable_pretraining.callbacks.cpu_offload) | GPU memory freed: 0.00 GB
01:49:54.166 | SUCCESS (702499, stable_pretraining.callbacks.cpu_offload) | CPUOffloadCallback: Checkpoint #4 completed in 0.01s
01:49:54.166 | INFO    (702499, stable_pretraining.callbacks.cpu_offload) | Successfully processed keys: ['state_dict', 'optimizer_states', 'lr_schedulers']
01:49:54.166 | INFO    (702499, stable_pretraining.callbacks.cpu_offload) | Cumulative stats:
01:49:54.166 | INFO    (702499, stable_pretraining.callbacks.cpu_offload) |   - Total checkpoints saved: 4
01:49:54.166 | INFO    (702499, stable_pretraining.callbacks.cpu_offload) |   - Total time in offload: 0.03s
01:49:54.166 | INFO    (702499, stable_pretraining.callbacks.cpu_offload) |   - Total memory freed: 0.00 GB
01:49:54.166 | INFO    (702499, stable_pretraining.callbacks.cpu_offload) |   - Average time per checkpoint: 0.01s
01:49:54.166 | INFO    (702499, stable_pretraining.callbacks.cpu_offload) | ============================================================
02:37:04.924 | WARNING (702499, stable_pretraining.module) | You are calling self.parameters which also gives callbacks parameters, to remove then, pass `with_callbacks=False`
02:38:34.220 | INFO    (702499, stable_pretraining.callbacks.trainer_info) | \n+----------------------------+---------------------+
|           Metric           |        Value        |
+----------------------------+---------------------+
|        [0;34;40mfit/ar_loss[0m         | [0;32;40m0.04896319657564163[0m |
|          [0;34;40mfit/loss[0m          |  [0;32;40m0.2963274121284485[0m |
|       [0;34;40mfit/pred_loss[0m        | [0;32;40m0.08441333472728729[0m |
|      [0;34;40mfit/sigreg_loss[0m       |      [0;32;40m1.4140625[0m      |
|      [0;34;40mvalidate/ar_loss[0m      | [0;32;40m0.05087316781282425[0m |
|   [0;34;40mvalidate/ar_loss_epoch[0m   | [0;32;40m0.05087316781282425[0m |
|       [0;34;40mvalidate/loss[0m        |  [0;32;40m0.4606472849845886[0m |
|    [0;34;40mvalidate/loss_epoch[0m     |  [0;32;40m0.4606472849845886[0m |
|     [0;34;40mvalidate/pred_loss[0m     | [0;32;40m0.08452095091342926[0m |
|  [0;34;40mvalidate/pred_loss_epoch[0m  | [0;32;40m0.08452095091342926[0m |
|    [0;34;40mvalidate/sigreg_loss[0m    |  [0;32;40m2.507572889328003[0m  |
| [0;34;40mvalidate/sigreg_loss_epoch[0m |  [0;32;40m2.507572889328003[0m  |
+----------------------------+---------------------+
02:38:34.228 | INFO    (702499, stable_pretraining.callbacks.checkpoint_sklearn) | Checking for non PyTorch modules to save... 🔧
02:38:34.228 | INFO    (702499, stable_pretraining.callbacks.checkpoint_sklearn) | Checking for Wandb params to save... 🔧
02:38:34.229 | INFO    (702499, stable_pretraining.callbacks.checkpoint_sklearn) | Saving Wandb params {'id': 'oz81yajr'}
02:38:34.229 | INFO    (702499, stable_pretraining.callbacks.checkpoint_sklearn) | Checking for Wandb params to save... Done!
02:38:34.229 | INFO    (702499, stable_pretraining.callbacks.cpu_offload) | ============================================================
02:38:34.229 | INFO    (702499, stable_pretraining.callbacks.cpu_offload) | CPUOffloadCallback: Starting checkpoint CPU offload (#5)
02:38:34.229 | INFO    (702499, stable_pretraining.callbacks.cpu_offload) |   - Global step: 61465
02:38:34.229 | INFO    (702499, stable_pretraining.callbacks.cpu_offload) |   - Epoch: 4
02:38:34.229 | INFO    (702499, stable_pretraining.callbacks.cpu_offload) | Checkpoint contains 11 keys: ['callbacks', 'epoch', 'global_step', 'hparams_name', 'hyper_parameters', 'loops', 'lr_schedulers', 'optimizer_states', 'pytorch-lightning_version', 'state_dict', 'wandb']
02:38:34.229 | INFO    (702499, stable_pretraining.callbacks.cpu_offload) | GPU memory before offload:
02:38:34.229 | INFO    (702499, stable_pretraining.callbacks.cpu_offload) |   - Allocated: 0.03 GB
02:38:34.229 | INFO    (702499, stable_pretraining.callbacks.cpu_offload) |   - Reserved: 13.91 GB
02:38:34.229 | INFO    (702499, stable_pretraining.callbacks.cpu_offload) | Processing checkpoint key: 'state_dict'
02:38:34.231 | SUCCESS (702499, stable_pretraining.callbacks.cpu_offload) | ✓ Completed 'state_dict' in 0.00s
02:38:34.231 | INFO    (702499, stable_pretraining.callbacks.cpu_offload) | Processing checkpoint key: 'optimizer_states'
02:38:34.235 | SUCCESS (702499, stable_pretraining.callbacks.cpu_offload) | ✓ Completed 'optimizer_states' in 0.00s
02:38:34.235 | INFO    (702499, stable_pretraining.callbacks.cpu_offload) | Processing checkpoint key: 'lr_schedulers'
02:38:34.235 | SUCCESS (702499, stable_pretraining.callbacks.cpu_offload) | ✓ Completed 'lr_schedulers' in 0.00s
02:38:34.235 | WARNING (702499, stable_pretraining.callbacks.cpu_offload) | Skipped 125 custom object(s)
02:38:34.235 | WARNING (702499, stable_pretraining.callbacks.cpu_offload) | First 10 skipped objects:
02:38:34.235 | WARNING (702499, stable_pretraining.callbacks.cpu_offload) |   - float at 'optimizer_states[0].param_groups[0].lr'
02:38:34.235 | WARNING (702499, stable_pretraining.callbacks.cpu_offload) |   - float at 'optimizer_states[0].param_groups[0].betas[0]'
02:38:34.235 | WARNING (702499, stable_pretraining.callbacks.cpu_offload) |   - float at 'optimizer_states[0].param_groups[0].betas[1]'
02:38:34.235 | WARNING (702499, stable_pretraining.callbacks.cpu_offload) |   - float at 'optimizer_states[0].param_groups[0].eps'
02:38:34.235 | WARNING (702499, stable_pretraining.callbacks.cpu_offload) |   - float at 'optimizer_states[0].param_groups[0].weight_decay'
02:38:34.235 | WARNING (702499, stable_pretraining.callbacks.cpu_offload) |   - bool at 'optimizer_states[0].param_groups[0].amsgrad'
02:38:34.235 | WARNING (702499, stable_pretraining.callbacks.cpu_offload) |   - bool at 'optimizer_states[0].param_groups[0].maximize'
02:38:34.235 | WARNING (702499, stable_pretraining.callbacks.cpu_offload) |   - NoneType at 'optimizer_states[0].param_groups[0].foreach'
02:38:34.235 | WARNING (702499, stable_pretraining.callbacks.cpu_offload) |   - bool at 'optimizer_states[0].param_groups[0].capturable'
02:38:34.236 | WARNING (702499, stable_pretraining.callbacks.cpu_offload) |   - bool at 'optimizer_states[0].param_groups[0].differentiable'
02:38:34.236 | WARNING (702499, stable_pretraining.callbacks.cpu_offload) | ... (105 more skipped) ...
02:38:34.236 | WARNING (702499, stable_pretraining.callbacks.cpu_offload) | Last 10 skipped objects:
02:38:34.236 | WARNING (702499, stable_pretraining.callbacks.cpu_offload) |   - int at 'lr_schedulers[0].warmup_steps'
02:38:34.236 | WARNING (702499, stable_pretraining.callbacks.cpu_offload) |   - int at 'lr_schedulers[0].max_steps'
02:38:34.236 | WARNING (702499, stable_pretraining.callbacks.cpu_offload) |   - float at 'lr_schedulers[0].warmup_start_lr'
02:38:34.236 | WARNING (702499, stable_pretraining.callbacks.cpu_offload) |   - float at 'lr_schedulers[0].eta_min'
02:38:34.236 | WARNING (702499, stable_pretraining.callbacks.cpu_offload) |   - float at 'lr_schedulers[0].base_lrs[0]'
02:38:34.236 | WARNING (702499, stable_pretraining.callbacks.cpu_offload) |   - int at 'lr_schedulers[0].last_epoch'
02:38:34.236 | WARNING (702499, stable_pretraining.callbacks.cpu_offload) |   - int at 'lr_schedulers[0]._step_count'
02:38:34.236 | WARNING (702499, stable_pretraining.callbacks.cpu_offload) |   - bool at 'lr_schedulers[0]._is_initial'
02:38:34.236 | WARNING (702499, stable_pretraining.callbacks.cpu_offload) |   - bool at 'lr_schedulers[0]._get_lr_called_within_step'
02:38:34.236 | WARNING (702499, stable_pretraining.callbacks.cpu_offload) |   - float at 'lr_schedulers[0]._last_lr[0]'
02:38:34.236 | INFO    (702499, stable_pretraining.callbacks.cpu_offload) | To see all 125 skipped objects, set log_skipped=True
02:38:34.236 | INFO    (702499, stable_pretraining.callbacks.cpu_offload) | GPU memory after offload:
02:38:34.236 | INFO    (702499, stable_pretraining.callbacks.cpu_offload) |   - Allocated: 0.03 GB
02:38:34.236 | INFO    (702499, stable_pretraining.callbacks.cpu_offload) |   - Reserved: 13.91 GB
02:38:34.236 | INFO    (702499, stable_pretraining.callbacks.cpu_offload) | GPU memory freed: 0.00 GB
02:38:34.236 | SUCCESS (702499, stable_pretraining.callbacks.cpu_offload) | CPUOffloadCallback: Checkpoint #5 completed in 0.01s
02:38:34.237 | INFO    (702499, stable_pretraining.callbacks.cpu_offload) | Successfully processed keys: ['state_dict', 'optimizer_states', 'lr_schedulers']
02:38:34.237 | INFO    (702499, stable_pretraining.callbacks.cpu_offload) | Cumulative stats:
02:38:34.237 | INFO    (702499, stable_pretraining.callbacks.cpu_offload) |   - Total checkpoints saved: 5
02:38:34.237 | INFO    (702499, stable_pretraining.callbacks.cpu_offload) |   - Total time in offload: 0.03s
02:38:34.237 | INFO    (702499, stable_pretraining.callbacks.cpu_offload) |   - Total memory freed: 0.00 GB
02:38:34.237 | INFO    (702499, stable_pretraining.callbacks.cpu_offload) |   - Average time per checkpoint: 0.01s
02:38:34.237 | INFO    (702499, stable_pretraining.callbacks.cpu_offload) | ============================================================
03:25:44.211 | WARNING (702499, stable_pretraining.module) | You are calling self.parameters which also gives callbacks parameters, to remove then, pass `with_callbacks=False`
[2026-04-25 03:27:13,557][root][INFO] - [HIProbe] Epoch 5 (seq_len=32, obs_window=1): encoding ...
[2026-04-25 03:27:13,804][root][INFO] - [HIProbe] Embedding std — min=0.6956  mean=0.9809  max=1.3094
[2026-04-25 03:27:13,804][root][INFO] - [HIProbe] Training TransformerProbe (max 150 epochs, patience=20) ...
[2026-04-25 03:27:13,902][root][INFO] - [HIProbe] probe dataset: train=28,280 windows, test=26,700 windows  (seq_len=32)
[2026-04-25 03:27:34,183][root][INFO] - [HIProbe] Early stop at probe epoch 53 (best mean RMSE=0.00317)
[2026-04-25 03:27:34,229][root][INFO] - 
[HIProbe] Epoch 5 | seq_len=32 — results
[2026-04-25 03:27:34,229][root][INFO] - ──────────────────────────────────────────────────────────────────
[2026-04-25 03:27:34,229][root][INFO] -   Component                           R²        RMSE   Pearson-r
[2026-04-25 03:27:34,229][root][INFO] - ──────────────────────────────────────────────────────────────────
[2026-04-25 03:27:34,229][root][INFO] -   HI_0                           -0.0988     0.00294      0.3695
[2026-04-25 03:27:34,230][root][INFO] -   HI_1                           -1.2571     0.00482     -0.1674
[2026-04-25 03:27:34,230][root][INFO] -   HI_2                           -1.4393     0.00625      0.0396
[2026-04-25 03:27:34,230][root][INFO] -   HI_3                            0.0589     0.00404      0.6169
[2026-04-25 03:27:34,230][root][INFO] -   HI_4                           -1.2762     0.00441      0.3297
[2026-04-25 03:27:34,230][root][INFO] -   HI_5                           -5.6634     0.00345      0.0552
[2026-04-25 03:27:34,230][root][INFO] -   HI_6                           -0.5051     0.00114      0.0665
[2026-04-25 03:27:34,230][root][INFO] -   HI_7                           -1.0471     0.00144     -0.1041
[2026-04-25 03:27:34,230][root][INFO] -   HI_8                           -0.2094     0.00134      0.0687
[2026-04-25 03:27:34,230][root][INFO] -   HI_9                           -1.8008     0.00185      0.0849
[2026-04-25 03:27:34,230][root][INFO] - ──────────────────────────────────────────────────────────────────
[2026-04-25 03:27:34,230][root][INFO] -   MEAN                           -1.3238     0.00317      0.1360
[2026-04-25 03:27:34,230][root][INFO] - ──────────────────────────────────────────────────────────────────
[2026-04-25 03:27:34,230][root][INFO] - [HIProbe] Training Action-RUL probe (max_horizon=300) ...
[2026-04-25 03:27:34,328][root][INFO] - [HIProbe] Action-RUL probe dataset: train=28,280, test=26,700 windows
[2026-04-25 03:27:42,329][root][INFO] - [HIProbe] RUL early stop at probe epoch 21
[2026-04-25 03:27:42,365][root][INFO] - [HIProbe] Action-RUL evaluation: 26700/26700 (100.0%) uncensored test samples (tau < 300)
[2026-04-25 03:27:42,373][root][INFO] - [HIProbe] Action-RUL — RMSE=28.39 steps  MAE=22.73 steps  R2=-0.2197  Pearson=0.0038
[2026-04-25 03:27:42,373][root][INFO] - [HIProbe] Appended to hi_probe_metrics.csv
[2026-04-25 03:27:42,373][root][INFO] - [HIProbe] Logged 38 metrics to wandb.
03:27:42.385 | INFO    (702499, stable_pretraining.callbacks.trainer_info) | \n+-----------------------------------+-----------------------+
|               Metric              |         Value         |
+-----------------------------------+-----------------------+
|            [0;34;40mfit/ar_loss[0m            |  [0;32;40m0.043983153998851776[0m |
|              [0;34;40mfit/loss[0m             |   [0;32;40m0.3055109977722168[0m  |
|           [0;34;40mfit/pred_loss[0m           |   [0;32;40m0.0809016078710556[0m  |
|          [0;34;40mfit/sigreg_loss[0m          |          [0;32;40m1.5[0m          |
|    [0;34;40mhi_probe/sl32/HI_0/pearson_r[0m   |  [0;32;40m0.36951637268066406[0m  |
|       [0;34;40mhi_probe/sl32/HI_0/r2[0m       |  [0;32;40m-0.09875452518463135[0m |
|      [0;34;40mhi_probe/sl32/HI_0/rmse[0m      |  [0;32;40m0.00293704099021852[0m  |
|    [0;34;40mhi_probe/sl32/HI_1/pearson_r[0m   |  [0;32;40m-0.16737055778503418[0m |
|       [0;34;40mhi_probe/sl32/HI_1/r2[0m       |   [0;32;40m-1.257066011428833[0m  |
|      [0;34;40mhi_probe/sl32/HI_1/rmse[0m      | [0;32;40m0.0048189060762524605[0m |
|    [0;34;40mhi_probe/sl32/HI_2/pearson_r[0m   |  [0;32;40m0.03963913023471832[0m  |
|       [0;34;40mhi_probe/sl32/HI_2/r2[0m       |  [0;32;40m-1.4392671585083008[0m  |
|      [0;34;40mhi_probe/sl32/HI_2/rmse[0m      |  [0;32;40m0.006250356324017048[0m |
|    [0;34;40mhi_probe/sl32/HI_3/pearson_r[0m   |   [0;32;40m0.6168763637542725[0m  |
|       [0;34;40mhi_probe/sl32/HI_3/r2[0m       |  [0;32;40m0.05887043476104736[0m  |
|      [0;34;40mhi_probe/sl32/HI_3/rmse[0m      |  [0;32;40m0.004038771148771048[0m |
|    [0;34;40mhi_probe/sl32/HI_4/pearson_r[0m   |   [0;32;40m0.3296583592891693[0m  |
|       [0;34;40mhi_probe/sl32/HI_4/r2[0m       |  [0;32;40m-1.2762165069580078[0m  |
|      [0;34;40mhi_probe/sl32/HI_4/rmse[0m      |  [0;32;40m0.004411828238517046[0m |
|    [0;34;40mhi_probe/sl32/HI_5/pearson_r[0m   |  [0;32;40m0.055177100002765656[0m |
|       [0;34;40mhi_probe/sl32/HI_5/r2[0m       |   [0;32;40m-5.663438320159912[0m  |
|      [0;34;40mhi_probe/sl32/HI_5/rmse[0m      | [0;32;40m0.0034467335790395737[0m |
|    [0;34;40mhi_probe/sl32/HI_6/pearson_r[0m   |  [0;32;40m0.06652887165546417[0m  |
|       [0;34;40mhi_probe/sl32/HI_6/r2[0m       |  [0;32;40m-0.5051326751708984[0m  |
|      [0;34;40mhi_probe/sl32/HI_6/rmse[0m      | [0;32;40m0.0011394639732316136[0m |
|    [0;34;40mhi_probe/sl32/HI_7/pearson_r[0m   |  [0;32;40m-0.10414508730173111[0m |
|       [0;34;40mhi_probe/sl32/HI_7/r2[0m       |   [0;32;40m-1.04710054397583[0m   |
|      [0;34;40mhi_probe/sl32/HI_7/rmse[0m      |  [0;32;40m0.001443955348804593[0m |
|    [0;34;40mhi_probe/sl32/HI_8/pearson_r[0m   |   [0;32;40m0.0687478631734848[0m  |
|       [0;34;40mhi_probe/sl32/HI_8/r2[0m       |  [0;32;40m-0.20935463905334473[0m |
|      [0;34;40mhi_probe/sl32/HI_8/rmse[0m      | [0;32;40m0.0013412118423730135[0m |
|    [0;34;40mhi_probe/sl32/HI_9/pearson_r[0m   |  [0;32;40m0.08488515019416809[0m  |
|       [0;34;40mhi_probe/sl32/HI_9/r2[0m       |  [0;32;40m-1.8007500171661377[0m  |
|      [0;34;40mhi_probe/sl32/HI_9/rmse[0m      | [0;32;40m0.0018530500819906592[0m |
|    [0;34;40mhi_probe/sl32/mean_pearson_r[0m   |  [0;32;40m0.13595135509967804[0m  |
|       [0;34;40mhi_probe/sl32/mean_r2[0m       |   [0;32;40m-1.323820948600769[0m  |
|      [0;34;40mhi_probe/sl32/mean_rmse[0m      | [0;32;40m0.0031681316904723644[0m |
| [0;34;40mhi_probe/sl32/rul/frac_uncensored[0m |          [0;32;40m1.0[0m          |
|       [0;34;40mhi_probe/sl32/rul/mae[0m       |   [0;32;40m22.730297088623047[0m  |
|    [0;34;40mhi_probe/sl32/rul/pearson_r[0m    |  [0;32;40m0.003782445564866066[0m |
|        [0;34;40mhi_probe/sl32/rul/r2[0m       |  [0;32;40m-0.21969211101531982[0m |
|       [0;34;40mhi_probe/sl32/rul/rmse[0m      |   [0;32;40m28.38592529296875[0m   |
|          [0;34;40mvalidate/ar_loss[0m         |  [0;32;40m0.04651105776429176[0m  |
|       [0;34;40mvalidate/ar_loss_epoch[0m      |  [0;32;40m0.04651105776429176[0m  |
|           [0;34;40mvalidate/loss[0m           |   [0;32;40m0.4339073598384857[0m  |
|        [0;34;40mvalidate/loss_epoch[0m        |   [0;32;40m0.4339073598384857[0m  |
|         [0;34;40mvalidate/pred_loss[0m        |  [0;32;40m0.07778327167034149[0m  |
|      [0;34;40mvalidate/pred_loss_epoch[0m     |  [0;32;40m0.07778327167034149[0m  |
|        [0;34;40mvalidate/sigreg_loss[0m       |   [0;32;40m2.374101400375366[0m   |
|     [0;34;40mvalidate/sigreg_loss_epoch[0m    |   [0;32;40m2.374101400375366[0m   |
+-----------------------------------+-----------------------+
03:27:42.393 | INFO    (702499, stable_pretraining.callbacks.checkpoint_sklearn) | Checking for non PyTorch modules to save... 🔧
03:27:42.393 | INFO    (702499, stable_pretraining.callbacks.checkpoint_sklearn) | Checking for Wandb params to save... 🔧
03:27:42.393 | INFO    (702499, stable_pretraining.callbacks.checkpoint_sklearn) | Saving Wandb params {'id': 'oz81yajr'}
03:27:42.393 | INFO    (702499, stable_pretraining.callbacks.checkpoint_sklearn) | Checking for Wandb params to save... Done!
03:27:42.393 | INFO    (702499, stable_pretraining.callbacks.cpu_offload) | ============================================================
03:27:42.393 | INFO    (702499, stable_pretraining.callbacks.cpu_offload) | CPUOffloadCallback: Starting checkpoint CPU offload (#6)
03:27:42.393 | INFO    (702499, stable_pretraining.callbacks.cpu_offload) |   - Global step: 73758
03:27:42.393 | INFO    (702499, stable_pretraining.callbacks.cpu_offload) |   - Epoch: 5
03:27:42.393 | INFO    (702499, stable_pretraining.callbacks.cpu_offload) | Checkpoint contains 11 keys: ['callbacks', 'epoch', 'global_step', 'hparams_name', 'hyper_parameters', 'loops', 'lr_schedulers', 'optimizer_states', 'pytorch-lightning_version', 'state_dict', 'wandb']
03:27:42.393 | INFO    (702499, stable_pretraining.callbacks.cpu_offload) | GPU memory before offload:
03:27:42.393 | INFO    (702499, stable_pretraining.callbacks.cpu_offload) |   - Allocated: 0.03 GB
03:27:42.393 | INFO    (702499, stable_pretraining.callbacks.cpu_offload) |   - Reserved: 13.91 GB
03:27:42.393 | INFO    (702499, stable_pretraining.callbacks.cpu_offload) | Processing checkpoint key: 'state_dict'
03:27:42.395 | SUCCESS (702499, stable_pretraining.callbacks.cpu_offload) | ✓ Completed 'state_dict' in 0.00s
03:27:42.395 | INFO    (702499, stable_pretraining.callbacks.cpu_offload) | Processing checkpoint key: 'optimizer_states'
03:27:42.397 | SUCCESS (702499, stable_pretraining.callbacks.cpu_offload) | ✓ Completed 'optimizer_states' in 0.00s
03:27:42.397 | INFO    (702499, stable_pretraining.callbacks.cpu_offload) | Processing checkpoint key: 'lr_schedulers'
03:27:42.397 | SUCCESS (702499, stable_pretraining.callbacks.cpu_offload) | ✓ Completed 'lr_schedulers' in 0.00s
03:27:42.397 | WARNING (702499, stable_pretraining.callbacks.cpu_offload) | Skipped 125 custom object(s)
03:27:42.397 | WARNING (702499, stable_pretraining.callbacks.cpu_offload) | First 10 skipped objects:
03:27:42.397 | WARNING (702499, stable_pretraining.callbacks.cpu_offload) |   - float at 'optimizer_states[0].param_groups[0].lr'
03:27:42.397 | WARNING (702499, stable_pretraining.callbacks.cpu_offload) |   - float at 'optimizer_states[0].param_groups[0].betas[0]'
03:27:42.397 | WARNING (702499, stable_pretraining.callbacks.cpu_offload) |   - float at 'optimizer_states[0].param_groups[0].betas[1]'
03:27:42.397 | WARNING (702499, stable_pretraining.callbacks.cpu_offload) |   - float at 'optimizer_states[0].param_groups[0].eps'
03:27:42.397 | WARNING (702499, stable_pretraining.callbacks.cpu_offload) |   - float at 'optimizer_states[0].param_groups[0].weight_decay'
03:27:42.397 | WARNING (702499, stable_pretraining.callbacks.cpu_offload) |   - bool at 'optimizer_states[0].param_groups[0].amsgrad'
03:27:42.397 | WARNING (702499, stable_pretraining.callbacks.cpu_offload) |   - bool at 'optimizer_states[0].param_groups[0].maximize'
03:27:42.397 | WARNING (702499, stable_pretraining.callbacks.cpu_offload) |   - NoneType at 'optimizer_states[0].param_groups[0].foreach'
03:27:42.397 | WARNING (702499, stable_pretraining.callbacks.cpu_offload) |   - bool at 'optimizer_states[0].param_groups[0].capturable'
03:27:42.397 | WARNING (702499, stable_pretraining.callbacks.cpu_offload) |   - bool at 'optimizer_states[0].param_groups[0].differentiable'
03:27:42.397 | WARNING (702499, stable_pretraining.callbacks.cpu_offload) | ... (105 more skipped) ...
03:27:42.398 | WARNING (702499, stable_pretraining.callbacks.cpu_offload) | Last 10 skipped objects:
03:27:42.398 | WARNING (702499, stable_pretraining.callbacks.cpu_offload) |   - int at 'lr_schedulers[0].warmup_steps'
03:27:42.398 | WARNING (702499, stable_pretraining.callbacks.cpu_offload) |   - int at 'lr_schedulers[0].max_steps'
03:27:42.398 | WARNING (702499, stable_pretraining.callbacks.cpu_offload) |   - float at 'lr_schedulers[0].warmup_start_lr'
03:27:42.398 | WARNING (702499, stable_pretraining.callbacks.cpu_offload) |   - float at 'lr_schedulers[0].eta_min'
03:27:42.398 | WARNING (702499, stable_pretraining.callbacks.cpu_offload) |   - float at 'lr_schedulers[0].base_lrs[0]'
03:27:42.398 | WARNING (702499, stable_pretraining.callbacks.cpu_offload) |   - int at 'lr_schedulers[0].last_epoch'
03:27:42.398 | WARNING (702499, stable_pretraining.callbacks.cpu_offload) |   - int at 'lr_schedulers[0]._step_count'
03:27:42.398 | WARNING (702499, stable_pretraining.callbacks.cpu_offload) |   - bool at 'lr_schedulers[0]._is_initial'
03:27:42.398 | WARNING (702499, stable_pretraining.callbacks.cpu_offload) |   - bool at 'lr_schedulers[0]._get_lr_called_within_step'
03:27:42.398 | WARNING (702499, stable_pretraining.callbacks.cpu_offload) |   - float at 'lr_schedulers[0]._last_lr[0]'
03:27:42.398 | INFO    (702499, stable_pretraining.callbacks.cpu_offload) | To see all 125 skipped objects, set log_skipped=True
03:27:42.398 | INFO    (702499, stable_pretraining.callbacks.cpu_offload) | GPU memory after offload:
03:27:42.398 | INFO    (702499, stable_pretraining.callbacks.cpu_offload) |   - Allocated: 0.03 GB
03:27:42.398 | INFO    (702499, stable_pretraining.callbacks.cpu_offload) |   - Reserved: 13.91 GB
03:27:42.398 | INFO    (702499, stable_pretraining.callbacks.cpu_offload) | GPU memory freed: 0.00 GB
03:27:42.398 | SUCCESS (702499, stable_pretraining.callbacks.cpu_offload) | CPUOffloadCallback: Checkpoint #6 completed in 0.01s
03:27:42.398 | INFO    (702499, stable_pretraining.callbacks.cpu_offload) | Successfully processed keys: ['state_dict', 'optimizer_states', 'lr_schedulers']
03:27:42.398 | INFO    (702499, stable_pretraining.callbacks.cpu_offload) | Cumulative stats:
03:27:42.398 | INFO    (702499, stable_pretraining.callbacks.cpu_offload) |   - Total checkpoints saved: 6
03:27:42.398 | INFO    (702499, stable_pretraining.callbacks.cpu_offload) |   - Total time in offload: 0.04s
03:27:42.398 | INFO    (702499, stable_pretraining.callbacks.cpu_offload) |   - Total memory freed: 0.00 GB
03:27:42.399 | INFO    (702499, stable_pretraining.callbacks.cpu_offload) |   - Average time per checkpoint: 0.01s
03:27:42.399 | INFO    (702499, stable_pretraining.callbacks.cpu_offload) | ============================================================
04:14:52.055 | WARNING (702499, stable_pretraining.module) | You are calling self.parameters which also gives callbacks parameters, to remove then, pass `with_callbacks=False`
04:16:21.348 | INFO    (702499, stable_pretraining.callbacks.trainer_info) | \n+-----------------------------------+-----------------------+
|               Metric              |         Value         |
+-----------------------------------+-----------------------+
|            [0;34;40mfit/ar_loss[0m            |  [0;32;40m0.04293028265237808[0m  |
|              [0;34;40mfit/loss[0m             |  [0;32;40m0.28006699681282043[0m  |
|           [0;34;40mfit/pred_loss[0m           |  [0;32;40m0.07401230931282043[0m  |
|          [0;34;40mfit/sigreg_loss[0m          |         [0;32;40m1.375[0m         |
|    [0;34;40mhi_probe/sl32/HI_0/pearson_r[0m   |  [0;32;40m0.36951637268066406[0m  |
|       [0;34;40mhi_probe/sl32/HI_0/r2[0m       |  [0;32;40m-0.09875452518463135[0m |
|      [0;34;40mhi_probe/sl32/HI_0/rmse[0m      |  [0;32;40m0.00293704099021852[0m  |
|    [0;34;40mhi_probe/sl32/HI_1/pearson_r[0m   |  [0;32;40m-0.16737055778503418[0m |
|       [0;34;40mhi_probe/sl32/HI_1/r2[0m       |   [0;32;40m-1.257066011428833[0m  |
|      [0;34;40mhi_probe/sl32/HI_1/rmse[0m      | [0;32;40m0.0048189060762524605[0m |
|    [0;34;40mhi_probe/sl32/HI_2/pearson_r[0m   |  [0;32;40m0.03963913023471832[0m  |
|       [0;34;40mhi_probe/sl32/HI_2/r2[0m       |  [0;32;40m-1.4392671585083008[0m  |
|      [0;34;40mhi_probe/sl32/HI_2/rmse[0m      |  [0;32;40m0.006250356324017048[0m |
|    [0;34;40mhi_probe/sl32/HI_3/pearson_r[0m   |   [0;32;40m0.6168763637542725[0m  |
|       [0;34;40mhi_probe/sl32/HI_3/r2[0m       |  [0;32;40m0.05887043476104736[0m  |
|      [0;34;40mhi_probe/sl32/HI_3/rmse[0m      |  [0;32;40m0.004038771148771048[0m |
|    [0;34;40mhi_probe/sl32/HI_4/pearson_r[0m   |   [0;32;40m0.3296583592891693[0m  |
|       [0;34;40mhi_probe/sl32/HI_4/r2[0m       |  [0;32;40m-1.2762165069580078[0m  |
|      [0;34;40mhi_probe/sl32/HI_4/rmse[0m      |  [0;32;40m0.004411828238517046[0m |
|    [0;34;40mhi_probe/sl32/HI_5/pearson_r[0m   |  [0;32;40m0.055177100002765656[0m |
|       [0;34;40mhi_probe/sl32/HI_5/r2[0m       |   [0;32;40m-5.663438320159912[0m  |
|      [0;34;40mhi_probe/sl32/HI_5/rmse[0m      | [0;32;40m0.0034467335790395737[0m |
|    [0;34;40mhi_probe/sl32/HI_6/pearson_r[0m   |  [0;32;40m0.06652887165546417[0m  |
|       [0;34;40mhi_probe/sl32/HI_6/r2[0m       |  [0;32;40m-0.5051326751708984[0m  |
|      [0;34;40mhi_probe/sl32/HI_6/rmse[0m      | [0;32;40m0.0011394639732316136[0m |
|    [0;34;40mhi_probe/sl32/HI_7/pearson_r[0m   |  [0;32;40m-0.10414508730173111[0m |
|       [0;34;40mhi_probe/sl32/HI_7/r2[0m       |   [0;32;40m-1.04710054397583[0m   |
|      [0;34;40mhi_probe/sl32/HI_7/rmse[0m      |  [0;32;40m0.001443955348804593[0m |
|    [0;34;40mhi_probe/sl32/HI_8/pearson_r[0m   |   [0;32;40m0.0687478631734848[0m  |
|       [0;34;40mhi_probe/sl32/HI_8/r2[0m       |  [0;32;40m-0.20935463905334473[0m |
|      [0;34;40mhi_probe/sl32/HI_8/rmse[0m      | [0;32;40m0.0013412118423730135[0m |
|    [0;34;40mhi_probe/sl32/HI_9/pearson_r[0m   |  [0;32;40m0.08488515019416809[0m  |
|       [0;34;40mhi_probe/sl32/HI_9/r2[0m       |  [0;32;40m-1.8007500171661377[0m  |
|      [0;34;40mhi_probe/sl32/HI_9/rmse[0m      | [0;32;40m0.0018530500819906592[0m |
|    [0;34;40mhi_probe/sl32/mean_pearson_r[0m   |  [0;32;40m0.13595135509967804[0m  |
|       [0;34;40mhi_probe/sl32/mean_r2[0m       |   [0;32;40m-1.323820948600769[0m  |
|      [0;34;40mhi_probe/sl32/mean_rmse[0m      | [0;32;40m0.0031681316904723644[0m |
| [0;34;40mhi_probe/sl32/rul/frac_uncensored[0m |          [0;32;40m1.0[0m          |
|       [0;34;40mhi_probe/sl32/rul/mae[0m       |   [0;32;40m22.730297088623047[0m  |
|    [0;34;40mhi_probe/sl32/rul/pearson_r[0m    |  [0;32;40m0.003782445564866066[0m |
|        [0;34;40mhi_probe/sl32/rul/r2[0m       |  [0;32;40m-0.21969211101531982[0m |
|       [0;34;40mhi_probe/sl32/rul/rmse[0m      |   [0;32;40m28.38592529296875[0m   |
|          [0;34;40mvalidate/ar_loss[0m         |  [0;32;40m0.04191393777728081[0m  |
|       [0;34;40mvalidate/ar_loss_epoch[0m      |  [0;32;40m0.04191393777728081[0m  |
|           [0;34;40mvalidate/loss[0m           |   [0;32;40m0.4195903241634369[0m  |
|        [0;34;40mvalidate/loss_epoch[0m        |   [0;32;40m0.4195903241634369[0m  |
|         [0;34;40mvalidate/pred_loss[0m        |  [0;32;40m0.07046043872833252[0m  |
|      [0;34;40mvalidate/pred_loss_epoch[0m     |  [0;32;40m0.07046043872833252[0m  |
|        [0;34;40mvalidate/sigreg_loss[0m       |   [0;32;40m2.327570676803589[0m   |
|     [0;34;40mvalidate/sigreg_loss_epoch[0m    |   [0;32;40m2.327570676803589[0m   |
+-----------------------------------+-----------------------+
04:16:21.356 | INFO    (702499, stable_pretraining.callbacks.checkpoint_sklearn) | Checking for non PyTorch modules to save... 🔧
04:16:21.357 | INFO    (702499, stable_pretraining.callbacks.checkpoint_sklearn) | Checking for Wandb params to save... 🔧
04:16:21.357 | INFO    (702499, stable_pretraining.callbacks.checkpoint_sklearn) | Saving Wandb params {'id': 'oz81yajr'}
04:16:21.357 | INFO    (702499, stable_pretraining.callbacks.checkpoint_sklearn) | Checking for Wandb params to save... Done!
04:16:21.357 | INFO    (702499, stable_pretraining.callbacks.cpu_offload) | ============================================================
04:16:21.357 | INFO    (702499, stable_pretraining.callbacks.cpu_offload) | CPUOffloadCallback: Starting checkpoint CPU offload (#7)
04:16:21.357 | INFO    (702499, stable_pretraining.callbacks.cpu_offload) |   - Global step: 86051
04:16:21.357 | INFO    (702499, stable_pretraining.callbacks.cpu_offload) |   - Epoch: 6
04:16:21.357 | INFO    (702499, stable_pretraining.callbacks.cpu_offload) | Checkpoint contains 11 keys: ['callbacks', 'epoch', 'global_step', 'hparams_name', 'hyper_parameters', 'loops', 'lr_schedulers', 'optimizer_states', 'pytorch-lightning_version', 'state_dict', 'wandb']
04:16:21.357 | INFO    (702499, stable_pretraining.callbacks.cpu_offload) | GPU memory before offload:
04:16:21.357 | INFO    (702499, stable_pretraining.callbacks.cpu_offload) |   - Allocated: 0.03 GB
04:16:21.357 | INFO    (702499, stable_pretraining.callbacks.cpu_offload) |   - Reserved: 13.91 GB
04:16:21.357 | INFO    (702499, stable_pretraining.callbacks.cpu_offload) | Processing checkpoint key: 'state_dict'
04:16:21.359 | SUCCESS (702499, stable_pretraining.callbacks.cpu_offload) | ✓ Completed 'state_dict' in 0.00s
04:16:21.359 | INFO    (702499, stable_pretraining.callbacks.cpu_offload) | Processing checkpoint key: 'optimizer_states'
04:16:21.362 | SUCCESS (702499, stable_pretraining.callbacks.cpu_offload) | ✓ Completed 'optimizer_states' in 0.00s
04:16:21.362 | INFO    (702499, stable_pretraining.callbacks.cpu_offload) | Processing checkpoint key: 'lr_schedulers'
04:16:21.362 | SUCCESS (702499, stable_pretraining.callbacks.cpu_offload) | ✓ Completed 'lr_schedulers' in 0.00s
04:16:21.362 | WARNING (702499, stable_pretraining.callbacks.cpu_offload) | Skipped 125 custom object(s)
04:16:21.362 | WARNING (702499, stable_pretraining.callbacks.cpu_offload) | First 10 skipped objects:
04:16:21.362 | WARNING (702499, stable_pretraining.callbacks.cpu_offload) |   - float at 'optimizer_states[0].param_groups[0].lr'
04:16:21.362 | WARNING (702499, stable_pretraining.callbacks.cpu_offload) |   - float at 'optimizer_states[0].param_groups[0].betas[0]'
04:16:21.362 | WARNING (702499, stable_pretraining.callbacks.cpu_offload) |   - float at 'optimizer_states[0].param_groups[0].betas[1]'
04:16:21.362 | WARNING (702499, stable_pretraining.callbacks.cpu_offload) |   - float at 'optimizer_states[0].param_groups[0].eps'
04:16:21.362 | WARNING (702499, stable_pretraining.callbacks.cpu_offload) |   - float at 'optimizer_states[0].param_groups[0].weight_decay'
04:16:21.362 | WARNING (702499, stable_pretraining.callbacks.cpu_offload) |   - bool at 'optimizer_states[0].param_groups[0].amsgrad'
04:16:21.362 | WARNING (702499, stable_pretraining.callbacks.cpu_offload) |   - bool at 'optimizer_states[0].param_groups[0].maximize'
04:16:21.362 | WARNING (702499, stable_pretraining.callbacks.cpu_offload) |   - NoneType at 'optimizer_states[0].param_groups[0].foreach'
04:16:21.363 | WARNING (702499, stable_pretraining.callbacks.cpu_offload) |   - bool at 'optimizer_states[0].param_groups[0].capturable'
04:16:21.363 | WARNING (702499, stable_pretraining.callbacks.cpu_offload) |   - bool at 'optimizer_states[0].param_groups[0].differentiable'
04:16:21.363 | WARNING (702499, stable_pretraining.callbacks.cpu_offload) | ... (105 more skipped) ...
04:16:21.363 | WARNING (702499, stable_pretraining.callbacks.cpu_offload) | Last 10 skipped objects:
04:16:21.363 | WARNING (702499, stable_pretraining.callbacks.cpu_offload) |   - int at 'lr_schedulers[0].warmup_steps'
04:16:21.363 | WARNING (702499, stable_pretraining.callbacks.cpu_offload) |   - int at 'lr_schedulers[0].max_steps'
04:16:21.363 | WARNING (702499, stable_pretraining.callbacks.cpu_offload) |   - float at 'lr_schedulers[0].warmup_start_lr'
04:16:21.363 | WARNING (702499, stable_pretraining.callbacks.cpu_offload) |   - float at 'lr_schedulers[0].eta_min'
04:16:21.363 | WARNING (702499, stable_pretraining.callbacks.cpu_offload) |   - float at 'lr_schedulers[0].base_lrs[0]'
04:16:21.363 | WARNING (702499, stable_pretraining.callbacks.cpu_offload) |   - int at 'lr_schedulers[0].last_epoch'
04:16:21.363 | WARNING (702499, stable_pretraining.callbacks.cpu_offload) |   - int at 'lr_schedulers[0]._step_count'
04:16:21.363 | WARNING (702499, stable_pretraining.callbacks.cpu_offload) |   - bool at 'lr_schedulers[0]._is_initial'
04:16:21.363 | WARNING (702499, stable_pretraining.callbacks.cpu_offload) |   - bool at 'lr_schedulers[0]._get_lr_called_within_step'
04:16:21.363 | WARNING (702499, stable_pretraining.callbacks.cpu_offload) |   - float at 'lr_schedulers[0]._last_lr[0]'
04:16:21.363 | INFO    (702499, stable_pretraining.callbacks.cpu_offload) | To see all 125 skipped objects, set log_skipped=True
04:16:21.363 | INFO    (702499, stable_pretraining.callbacks.cpu_offload) | GPU memory after offload:
04:16:21.363 | INFO    (702499, stable_pretraining.callbacks.cpu_offload) |   - Allocated: 0.03 GB
04:16:21.363 | INFO    (702499, stable_pretraining.callbacks.cpu_offload) |   - Reserved: 13.91 GB
04:16:21.363 | INFO    (702499, stable_pretraining.callbacks.cpu_offload) | GPU memory freed: 0.00 GB
04:16:21.363 | SUCCESS (702499, stable_pretraining.callbacks.cpu_offload) | CPUOffloadCallback: Checkpoint #7 completed in 0.01s
04:16:21.363 | INFO    (702499, stable_pretraining.callbacks.cpu_offload) | Successfully processed keys: ['state_dict', 'optimizer_states', 'lr_schedulers']
04:16:21.363 | INFO    (702499, stable_pretraining.callbacks.cpu_offload) | Cumulative stats:
04:16:21.364 | INFO    (702499, stable_pretraining.callbacks.cpu_offload) |   - Total checkpoints saved: 7
04:16:21.364 | INFO    (702499, stable_pretraining.callbacks.cpu_offload) |   - Total time in offload: 0.05s
04:16:21.364 | INFO    (702499, stable_pretraining.callbacks.cpu_offload) |   - Total memory freed: 0.00 GB
04:16:21.364 | INFO    (702499, stable_pretraining.callbacks.cpu_offload) |   - Average time per checkpoint: 0.01s
04:16:21.364 | INFO    (702499, stable_pretraining.callbacks.cpu_offload) | ============================================================
05:03:31.055 | WARNING (702499, stable_pretraining.module) | You are calling self.parameters which also gives callbacks parameters, to remove then, pass `with_callbacks=False`
05:05:00.313 | INFO    (702499, stable_pretraining.callbacks.trainer_info) | \n+-----------------------------------+-----------------------+
|               Metric              |         Value         |
+-----------------------------------+-----------------------+
|            [0;34;40mfit/ar_loss[0m            |  [0;32;40m0.05435047671198845[0m  |
|              [0;34;40mfit/loss[0m             |  [0;32;40m0.27761539816856384[0m  |
|           [0;34;40mfit/pred_loss[0m           |  [0;32;40m0.08523258566856384[0m  |
|          [0;34;40mfit/sigreg_loss[0m          |        [0;32;40m1.28125[0m        |
|    [0;34;40mhi_probe/sl32/HI_0/pearson_r[0m   |  [0;32;40m0.36951637268066406[0m  |
|       [0;34;40mhi_probe/sl32/HI_0/r2[0m       |  [0;32;40m-0.09875452518463135[0m |
|      [0;34;40mhi_probe/sl32/HI_0/rmse[0m      |  [0;32;40m0.00293704099021852[0m  |
|    [0;34;40mhi_probe/sl32/HI_1/pearson_r[0m   |  [0;32;40m-0.16737055778503418[0m |
|       [0;34;40mhi_probe/sl32/HI_1/r2[0m       |   [0;32;40m-1.257066011428833[0m  |
|      [0;34;40mhi_probe/sl32/HI_1/rmse[0m      | [0;32;40m0.0048189060762524605[0m |
|    [0;34;40mhi_probe/sl32/HI_2/pearson_r[0m   |  [0;32;40m0.03963913023471832[0m  |
|       [0;34;40mhi_probe/sl32/HI_2/r2[0m       |  [0;32;40m-1.4392671585083008[0m  |
|      [0;34;40mhi_probe/sl32/HI_2/rmse[0m      |  [0;32;40m0.006250356324017048[0m |
|    [0;34;40mhi_probe/sl32/HI_3/pearson_r[0m   |   [0;32;40m0.6168763637542725[0m  |
|       [0;34;40mhi_probe/sl32/HI_3/r2[0m       |  [0;32;40m0.05887043476104736[0m  |
|      [0;34;40mhi_probe/sl32/HI_3/rmse[0m      |  [0;32;40m0.004038771148771048[0m |
|    [0;34;40mhi_probe/sl32/HI_4/pearson_r[0m   |   [0;32;40m0.3296583592891693[0m  |
|       [0;34;40mhi_probe/sl32/HI_4/r2[0m       |  [0;32;40m-1.2762165069580078[0m  |
|      [0;34;40mhi_probe/sl32/HI_4/rmse[0m      |  [0;32;40m0.004411828238517046[0m |
|    [0;34;40mhi_probe/sl32/HI_5/pearson_r[0m   |  [0;32;40m0.055177100002765656[0m |
|       [0;34;40mhi_probe/sl32/HI_5/r2[0m       |   [0;32;40m-5.663438320159912[0m  |
|      [0;34;40mhi_probe/sl32/HI_5/rmse[0m      | [0;32;40m0.0034467335790395737[0m |
|    [0;34;40mhi_probe/sl32/HI_6/pearson_r[0m   |  [0;32;40m0.06652887165546417[0m  |
|       [0;34;40mhi_probe/sl32/HI_6/r2[0m       |  [0;32;40m-0.5051326751708984[0m  |
|      [0;34;40mhi_probe/sl32/HI_6/rmse[0m      | [0;32;40m0.0011394639732316136[0m |
|    [0;34;40mhi_probe/sl32/HI_7/pearson_r[0m   |  [0;32;40m-0.10414508730173111[0m |
|       [0;34;40mhi_probe/sl32/HI_7/r2[0m       |   [0;32;40m-1.04710054397583[0m   |
|      [0;34;40mhi_probe/sl32/HI_7/rmse[0m      |  [0;32;40m0.001443955348804593[0m |
|    [0;34;40mhi_probe/sl32/HI_8/pearson_r[0m   |   [0;32;40m0.0687478631734848[0m  |
|       [0;34;40mhi_probe/sl32/HI_8/r2[0m       |  [0;32;40m-0.20935463905334473[0m |
|      [0;34;40mhi_probe/sl32/HI_8/rmse[0m      | [0;32;40m0.0013412118423730135[0m |
|    [0;34;40mhi_probe/sl32/HI_9/pearson_r[0m   |  [0;32;40m0.08488515019416809[0m  |
|       [0;34;40mhi_probe/sl32/HI_9/r2[0m       |  [0;32;40m-1.8007500171661377[0m  |
|      [0;34;40mhi_probe/sl32/HI_9/rmse[0m      | [0;32;40m0.0018530500819906592[0m |
|    [0;34;40mhi_probe/sl32/mean_pearson_r[0m   |  [0;32;40m0.13595135509967804[0m  |
|       [0;34;40mhi_probe/sl32/mean_r2[0m       |   [0;32;40m-1.323820948600769[0m  |
|      [0;34;40mhi_probe/sl32/mean_rmse[0m      | [0;32;40m0.0031681316904723644[0m |
| [0;34;40mhi_probe/sl32/rul/frac_uncensored[0m |          [0;32;40m1.0[0m          |
|       [0;34;40mhi_probe/sl32/rul/mae[0m       |   [0;32;40m22.730297088623047[0m  |
|    [0;34;40mhi_probe/sl32/rul/pearson_r[0m    |  [0;32;40m0.003782445564866066[0m |
|        [0;34;40mhi_probe/sl32/rul/r2[0m       |  [0;32;40m-0.21969211101531982[0m |
|       [0;34;40mhi_probe/sl32/rul/rmse[0m      |   [0;32;40m28.38592529296875[0m   |
|          [0;34;40mvalidate/ar_loss[0m         |  [0;32;40m0.040375251322984695[0m |
|       [0;34;40mvalidate/ar_loss_epoch[0m      |  [0;32;40m0.040375251322984695[0m |
|           [0;34;40mvalidate/loss[0m           |   [0;32;40m0.3948104679584503[0m  |
|        [0;34;40mvalidate/loss_epoch[0m        |   [0;32;40m0.3948104679584503[0m  |
|         [0;34;40mvalidate/pred_loss[0m        |   [0;32;40m0.0677470713853836[0m  |
|      [0;34;40mvalidate/pred_loss_epoch[0m     |   [0;32;40m0.0677470713853836[0m  |
|        [0;34;40mvalidate/sigreg_loss[0m       |   [0;32;40m2.1804122924804688[0m  |
|     [0;34;40mvalidate/sigreg_loss_epoch[0m    |   [0;32;40m2.1804122924804688[0m  |
+-----------------------------------+-----------------------+
05:05:00.321 | INFO    (702499, stable_pretraining.callbacks.checkpoint_sklearn) | Checking for non PyTorch modules to save... 🔧
05:05:00.322 | INFO    (702499, stable_pretraining.callbacks.checkpoint_sklearn) | Checking for Wandb params to save... 🔧
05:05:00.322 | INFO    (702499, stable_pretraining.callbacks.checkpoint_sklearn) | Saving Wandb params {'id': 'oz81yajr'}
05:05:00.322 | INFO    (702499, stable_pretraining.callbacks.checkpoint_sklearn) | Checking for Wandb params to save... Done!
05:05:00.322 | INFO    (702499, stable_pretraining.callbacks.cpu_offload) | ============================================================
05:05:00.322 | INFO    (702499, stable_pretraining.callbacks.cpu_offload) | CPUOffloadCallback: Starting checkpoint CPU offload (#8)
05:05:00.322 | INFO    (702499, stable_pretraining.callbacks.cpu_offload) |   - Global step: 98344
05:05:00.322 | INFO    (702499, stable_pretraining.callbacks.cpu_offload) |   - Epoch: 7
05:05:00.322 | INFO    (702499, stable_pretraining.callbacks.cpu_offload) | Checkpoint contains 11 keys: ['callbacks', 'epoch', 'global_step', 'hparams_name', 'hyper_parameters', 'loops', 'lr_schedulers', 'optimizer_states', 'pytorch-lightning_version', 'state_dict', 'wandb']
05:05:00.322 | INFO    (702499, stable_pretraining.callbacks.cpu_offload) | GPU memory before offload:
05:05:00.322 | INFO    (702499, stable_pretraining.callbacks.cpu_offload) |   - Allocated: 0.03 GB
05:05:00.322 | INFO    (702499, stable_pretraining.callbacks.cpu_offload) |   - Reserved: 13.91 GB
05:05:00.322 | INFO    (702499, stable_pretraining.callbacks.cpu_offload) | Processing checkpoint key: 'state_dict'
05:05:00.324 | SUCCESS (702499, stable_pretraining.callbacks.cpu_offload) | ✓ Completed 'state_dict' in 0.00s
05:05:00.324 | INFO    (702499, stable_pretraining.callbacks.cpu_offload) | Processing checkpoint key: 'optimizer_states'
05:05:00.327 | SUCCESS (702499, stable_pretraining.callbacks.cpu_offload) | ✓ Completed 'optimizer_states' in 0.00s
05:05:00.327 | INFO    (702499, stable_pretraining.callbacks.cpu_offload) | Processing checkpoint key: 'lr_schedulers'
05:05:00.327 | SUCCESS (702499, stable_pretraining.callbacks.cpu_offload) | ✓ Completed 'lr_schedulers' in 0.00s
05:05:00.327 | WARNING (702499, stable_pretraining.callbacks.cpu_offload) | Skipped 125 custom object(s)
05:05:00.327 | WARNING (702499, stable_pretraining.callbacks.cpu_offload) | First 10 skipped objects:
05:05:00.327 | WARNING (702499, stable_pretraining.callbacks.cpu_offload) |   - float at 'optimizer_states[0].param_groups[0].lr'
05:05:00.327 | WARNING (702499, stable_pretraining.callbacks.cpu_offload) |   - float at 'optimizer_states[0].param_groups[0].betas[0]'
05:05:00.327 | WARNING (702499, stable_pretraining.callbacks.cpu_offload) |   - float at 'optimizer_states[0].param_groups[0].betas[1]'
05:05:00.327 | WARNING (702499, stable_pretraining.callbacks.cpu_offload) |   - float at 'optimizer_states[0].param_groups[0].eps'
05:05:00.327 | WARNING (702499, stable_pretraining.callbacks.cpu_offload) |   - float at 'optimizer_states[0].param_groups[0].weight_decay'
05:05:00.327 | WARNING (702499, stable_pretraining.callbacks.cpu_offload) |   - bool at 'optimizer_states[0].param_groups[0].amsgrad'
05:05:00.327 | WARNING (702499, stable_pretraining.callbacks.cpu_offload) |   - bool at 'optimizer_states[0].param_groups[0].maximize'
05:05:00.327 | WARNING (702499, stable_pretraining.callbacks.cpu_offload) |   - NoneType at 'optimizer_states[0].param_groups[0].foreach'
05:05:00.327 | WARNING (702499, stable_pretraining.callbacks.cpu_offload) |   - bool at 'optimizer_states[0].param_groups[0].capturable'
05:05:00.327 | WARNING (702499, stable_pretraining.callbacks.cpu_offload) |   - bool at 'optimizer_states[0].param_groups[0].differentiable'
05:05:00.327 | WARNING (702499, stable_pretraining.callbacks.cpu_offload) | ... (105 more skipped) ...
05:05:00.327 | WARNING (702499, stable_pretraining.callbacks.cpu_offload) | Last 10 skipped objects:
05:05:00.327 | WARNING (702499, stable_pretraining.callbacks.cpu_offload) |   - int at 'lr_schedulers[0].warmup_steps'
05:05:00.327 | WARNING (702499, stable_pretraining.callbacks.cpu_offload) |   - int at 'lr_schedulers[0].max_steps'
05:05:00.327 | WARNING (702499, stable_pretraining.callbacks.cpu_offload) |   - float at 'lr_schedulers[0].warmup_start_lr'
05:05:00.327 | WARNING (702499, stable_pretraining.callbacks.cpu_offload) |   - float at 'lr_schedulers[0].eta_min'
05:05:00.327 | WARNING (702499, stable_pretraining.callbacks.cpu_offload) |   - float at 'lr_schedulers[0].base_lrs[0]'
05:05:00.327 | WARNING (702499, stable_pretraining.callbacks.cpu_offload) |   - int at 'lr_schedulers[0].last_epoch'
05:05:00.327 | WARNING (702499, stable_pretraining.callbacks.cpu_offload) |   - int at 'lr_schedulers[0]._step_count'
05:05:00.328 | WARNING (702499, stable_pretraining.callbacks.cpu_offload) |   - bool at 'lr_schedulers[0]._is_initial'
05:05:00.328 | WARNING (702499, stable_pretraining.callbacks.cpu_offload) |   - bool at 'lr_schedulers[0]._get_lr_called_within_step'
05:05:00.328 | WARNING (702499, stable_pretraining.callbacks.cpu_offload) |   - float at 'lr_schedulers[0]._last_lr[0]'
05:05:00.328 | INFO    (702499, stable_pretraining.callbacks.cpu_offload) | To see all 125 skipped objects, set log_skipped=True
05:05:00.328 | INFO    (702499, stable_pretraining.callbacks.cpu_offload) | GPU memory after offload:
05:05:00.328 | INFO    (702499, stable_pretraining.callbacks.cpu_offload) |   - Allocated: 0.03 GB
05:05:00.328 | INFO    (702499, stable_pretraining.callbacks.cpu_offload) |   - Reserved: 13.91 GB
05:05:00.328 | INFO    (702499, stable_pretraining.callbacks.cpu_offload) | GPU memory freed: 0.00 GB
05:05:00.328 | SUCCESS (702499, stable_pretraining.callbacks.cpu_offload) | CPUOffloadCallback: Checkpoint #8 completed in 0.01s
05:05:00.328 | INFO    (702499, stable_pretraining.callbacks.cpu_offload) | Successfully processed keys: ['state_dict', 'optimizer_states', 'lr_schedulers']
05:05:00.328 | INFO    (702499, stable_pretraining.callbacks.cpu_offload) | Cumulative stats:
05:05:00.328 | INFO    (702499, stable_pretraining.callbacks.cpu_offload) |   - Total checkpoints saved: 8
05:05:00.328 | INFO    (702499, stable_pretraining.callbacks.cpu_offload) |   - Total time in offload: 0.05s
05:05:00.328 | INFO    (702499, stable_pretraining.callbacks.cpu_offload) |   - Total memory freed: 0.00 GB
05:05:00.328 | INFO    (702499, stable_pretraining.callbacks.cpu_offload) |   - Average time per checkpoint: 0.01s
05:05:00.328 | INFO    (702499, stable_pretraining.callbacks.cpu_offload) | ============================================================
05:52:10.863 | WARNING (702499, stable_pretraining.module) | You are calling self.parameters which also gives callbacks parameters, to remove then, pass `with_callbacks=False`
05:53:40.151 | INFO    (702499, stable_pretraining.callbacks.trainer_info) | \n+-----------------------------------+-----------------------+
|               Metric              |         Value         |
+-----------------------------------+-----------------------+
|            [0;34;40mfit/ar_loss[0m            |  [0;32;40m0.04128754138946533[0m  |
|              [0;34;40mfit/loss[0m             |   [0;32;40m0.2542038559913635[0m  |
|           [0;34;40mfit/pred_loss[0m           |  [0;32;40m0.07353978604078293[0m  |
|          [0;34;40mfit/sigreg_loss[0m          |        [0;32;40m1.203125[0m       |
|    [0;34;40mhi_probe/sl32/HI_0/pearson_r[0m   |  [0;32;40m0.36951637268066406[0m  |
|       [0;34;40mhi_probe/sl32/HI_0/r2[0m       |  [0;32;40m-0.09875452518463135[0m |
|      [0;34;40mhi_probe/sl32/HI_0/rmse[0m      |  [0;32;40m0.00293704099021852[0m  |
|    [0;34;40mhi_probe/sl32/HI_1/pearson_r[0m   |  [0;32;40m-0.16737055778503418[0m |
|       [0;34;40mhi_probe/sl32/HI_1/r2[0m       |   [0;32;40m-1.257066011428833[0m  |
|      [0;34;40mhi_probe/sl32/HI_1/rmse[0m      | [0;32;40m0.0048189060762524605[0m |
|    [0;34;40mhi_probe/sl32/HI_2/pearson_r[0m   |  [0;32;40m0.03963913023471832[0m  |
|       [0;34;40mhi_probe/sl32/HI_2/r2[0m       |  [0;32;40m-1.4392671585083008[0m  |
|      [0;34;40mhi_probe/sl32/HI_2/rmse[0m      |  [0;32;40m0.006250356324017048[0m |
|    [0;34;40mhi_probe/sl32/HI_3/pearson_r[0m   |   [0;32;40m0.6168763637542725[0m  |
|       [0;34;40mhi_probe/sl32/HI_3/r2[0m       |  [0;32;40m0.05887043476104736[0m  |
|      [0;34;40mhi_probe/sl32/HI_3/rmse[0m      |  [0;32;40m0.004038771148771048[0m |
|    [0;34;40mhi_probe/sl32/HI_4/pearson_r[0m   |   [0;32;40m0.3296583592891693[0m  |
|       [0;34;40mhi_probe/sl32/HI_4/r2[0m       |  [0;32;40m-1.2762165069580078[0m  |
|      [0;34;40mhi_probe/sl32/HI_4/rmse[0m      |  [0;32;40m0.004411828238517046[0m |
|    [0;34;40mhi_probe/sl32/HI_5/pearson_r[0m   |  [0;32;40m0.055177100002765656[0m |
|       [0;34;40mhi_probe/sl32/HI_5/r2[0m       |   [0;32;40m-5.663438320159912[0m  |
|      [0;34;40mhi_probe/sl32/HI_5/rmse[0m      | [0;32;40m0.0034467335790395737[0m |
|    [0;34;40mhi_probe/sl32/HI_6/pearson_r[0m   |  [0;32;40m0.06652887165546417[0m  |
|       [0;34;40mhi_probe/sl32/HI_6/r2[0m       |  [0;32;40m-0.5051326751708984[0m  |
|      [0;34;40mhi_probe/sl32/HI_6/rmse[0m      | [0;32;40m0.0011394639732316136[0m |
|    [0;34;40mhi_probe/sl32/HI_7/pearson_r[0m   |  [0;32;40m-0.10414508730173111[0m |
|       [0;34;40mhi_probe/sl32/HI_7/r2[0m       |   [0;32;40m-1.04710054397583[0m   |
|      [0;34;40mhi_probe/sl32/HI_7/rmse[0m      |  [0;32;40m0.001443955348804593[0m |
|    [0;34;40mhi_probe/sl32/HI_8/pearson_r[0m   |   [0;32;40m0.0687478631734848[0m  |
|       [0;34;40mhi_probe/sl32/HI_8/r2[0m       |  [0;32;40m-0.20935463905334473[0m |
|      [0;34;40mhi_probe/sl32/HI_8/rmse[0m      | [0;32;40m0.0013412118423730135[0m |
|    [0;34;40mhi_probe/sl32/HI_9/pearson_r[0m   |  [0;32;40m0.08488515019416809[0m  |
|       [0;34;40mhi_probe/sl32/HI_9/r2[0m       |  [0;32;40m-1.8007500171661377[0m  |
|      [0;34;40mhi_probe/sl32/HI_9/rmse[0m      | [0;32;40m0.0018530500819906592[0m |
|    [0;34;40mhi_probe/sl32/mean_pearson_r[0m   |  [0;32;40m0.13595135509967804[0m  |
|       [0;34;40mhi_probe/sl32/mean_r2[0m       |   [0;32;40m-1.323820948600769[0m  |
|      [0;34;40mhi_probe/sl32/mean_rmse[0m      | [0;32;40m0.0031681316904723644[0m |
| [0;34;40mhi_probe/sl32/rul/frac_uncensored[0m |          [0;32;40m1.0[0m          |
|       [0;34;40mhi_probe/sl32/rul/mae[0m       |   [0;32;40m22.730297088623047[0m  |
|    [0;34;40mhi_probe/sl32/rul/pearson_r[0m    |  [0;32;40m0.003782445564866066[0m |
|        [0;34;40mhi_probe/sl32/rul/r2[0m       |  [0;32;40m-0.21969211101531982[0m |
|       [0;34;40mhi_probe/sl32/rul/rmse[0m      |   [0;32;40m28.38592529296875[0m   |
|          [0;34;40mvalidate/ar_loss[0m         |  [0;32;40m0.03793167322874069[0m  |
|       [0;34;40mvalidate/ar_loss_epoch[0m      |  [0;32;40m0.03793167322874069[0m  |
|           [0;34;40mvalidate/loss[0m           |   [0;32;40m0.3863341808319092[0m  |
|        [0;34;40mvalidate/loss_epoch[0m        |   [0;32;40m0.3863341808319092[0m  |
|         [0;34;40mvalidate/pred_loss[0m        |  [0;32;40m0.06401417404413223[0m  |
|      [0;34;40mvalidate/pred_loss_epoch[0m     |  [0;32;40m0.06401417404413223[0m  |
|        [0;34;40mvalidate/sigreg_loss[0m       |   [0;32;40m2.1485989093780518[0m  |
|     [0;34;40mvalidate/sigreg_loss_epoch[0m    |   [0;32;40m2.1485989093780518[0m  |
+-----------------------------------+-----------------------+
05:53:40.159 | INFO    (702499, stable_pretraining.callbacks.checkpoint_sklearn) | Checking for non PyTorch modules to save... 🔧
05:53:40.160 | INFO    (702499, stable_pretraining.callbacks.checkpoint_sklearn) | Checking for Wandb params to save... 🔧
05:53:40.160 | INFO    (702499, stable_pretraining.callbacks.checkpoint_sklearn) | Saving Wandb params {'id': 'oz81yajr'}
05:53:40.160 | INFO    (702499, stable_pretraining.callbacks.checkpoint_sklearn) | Checking for Wandb params to save... Done!
05:53:40.160 | INFO    (702499, stable_pretraining.callbacks.cpu_offload) | ============================================================
05:53:40.160 | INFO    (702499, stable_pretraining.callbacks.cpu_offload) | CPUOffloadCallback: Starting checkpoint CPU offload (#9)
05:53:40.160 | INFO    (702499, stable_pretraining.callbacks.cpu_offload) |   - Global step: 110637
05:53:40.160 | INFO    (702499, stable_pretraining.callbacks.cpu_offload) |   - Epoch: 8
05:53:40.160 | INFO    (702499, stable_pretraining.callbacks.cpu_offload) | Checkpoint contains 11 keys: ['callbacks', 'epoch', 'global_step', 'hparams_name', 'hyper_parameters', 'loops', 'lr_schedulers', 'optimizer_states', 'pytorch-lightning_version', 'state_dict', 'wandb']
05:53:40.160 | INFO    (702499, stable_pretraining.callbacks.cpu_offload) | GPU memory before offload:
05:53:40.160 | INFO    (702499, stable_pretraining.callbacks.cpu_offload) |   - Allocated: 0.03 GB
05:53:40.160 | INFO    (702499, stable_pretraining.callbacks.cpu_offload) |   - Reserved: 13.91 GB
05:53:40.160 | INFO    (702499, stable_pretraining.callbacks.cpu_offload) | Processing checkpoint key: 'state_dict'
05:53:40.162 | SUCCESS (702499, stable_pretraining.callbacks.cpu_offload) | ✓ Completed 'state_dict' in 0.00s
05:53:40.162 | INFO    (702499, stable_pretraining.callbacks.cpu_offload) | Processing checkpoint key: 'optimizer_states'
05:53:40.165 | SUCCESS (702499, stable_pretraining.callbacks.cpu_offload) | ✓ Completed 'optimizer_states' in 0.00s
05:53:40.165 | INFO    (702499, stable_pretraining.callbacks.cpu_offload) | Processing checkpoint key: 'lr_schedulers'
05:53:40.165 | SUCCESS (702499, stable_pretraining.callbacks.cpu_offload) | ✓ Completed 'lr_schedulers' in 0.00s
05:53:40.165 | WARNING (702499, stable_pretraining.callbacks.cpu_offload) | Skipped 125 custom object(s)
05:53:40.165 | WARNING (702499, stable_pretraining.callbacks.cpu_offload) | First 10 skipped objects:
05:53:40.166 | WARNING (702499, stable_pretraining.callbacks.cpu_offload) |   - float at 'optimizer_states[0].param_groups[0].lr'
05:53:40.166 | WARNING (702499, stable_pretraining.callbacks.cpu_offload) |   - float at 'optimizer_states[0].param_groups[0].betas[0]'
05:53:40.166 | WARNING (702499, stable_pretraining.callbacks.cpu_offload) |   - float at 'optimizer_states[0].param_groups[0].betas[1]'
05:53:40.166 | WARNING (702499, stable_pretraining.callbacks.cpu_offload) |   - float at 'optimizer_states[0].param_groups[0].eps'
05:53:40.166 | WARNING (702499, stable_pretraining.callbacks.cpu_offload) |   - float at 'optimizer_states[0].param_groups[0].weight_decay'
05:53:40.166 | WARNING (702499, stable_pretraining.callbacks.cpu_offload) |   - bool at 'optimizer_states[0].param_groups[0].amsgrad'
05:53:40.166 | WARNING (702499, stable_pretraining.callbacks.cpu_offload) |   - bool at 'optimizer_states[0].param_groups[0].maximize'
05:53:40.166 | WARNING (702499, stable_pretraining.callbacks.cpu_offload) |   - NoneType at 'optimizer_states[0].param_groups[0].foreach'
05:53:40.166 | WARNING (702499, stable_pretraining.callbacks.cpu_offload) |   - bool at 'optimizer_states[0].param_groups[0].capturable'
05:53:40.166 | WARNING (702499, stable_pretraining.callbacks.cpu_offload) |   - bool at 'optimizer_states[0].param_groups[0].differentiable'
05:53:40.166 | WARNING (702499, stable_pretraining.callbacks.cpu_offload) | ... (105 more skipped) ...
05:53:40.166 | WARNING (702499, stable_pretraining.callbacks.cpu_offload) | Last 10 skipped objects:
05:53:40.166 | WARNING (702499, stable_pretraining.callbacks.cpu_offload) |   - int at 'lr_schedulers[0].warmup_steps'
05:53:40.166 | WARNING (702499, stable_pretraining.callbacks.cpu_offload) |   - int at 'lr_schedulers[0].max_steps'
05:53:40.166 | WARNING (702499, stable_pretraining.callbacks.cpu_offload) |   - float at 'lr_schedulers[0].warmup_start_lr'
05:53:40.166 | WARNING (702499, stable_pretraining.callbacks.cpu_offload) |   - float at 'lr_schedulers[0].eta_min'
05:53:40.166 | WARNING (702499, stable_pretraining.callbacks.cpu_offload) |   - float at 'lr_schedulers[0].base_lrs[0]'
05:53:40.166 | WARNING (702499, stable_pretraining.callbacks.cpu_offload) |   - int at 'lr_schedulers[0].last_epoch'
05:53:40.166 | WARNING (702499, stable_pretraining.callbacks.cpu_offload) |   - int at 'lr_schedulers[0]._step_count'
05:53:40.166 | WARNING (702499, stable_pretraining.callbacks.cpu_offload) |   - bool at 'lr_schedulers[0]._is_initial'
05:53:40.166 | WARNING (702499, stable_pretraining.callbacks.cpu_offload) |   - bool at 'lr_schedulers[0]._get_lr_called_within_step'
05:53:40.166 | WARNING (702499, stable_pretraining.callbacks.cpu_offload) |   - float at 'lr_schedulers[0]._last_lr[0]'
05:53:40.166 | INFO    (702499, stable_pretraining.callbacks.cpu_offload) | To see all 125 skipped objects, set log_skipped=True
05:53:40.166 | INFO    (702499, stable_pretraining.callbacks.cpu_offload) | GPU memory after offload:
05:53:40.166 | INFO    (702499, stable_pretraining.callbacks.cpu_offload) |   - Allocated: 0.03 GB
05:53:40.167 | INFO    (702499, stable_pretraining.callbacks.cpu_offload) |   - Reserved: 13.91 GB
05:53:40.167 | INFO    (702499, stable_pretraining.callbacks.cpu_offload) | GPU memory freed: 0.00 GB
05:53:40.167 | SUCCESS (702499, stable_pretraining.callbacks.cpu_offload) | CPUOffloadCallback: Checkpoint #9 completed in 0.01s
05:53:40.167 | INFO    (702499, stable_pretraining.callbacks.cpu_offload) | Successfully processed keys: ['state_dict', 'optimizer_states', 'lr_schedulers']
05:53:40.167 | INFO    (702499, stable_pretraining.callbacks.cpu_offload) | Cumulative stats:
05:53:40.167 | INFO    (702499, stable_pretraining.callbacks.cpu_offload) |   - Total checkpoints saved: 9
05:53:40.167 | INFO    (702499, stable_pretraining.callbacks.cpu_offload) |   - Total time in offload: 0.06s
05:53:40.167 | INFO    (702499, stable_pretraining.callbacks.cpu_offload) |   - Total memory freed: 0.00 GB
05:53:40.167 | INFO    (702499, stable_pretraining.callbacks.cpu_offload) |   - Average time per checkpoint: 0.01s
05:53:40.167 | INFO    (702499, stable_pretraining.callbacks.cpu_offload) | ============================================================
06:40:51.480 | WARNING (702499, stable_pretraining.module) | You are calling self.parameters which also gives callbacks parameters, to remove then, pass `with_callbacks=False`
[2026-04-25 06:42:20,823][root][INFO] - [HIProbe] Epoch 9 (seq_len=32, obs_window=1): encoding ...
[2026-04-25 06:42:21,038][root][INFO] - [HIProbe] Embedding std — min=0.6629  mean=0.9691  max=1.4492
[2026-04-25 06:42:21,039][root][INFO] - [HIProbe] Training TransformerProbe (max 150 epochs, patience=20) ...
[2026-04-25 06:42:21,137][root][INFO] - [HIProbe] probe dataset: train=28,280 windows, test=26,700 windows  (seq_len=32)
[2026-04-25 06:42:37,682][root][INFO] - [HIProbe] Early stop at probe epoch 43 (best mean RMSE=0.00291)
[2026-04-25 06:42:37,729][root][INFO] - 
[HIProbe] Epoch 9 | seq_len=32 — results
[2026-04-25 06:42:37,729][root][INFO] - ──────────────────────────────────────────────────────────────────
[2026-04-25 06:42:37,729][root][INFO] -   Component                           R²        RMSE   Pearson-r
[2026-04-25 06:42:37,729][root][INFO] - ──────────────────────────────────────────────────────────────────
[2026-04-25 06:42:37,729][root][INFO] -   HI_0                           -0.0433     0.00286      0.3285
[2026-04-25 06:42:37,729][root][INFO] -   HI_1                           -1.1119     0.00466     -0.0547
[2026-04-25 06:42:37,729][root][INFO] -   HI_2                           -1.1666     0.00589      0.0328
[2026-04-25 06:42:37,729][root][INFO] -   HI_3                            0.0467     0.00406      0.6075
[2026-04-25 06:42:37,729][root][INFO] -   HI_4                           -0.1913     0.00319      0.5487
[2026-04-25 06:42:37,729][root][INFO] -   HI_5                           -3.4961     0.00283      0.0734
[2026-04-25 06:42:37,729][root][INFO] -   HI_6                           -0.4304     0.00111     -0.0487
[2026-04-25 06:42:37,729][root][INFO] -   HI_7                           -1.0664     0.00145     -0.0673
[2026-04-25 06:42:37,729][root][INFO] -   HI_8                           -0.0429     0.00125      0.1950
[2026-04-25 06:42:37,729][root][INFO] -   HI_9                           -1.5724     0.00178      0.1533
[2026-04-25 06:42:37,729][root][INFO] - ──────────────────────────────────────────────────────────────────
[2026-04-25 06:42:37,729][root][INFO] -   MEAN                           -0.9075     0.00291      0.1769
[2026-04-25 06:42:37,729][root][INFO] - ──────────────────────────────────────────────────────────────────
[2026-04-25 06:42:37,729][root][INFO] - [HIProbe] Training Action-RUL probe (max_horizon=300) ...
[2026-04-25 06:42:37,826][root][INFO] - [HIProbe] Action-RUL probe dataset: train=28,280, test=26,700 windows
[2026-04-25 06:42:45,822][root][INFO] - [HIProbe] RUL early stop at probe epoch 21
[2026-04-25 06:42:45,858][root][INFO] - [HIProbe] Action-RUL evaluation: 26700/26700 (100.0%) uncensored test samples (tau < 300)
[2026-04-25 06:42:45,866][root][INFO] - [HIProbe] Action-RUL — RMSE=27.59 steps  MAE=22.27 steps  R2=-0.1524  Pearson=-0.0148
[2026-04-25 06:42:45,866][root][INFO] - [HIProbe] Appended to hi_probe_metrics.csv
[2026-04-25 06:42:45,867][root][INFO] - [HIProbe] Logged 38 metrics to wandb.
06:42:45.875 | INFO    (702499, stable_pretraining.callbacks.trainer_info) | \n+-----------------------------------+-----------------------+
|               Metric              |         Value         |
+-----------------------------------+-----------------------+
|            [0;34;40mfit/ar_loss[0m            |  [0;32;40m0.04804901406168938[0m  |
|              [0;34;40mfit/loss[0m             |   [0;32;40m0.2541393041610718[0m  |
|           [0;34;40mfit/pred_loss[0m           |  [0;32;40m0.07640493661165237[0m  |
|          [0;34;40mfit/sigreg_loss[0m          |         [0;32;40m1.1875[0m        |
|    [0;34;40mhi_probe/sl32/HI_0/pearson_r[0m   |   [0;32;40m0.3284851908683777[0m  |
|       [0;34;40mhi_probe/sl32/HI_0/r2[0m       |  [0;32;40m-0.04333460330963135[0m |
|      [0;34;40mhi_probe/sl32/HI_0/rmse[0m      | [0;32;40m0.0028620122466236353[0m |
|    [0;34;40mhi_probe/sl32/HI_1/pearson_r[0m   | [0;32;40m-0.054708436131477356[0m |
|       [0;34;40mhi_probe/sl32/HI_1/r2[0m       |  [0;32;40m-1.1119463443756104[0m  |
|      [0;34;40mhi_probe/sl32/HI_1/rmse[0m      |  [0;32;40m0.004661415237933397[0m |
|    [0;34;40mhi_probe/sl32/HI_2/pearson_r[0m   |  [0;32;40m0.03280044347047806[0m  |
|       [0;34;40mhi_probe/sl32/HI_2/r2[0m       |  [0;32;40m-1.1665844917297363[0m  |
|      [0;34;40mhi_probe/sl32/HI_2/rmse[0m      |  [0;32;40m0.005890646018087864[0m |
|    [0;34;40mhi_probe/sl32/HI_3/pearson_r[0m   |   [0;32;40m0.607511043548584[0m   |
|       [0;34;40mhi_probe/sl32/HI_3/r2[0m       |  [0;32;40m0.046685218811035156[0m |
|      [0;34;40mhi_probe/sl32/HI_3/rmse[0m      |   [0;32;40m0.0040648328140378[0m  |
|    [0;34;40mhi_probe/sl32/HI_4/pearson_r[0m   |   [0;32;40m0.5486898422241211[0m  |
|       [0;34;40mhi_probe/sl32/HI_4/r2[0m       |  [0;32;40m-0.19128727912902832[0m |
|      [0;34;40mhi_probe/sl32/HI_4/rmse[0m      |  [0;32;40m0.003191685304045677[0m |
|    [0;34;40mhi_probe/sl32/HI_5/pearson_r[0m   |  [0;32;40m0.07344156503677368[0m  |
|       [0;34;40mhi_probe/sl32/HI_5/r2[0m       |   [0;32;40m-3.496126174926758[0m  |
|      [0;34;40mhi_probe/sl32/HI_5/rmse[0m      | [0;32;40m0.0028312469366937876[0m |
|    [0;34;40mhi_probe/sl32/HI_6/pearson_r[0m   | [0;32;40m-0.048655085265636444[0m |
|       [0;34;40mhi_probe/sl32/HI_6/r2[0m       |  [0;32;40m-0.4304412603378296[0m  |
|      [0;34;40mhi_probe/sl32/HI_6/rmse[0m      |  [0;32;40m0.001110831624828279[0m |
|    [0;34;40mhi_probe/sl32/HI_7/pearson_r[0m   |  [0;32;40m-0.06729204207658768[0m |
|       [0;34;40mhi_probe/sl32/HI_7/r2[0m       |  [0;32;40m-1.0664150714874268[0m  |
|      [0;34;40mhi_probe/sl32/HI_7/rmse[0m      |  [0;32;40m0.001450751326046884[0m |
|    [0;34;40mhi_probe/sl32/HI_8/pearson_r[0m   |  [0;32;40m0.19502393901348114[0m  |
|       [0;34;40mhi_probe/sl32/HI_8/r2[0m       | [0;32;40m-0.042888641357421875[0m |
|      [0;34;40mhi_probe/sl32/HI_8/rmse[0m      | [0;32;40m0.0012454879470169544[0m |
|    [0;34;40mhi_probe/sl32/HI_9/pearson_r[0m   |  [0;32;40m0.15331998467445374[0m  |
|       [0;34;40mhi_probe/sl32/HI_9/r2[0m       |  [0;32;40m-1.5723769664764404[0m  |
|      [0;34;40mhi_probe/sl32/HI_9/rmse[0m      | [0;32;40m0.0017758950125426054[0m |
|    [0;34;40mhi_probe/sl32/mean_pearson_r[0m   |  [0;32;40m0.17686164379119873[0m  |
|       [0;34;40mhi_probe/sl32/mean_r2[0m       |  [0;32;40m-0.9074715375900269[0m  |
|      [0;34;40mhi_probe/sl32/mean_rmse[0m      |  [0;32;40m0.002908480353653431[0m |
| [0;34;40mhi_probe/sl32/rul/frac_uncensored[0m |          [0;32;40m1.0[0m          |
|       [0;34;40mhi_probe/sl32/rul/mae[0m       |   [0;32;40m22.274398803710938[0m  |
|    [0;34;40mhi_probe/sl32/rul/pearson_r[0m    | [0;32;40m-0.014831524342298508[0m |
|        [0;34;40mhi_probe/sl32/rul/r2[0m       |  [0;32;40m-0.1523526906967163[0m  |
|       [0;34;40mhi_probe/sl32/rul/rmse[0m      |   [0;32;40m27.591205596923828[0m  |
|          [0;34;40mvalidate/ar_loss[0m         |  [0;32;40m0.033170878887176514[0m |
|       [0;34;40mvalidate/ar_loss_epoch[0m      |  [0;32;40m0.033170878887176514[0m |
|           [0;34;40mvalidate/loss[0m           |   [0;32;40m0.3722911775112152[0m  |
|        [0;34;40mvalidate/loss_epoch[0m        |   [0;32;40m0.3722911775112152[0m  |
|         [0;34;40mvalidate/pred_loss[0m        |  [0;32;40m0.05792676657438278[0m  |
|      [0;34;40mvalidate/pred_loss_epoch[0m     |  [0;32;40m0.05792676657438278[0m  |
|        [0;34;40mvalidate/sigreg_loss[0m       |   [0;32;40m2.0955843925476074[0m  |
|     [0;34;40mvalidate/sigreg_loss_epoch[0m    |   [0;32;40m2.0955843925476074[0m  |
+-----------------------------------+-----------------------+
06:42:45.899 | INFO    (702499, stable_pretraining.callbacks.checkpoint_sklearn) | Checking for non PyTorch modules to save... 🔧
06:42:45.899 | INFO    (702499, stable_pretraining.callbacks.checkpoint_sklearn) | Checking for Wandb params to save... 🔧
06:42:45.899 | INFO    (702499, stable_pretraining.callbacks.checkpoint_sklearn) | Saving Wandb params {'id': 'oz81yajr'}
06:42:45.899 | INFO    (702499, stable_pretraining.callbacks.checkpoint_sklearn) | Checking for Wandb params to save... Done!
06:42:45.899 | INFO    (702499, stable_pretraining.callbacks.cpu_offload) | ============================================================
06:42:45.899 | INFO    (702499, stable_pretraining.callbacks.cpu_offload) | CPUOffloadCallback: Starting checkpoint CPU offload (#10)
06:42:45.899 | INFO    (702499, stable_pretraining.callbacks.cpu_offload) |   - Global step: 122930
06:42:45.899 | INFO    (702499, stable_pretraining.callbacks.cpu_offload) |   - Epoch: 9
06:42:45.899 | INFO    (702499, stable_pretraining.callbacks.cpu_offload) | Checkpoint contains 11 keys: ['callbacks', 'epoch', 'global_step', 'hparams_name', 'hyper_parameters', 'loops', 'lr_schedulers', 'optimizer_states', 'pytorch-lightning_version', 'state_dict', 'wandb']
06:42:45.900 | INFO    (702499, stable_pretraining.callbacks.cpu_offload) | GPU memory before offload:
06:42:45.900 | INFO    (702499, stable_pretraining.callbacks.cpu_offload) |   - Allocated: 0.03 GB
06:42:45.900 | INFO    (702499, stable_pretraining.callbacks.cpu_offload) |   - Reserved: 13.91 GB
06:42:45.900 | INFO    (702499, stable_pretraining.callbacks.cpu_offload) | Processing checkpoint key: 'state_dict'
06:42:45.901 | SUCCESS (702499, stable_pretraining.callbacks.cpu_offload) | ✓ Completed 'state_dict' in 0.00s
06:42:45.901 | INFO    (702499, stable_pretraining.callbacks.cpu_offload) | Processing checkpoint key: 'optimizer_states'
06:42:45.903 | SUCCESS (702499, stable_pretraining.callbacks.cpu_offload) | ✓ Completed 'optimizer_states' in 0.00s
06:42:45.903 | INFO    (702499, stable_pretraining.callbacks.cpu_offload) | Processing checkpoint key: 'lr_schedulers'
06:42:45.903 | SUCCESS (702499, stable_pretraining.callbacks.cpu_offload) | ✓ Completed 'lr_schedulers' in 0.00s
06:42:45.903 | WARNING (702499, stable_pretraining.callbacks.cpu_offload) | Skipped 125 custom object(s)
06:42:45.903 | WARNING (702499, stable_pretraining.callbacks.cpu_offload) | First 10 skipped objects:
06:42:45.903 | WARNING (702499, stable_pretraining.callbacks.cpu_offload) |   - float at 'optimizer_states[0].param_groups[0].lr'
06:42:45.903 | WARNING (702499, stable_pretraining.callbacks.cpu_offload) |   - float at 'optimizer_states[0].param_groups[0].betas[0]'
06:42:45.903 | WARNING (702499, stable_pretraining.callbacks.cpu_offload) |   - float at 'optimizer_states[0].param_groups[0].betas[1]'
06:42:45.904 | WARNING (702499, stable_pretraining.callbacks.cpu_offload) |   - float at 'optimizer_states[0].param_groups[0].eps'
06:42:45.904 | WARNING (702499, stable_pretraining.callbacks.cpu_offload) |   - float at 'optimizer_states[0].param_groups[0].weight_decay'
06:42:45.904 | WARNING (702499, stable_pretraining.callbacks.cpu_offload) |   - bool at 'optimizer_states[0].param_groups[0].amsgrad'
06:42:45.904 | WARNING (702499, stable_pretraining.callbacks.cpu_offload) |   - bool at 'optimizer_states[0].param_groups[0].maximize'
06:42:45.904 | WARNING (702499, stable_pretraining.callbacks.cpu_offload) |   - NoneType at 'optimizer_states[0].param_groups[0].foreach'
06:42:45.904 | WARNING (702499, stable_pretraining.callbacks.cpu_offload) |   - bool at 'optimizer_states[0].param_groups[0].capturable'
06:42:45.904 | WARNING (702499, stable_pretraining.callbacks.cpu_offload) |   - bool at 'optimizer_states[0].param_groups[0].differentiable'
06:42:45.904 | WARNING (702499, stable_pretraining.callbacks.cpu_offload) | ... (105 more skipped) ...
06:42:45.904 | WARNING (702499, stable_pretraining.callbacks.cpu_offload) | Last 10 skipped objects:
06:42:45.904 | WARNING (702499, stable_pretraining.callbacks.cpu_offload) |   - int at 'lr_schedulers[0].warmup_steps'
06:42:45.904 | WARNING (702499, stable_pretraining.callbacks.cpu_offload) |   - int at 'lr_schedulers[0].max_steps'
06:42:45.904 | WARNING (702499, stable_pretraining.callbacks.cpu_offload) |   - float at 'lr_schedulers[0].warmup_start_lr'
06:42:45.904 | WARNING (702499, stable_pretraining.callbacks.cpu_offload) |   - float at 'lr_schedulers[0].eta_min'
06:42:45.904 | WARNING (702499, stable_pretraining.callbacks.cpu_offload) |   - float at 'lr_schedulers[0].base_lrs[0]'
06:42:45.904 | WARNING (702499, stable_pretraining.callbacks.cpu_offload) |   - int at 'lr_schedulers[0].last_epoch'
06:42:45.904 | WARNING (702499, stable_pretraining.callbacks.cpu_offload) |   - int at 'lr_schedulers[0]._step_count'
06:42:45.904 | WARNING (702499, stable_pretraining.callbacks.cpu_offload) |   - bool at 'lr_schedulers[0]._is_initial'
06:42:45.904 | WARNING (702499, stable_pretraining.callbacks.cpu_offload) |   - bool at 'lr_schedulers[0]._get_lr_called_within_step'
06:42:45.904 | WARNING (702499, stable_pretraining.callbacks.cpu_offload) |   - float at 'lr_schedulers[0]._last_lr[0]'
06:42:45.904 | INFO    (702499, stable_pretraining.callbacks.cpu_offload) | To see all 125 skipped objects, set log_skipped=True
06:42:45.904 | INFO    (702499, stable_pretraining.callbacks.cpu_offload) | GPU memory after offload:
06:42:45.904 | INFO    (702499, stable_pretraining.callbacks.cpu_offload) |   - Allocated: 0.03 GB
06:42:45.904 | INFO    (702499, stable_pretraining.callbacks.cpu_offload) |   - Reserved: 13.91 GB
06:42:45.904 | INFO    (702499, stable_pretraining.callbacks.cpu_offload) | GPU memory freed: 0.00 GB
06:42:45.904 | SUCCESS (702499, stable_pretraining.callbacks.cpu_offload) | CPUOffloadCallback: Checkpoint #10 completed in 0.01s
06:42:45.905 | INFO    (702499, stable_pretraining.callbacks.cpu_offload) | Successfully processed keys: ['state_dict', 'optimizer_states', 'lr_schedulers']
06:42:45.905 | INFO    (702499, stable_pretraining.callbacks.cpu_offload) | Cumulative stats:
06:42:45.905 | INFO    (702499, stable_pretraining.callbacks.cpu_offload) |   - Total checkpoints saved: 10
06:42:45.905 | INFO    (702499, stable_pretraining.callbacks.cpu_offload) |   - Total time in offload: 0.06s
06:42:45.905 | INFO    (702499, stable_pretraining.callbacks.cpu_offload) |   - Total memory freed: 0.00 GB
06:42:45.905 | INFO    (702499, stable_pretraining.callbacks.cpu_offload) |   - Average time per checkpoint: 0.01s
06:42:45.905 | INFO    (702499, stable_pretraining.callbacks.cpu_offload) | ============================================================
`Trainer.fit` stopped: `max_epochs=10` reached.
06:42:45.917 | INFO    (702499, stable_pretraining.callbacks.cpu_offload) | ============================================================
06:42:45.917 | INFO    (702499, stable_pretraining.callbacks.cpu_offload) | CPUOffloadCallback: Training completed
06:42:45.917 | INFO    (702499, stable_pretraining.callbacks.cpu_offload) | Final statistics:
06:42:45.917 | INFO    (702499, stable_pretraining.callbacks.cpu_offload) |   - Total checkpoints saved: 10
06:42:45.917 | INFO    (702499, stable_pretraining.callbacks.cpu_offload) |   - Total time in offload: 0.06s
06:42:45.917 | INFO    (702499, stable_pretraining.callbacks.cpu_offload) |   - Total GPU memory freed: 0.00 GB
06:42:45.917 | INFO    (702499, stable_pretraining.callbacks.cpu_offload) |   - Average time per checkpoint: 0.01s
06:42:45.917 | INFO    (702499, stable_pretraining.callbacks.cpu_offload) |   - Average memory freed per checkpoint: 0.00 GB
06:42:45.917 | SUCCESS (702499, stable_pretraining.callbacks.cpu_offload) | CPUOffloadCallback: All checkpoints saved successfully
06:42:45.917 | INFO    (702499, stable_pretraining.callbacks.cpu_offload) | ============================================================
06:42:46.090 | SUCCESS (702499, stable_pretraining.callbacks.env_info) |   ✓ NVIDIA Driver: 580.126.09
06:42:46.096 | SUCCESS (702499, stable_pretraining.callbacks.env_info) |   ✓ Git: feature/option-b-sensor-native @ f8bf4503
06:42:46.096 | INFO    (702499, stable_pretraining.callbacks.env_info) |      Remote: git@github.com:LucasStill/le-wm.git
06:42:46.097 | WARNING (702499, stable_pretraining.callbacks.env_info) |      ⚠️  Working directory has uncommitted changes!
06:42:46.097 | SUCCESS (702499, stable_pretraining.callbacks.env_info) |   ✓ Environment: 3 relevant variables captured
06:42:46.097 | INFO    (702499, stable_pretraining.callbacks.env_info) | 🔄 Serializing environment data...
06:42:46.097 | INFO    (702499, stable_pretraining.callbacks.env_info) | 📋 File exists, using version 11: environment_v11.json
06:42:46.097 | INFO    (702499, stable_pretraining.callbacks.env_info) | 📋 File exists, using version 11: requirements_frozen_v11.txt
06:42:46.097 | INFO    (702499, stable_pretraining.callbacks.env_info) | 📁 Save directory: /home/lthil/thesis/le-wm
06:42:46.097 | INFO    (702499, stable_pretraining.callbacks.env_info) | 💾 Writing environment to temp file...
06:42:46.098 | INFO    (702499, stable_pretraining.callbacks.env_info) | 💾 Moving to: environment_v11.json
06:42:46.098 | SUCCESS (702499, stable_pretraining.callbacks.env_info) | ✓ Environment file saved (2.3 KB)
06:42:46.098 | SUCCESS (702499, stable_pretraining.callbacks.env_info) | ✓ Requirements file saved (0.1 KB)
Epoch 9/9  ━━━━━━━━━━━━━━━━━━ 24586/24586 0:47:11 • 0:00:00 8.66it/s v_num: yajr
06:42:46.221 | INFO    (702499, stable_pretraining.callbacks.cpu_offload) | CPUOffloadCallback: Teardown called for stage 'fit'
[1;34mwandb[0m: 
[1;34mwandb[0m: You can sync this run to the cloud by running:
[1;34mwandb[0m: [1mwandb sync wandb/offline-run-20260424_223505-oz81yajr[0m
========================================
Training complete.
========================================
