========================================
Host     : dragon
GPU      : GPU 0: NVIDIA GeForce RTX 5090 (UUID: GPU-85afedf9-1f8b-84b5-334a-931815cde3dc)
Dir      : /home/lthil/thesis/le-wm
STABLEWM : /home/lthil/.stable_worldmodel
========================================
Run name : lewm_s4_sensor_w1_H16_S5_P4
Config   : w=1 H=16 s=5 P=4 bs=128
========================================
[2026-04-25 09:29:50,878][root][INFO] - Cached 'action' from '/home/lthil/.stable_worldmodel/scenario4_train_lewm.h5'
[2026-04-25 09:29:55,904][root][INFO] - Cached 'pixels' from '/home/lthil/.stable_worldmodel/scenario4_train_lewm.h5'
/home/lthil/thesis/le-wm/jepa.py:65: UserWarning: enable_nested_tensor is True, but self.use_nested_tensor is False because encoder_layer.norm_first was True
  self.transformer = nn.TransformerEncoder(encoder_layer, num_layers=num_layers)
[2026-04-25 09:29:56,376][root][INFO] - [Encoder] SensorEncoder — n_sensors=176, d_model=64
[2026-04-25 09:29:56,379][root][INFO] - [HIProbe] Config found: True, enabled: True
[2026-04-25 09:29:56,379][root][INFO] - [HIProbe] data_path = /home/lthil/.stable_worldmodel/scenario4_train_lewm.h5
[2026-04-25 09:29:56,379][root][INFO] - [HIProbe] ✓ Registered — evaluating every 5 epochs
09:29:56.379 | INFO    (730874, stable_pretraining.data.module) | Setting up DataModule
09:29:56.380 | INFO    (730874, stable_pretraining.module) | Initializing Module configuration...
09:29:56.380 | WARNING (730874, stable_pretraining.module) | No hyperparameters provided - hyperparameter logging is disabled.
09:29:56.380 | INFO    (730874, stable_pretraining.module) | Setting custom forward method.
09:29:56.380 | INFO    (730874, stable_pretraining.module) | Setting attribute: self.model = <class 'jepa.JEPA'>
09:29:56.380 | INFO    (730874, stable_pretraining.module) | Setting attribute: self.sigreg = <class 'module.SIGReg'>
09:29:56.380 | INFO    (730874, stable_pretraining.module) | Setting attribute: self.optim = <class 'dict'>
09:29:56.380 | INFO    (730874, stable_pretraining.module) | No metrics configuration provided - automatic metric tracking is disabled.
wandb: WARNING The anonymous setting has no effect and will be removed in a future version.
wandb: WARNING `resume` will be ignored since W&B syncing is set to `offline`. Starting a new run with run id 6s1f2kx4.
wandb: Tracking run with wandb version 0.26.1
wandb: W&B syncing is set to `offline` in this directory. Run `wandb online` or set WANDB_MODE=online to enable cloud syncing.
wandb: Run data is saved locally in wandb/offline-run-20260425_092956-6s1f2kx4
Using bfloat16 Automatic Mixed Precision (AMP)
09:29:56.777 | INFO    (730874, stable_pretraining.callbacks.env_info) | EnvironmentDumpCallback initialized (filename=environment.json, async=True)
09:29:56.777 | INFO    (730874, stable_pretraining.callbacks.cpu_offload) | ============================================================
09:29:56.778 | INFO    (730874, stable_pretraining.callbacks.cpu_offload) | Initializing CPUOffloadCallback
09:29:56.778 | INFO    (730874, stable_pretraining.callbacks.cpu_offload) | Configuration:
09:29:56.778 | INFO    (730874, stable_pretraining.callbacks.cpu_offload) |   - Offload keys: ['state_dict', 'optimizer_states', 'lr_schedulers']
09:29:56.778 | INFO    (730874, stable_pretraining.callbacks.cpu_offload) |   - Log all skipped objects: False
09:29:56.778 | INFO    (730874, stable_pretraining.callbacks.cpu_offload) |   - Will show first/last 10 skipped objects only
09:29:56.778 | SUCCESS (730874, stable_pretraining.callbacks.cpu_offload) | ✓ CUDA available: 1 GPU(s) detected
09:29:56.894 | INFO    (730874, stable_pretraining.callbacks.cpu_offload) |   - GPU 0: NVIDIA GeForce RTX 5090 (33.7 GB)
09:29:56.894 | SUCCESS (730874, stable_pretraining.callbacks.cpu_offload) | CPUOffloadCallback initialized successfully
09:29:56.894 | INFO    (730874, stable_pretraining.callbacks.cpu_offload) | ============================================================
Adding 10 callbacks from entry point 'stablepretraining_callbacks': ModuleRegistryCallback, LoggingCallback, EnvironmentDumpCallback, TrainerInfo, SklearnCheckpoint, WandbCheckpoint, ModuleSummary, SLURMInfo, LogUnusedParametersOnce, CPUOffloadCallback
GPU available: True (cuda), used: True
TPU available: False, using: 0 TPU cores
💡 Tip: For seamless cloud logging and experiment tracking, try installing [litlogger](https://pypi.org/project/litlogger/) to enable LitLogger, which logs metrics and artifacts automatically to the Lightning Experiments platform.
Seed set to 3072
💡 Tip: For seamless cloud uploads and versioning, try installing [litmodels](https://pypi.org/project/litmodels/) to enable LitModelCheckpoint, which syncs automatically with the Lightning model registry.
You are using a CUDA device ('NVIDIA GeForce RTX 5090') that has Tensor Cores. To properly utilize them, you should set `torch.set_float32_matmul_precision('medium' | 'high')` which will trade-off precision for performance. For more details, read https://pytorch.org/docs/stable/generated/torch.set_float32_matmul_precision.html#torch.set_float32_matmul_precision
09:29:56.961 | INFO    (730874, stable_pretraining.data.module) | dataset for fit loaded!  ✅
09:29:56.962 | INFO    (730874, stable_pretraining.data.module) | 	● setup was done by user
[2026-04-25 09:29:56,962][root][INFO] - [HIProbe] Loading dataset from /home/lthil/.stable_worldmodel/scenario4_train_lewm.h5  (seq_len=16, obs_window=1)
[2026-04-25 09:30:01,929][root][INFO] - [HIProbe] Loading observations from key 'pixels' (encoder_type=sensor, shape=(7010872, 176))
[2026-04-25 09:30:02,081][root][INFO] - [HIProbe] Action-RUL: 80251 maintenance events found (max_horizon=300)
[2026-04-25 09:30:02,086][root][INFO] - [HIProbe] CSV → hi_probe_metrics.csv
[2026-04-25 09:30:02,086][root][INFO] - [HIProbe] 28,342 train / 26,762 test timesteps  (500 episodes, 10 HI dims)
09:30:02.195 | INFO    (730874, stable_pretraining.callbacks.env_info) | ======================================================================
09:30:02.196 | INFO    (730874, stable_pretraining.callbacks.env_info) | 🔍 Starting environment configuration dump...
09:30:02.196 | INFO    (730874, stable_pretraining.callbacks.env_info) | ======================================================================
09:30:02.196 | INFO    (730874, stable_pretraining.callbacks.env_info) | EnvironmentDumpCallback  log_dir=PosixPath('/home/lthil/thesis/le-wm')
09:30:02.196 | INFO    (730874, stable_pretraining.callbacks.env_info) | ⚡ Running environment dump in background thread (non-blocking)
09:30:02.196 | INFO    (730874, stable_pretraining.callbacks.env_info) | 📁 Log directory: /home/lthil/thesis/le-wm
09:30:02.196 | INFO    (730874, stable_pretraining.callbacks.env_info) | 📊 Collecting environment information...
09:30:02.196 | SUCCESS (730874, stable_pretraining.callbacks.env_info) | ✓ Background thread started successfully
09:30:02.197 | SUCCESS (730874, stable_pretraining.callbacks.env_info) |   ✓ Python 3.10.20
09:30:02.197 | INFO    (730874, stable_pretraining.callbacks.trainer_info) | 	 linking trainer to DataModule! 🔧
09:30:02.197 | SUCCESS (730874, stable_pretraining.callbacks.env_info) |   ✓ System: Linux 6.8.0-106-generic (x86_64)
09:30:02.197 | INFO    (730874, stable_pretraining.callbacks.checkpoint_sklearn) | Setting up SklearnCheckpoint callback!
09:30:02.198 | INFO    (730874, stable_pretraining.callbacks.env_info) |      Hostname: dragon
09:30:02.198 | INFO    (730874, stable_pretraining.callbacks.checkpoint_sklearn) | Sklearn Modules:
09:30:02.198 | INFO    (730874, stable_pretraining.callbacks.checkpoint_sklearn) | 
┏━━━━━━━━━━┳━━━━━━━━┳━━━━━━━━┓
┃ Module   ┃ Name   ┃ Type   ┃
┣━━━━━━━━━━╋━━━━━━━━╋━━━━━━━━┫
┗━━━━━━━━━━┻━━━━━━━━┻━━━━━━━━┛
09:30:02.198 | INFO    (730874, stable_pretraining.callbacks.checkpoint_sklearn) | Setting up WandbCheckpoint callback!
09:30:02.199 | INFO    (730874, stable_pretraining.callbacks.trainer_info) | PyTorch Modules:
09:30:02.199 | WARNING (730874, stable_pretraining.module) | You are calling self.parameters which also gives callbacks parameters, to remove then, pass `with_callbacks=False`
09:30:02.202 | INFO    (730874, stable_pretraining.callbacks.trainer_info) | \n+---------------------------------------------------------+----------------------+--------------------------+--------------------------+---------+
| Module                                                  | Trainable parameters | Non Trainable parameters | Uninitialized parameters | Buffers |
+---------------------------------------------------------+----------------------+--------------------------+--------------------------+---------+
|                                                         |               828372 |                        0 |                        0 |    1077 |
| callbacks_modules                                       |                    0 |                        0 |                        0 |       0 |
| callbacks_metrics                                       |                    0 |                        0 |                        0 |       0 |
| model                                                   |               828372 |                        0 |                        0 |    1026 |
| model.encoder                                           |               113024 |                        0 |                        0 |       0 |
| model.encoder.value_proj                                |                  128 |                        0 |                        0 |       0 |
| model.encoder.transformer                               |                99968 |                        0 |                        0 |       0 |
| model.encoder.transformer.layers                        |                99968 |                        0 |                        0 |       0 |
| model.encoder.transformer.layers.0                      |                49984 |                        0 |                        0 |       0 |
| model.encoder.transformer.layers.0.self_attn            |                16640 |                        0 |                        0 |       0 |
| model.encoder.transformer.layers.0.self_attn.out_proj   |                 4160 |                        0 |                        0 |       0 |
| model.encoder.transformer.layers.0.linear1              |                16640 |                        0 |                        0 |       0 |
| model.encoder.transformer.layers.0.dropout              |                    0 |                        0 |                        0 |       0 |
| model.encoder.transformer.layers.0.linear2              |                16448 |                        0 |                        0 |       0 |
| model.encoder.transformer.layers.0.norm1                |                  128 |                        0 |                        0 |       0 |
| model.encoder.transformer.layers.0.norm2                |                  128 |                        0 |                        0 |       0 |
| model.encoder.transformer.layers.0.dropout1             |                    0 |                        0 |                        0 |       0 |
| model.encoder.transformer.layers.0.dropout2             |                    0 |                        0 |                        0 |       0 |
| model.encoder.transformer.layers.1                      |                49984 |                        0 |                        0 |       0 |
| model.encoder.transformer.layers.1.self_attn            |                16640 |                        0 |                        0 |       0 |
| model.encoder.transformer.layers.1.self_attn.out_proj   |                 4160 |                        0 |                        0 |       0 |
| model.encoder.transformer.layers.1.linear1              |                16640 |                        0 |                        0 |       0 |
| model.encoder.transformer.layers.1.dropout              |                    0 |                        0 |                        0 |       0 |
| model.encoder.transformer.layers.1.linear2              |                16448 |                        0 |                        0 |       0 |
| model.encoder.transformer.layers.1.norm1                |                  128 |                        0 |                        0 |       0 |
| model.encoder.transformer.layers.1.norm2                |                  128 |                        0 |                        0 |       0 |
| model.encoder.transformer.layers.1.dropout1             |                    0 |                        0 |                        0 |       0 |
| model.encoder.transformer.layers.1.dropout2             |                    0 |                        0 |                        0 |       0 |
| model.encoder.norm                                      |                  128 |                        0 |                        0 |       0 |
| model.predictor                                         |               628864 |                        0 |                        0 |       0 |
| model.predictor.dropout                                 |                    0 |                        0 |                        0 |       0 |
| model.predictor.transformer                             |               627840 |                        0 |                        0 |       0 |
| model.predictor.transformer.norm                        |                  128 |                        0 |                        0 |       0 |
| model.predictor.transformer.layers                      |               627712 |                        0 |                        0 |       0 |
| model.predictor.transformer.layers.0                    |               156928 |                        0 |                        0 |       0 |
| model.predictor.transformer.layers.0.attn               |                65728 |                        0 |                        0 |       0 |
| model.predictor.transformer.layers.0.attn.norm          |                  128 |                        0 |                        0 |       0 |
| model.predictor.transformer.layers.0.attn.attend        |                    0 |                        0 |                        0 |       0 |
| model.predictor.transformer.layers.0.attn.to_qkv        |                49152 |                        0 |                        0 |       0 |
| model.predictor.transformer.layers.0.attn.to_out        |                16448 |                        0 |                        0 |       0 |
| model.predictor.transformer.layers.0.attn.to_out.0      |                16448 |                        0 |                        0 |       0 |
| model.predictor.transformer.layers.0.attn.to_out.1      |                    0 |                        0 |                        0 |       0 |
| model.predictor.transformer.layers.0.mlp                |                66240 |                        0 |                        0 |       0 |
| model.predictor.transformer.layers.0.mlp.net            |                66240 |                        0 |                        0 |       0 |
| model.predictor.transformer.layers.0.mlp.net.0          |                  128 |                        0 |                        0 |       0 |
| model.predictor.transformer.layers.0.mlp.net.1          |                33280 |                        0 |                        0 |       0 |
| model.predictor.transformer.layers.0.mlp.net.2          |                    0 |                        0 |                        0 |       0 |
| model.predictor.transformer.layers.0.mlp.net.3          |                    0 |                        0 |                        0 |       0 |
| model.predictor.transformer.layers.0.mlp.net.4          |                32832 |                        0 |                        0 |       0 |
| model.predictor.transformer.layers.0.mlp.net.5          |                    0 |                        0 |                        0 |       0 |
| model.predictor.transformer.layers.0.norm1              |                    0 |                        0 |                        0 |       0 |
| model.predictor.transformer.layers.0.norm2              |                    0 |                        0 |                        0 |       0 |
| model.predictor.transformer.layers.0.adaLN_modulation   |                24960 |                        0 |                        0 |       0 |
| model.predictor.transformer.layers.0.adaLN_modulation.0 |                    0 |                        0 |                        0 |       0 |
| model.predictor.transformer.layers.0.adaLN_modulation.1 |                24960 |                        0 |                        0 |       0 |
| model.predictor.transformer.layers.1                    |               156928 |                        0 |                        0 |       0 |
| model.predictor.transformer.layers.1.attn               |                65728 |                        0 |                        0 |       0 |
| model.predictor.transformer.layers.1.attn.norm          |                  128 |                        0 |                        0 |       0 |
| model.predictor.transformer.layers.1.attn.attend        |                    0 |                        0 |                        0 |       0 |
| model.predictor.transformer.layers.1.attn.to_qkv        |                49152 |                        0 |                        0 |       0 |
| model.predictor.transformer.layers.1.attn.to_out        |                16448 |                        0 |                        0 |       0 |
| model.predictor.transformer.layers.1.attn.to_out.0      |                16448 |                        0 |                        0 |       0 |
| model.predictor.transformer.layers.1.attn.to_out.1      |                    0 |                        0 |                        0 |       0 |
| model.predictor.transformer.layers.1.mlp                |                66240 |                        0 |                        0 |       0 |
| model.predictor.transformer.layers.1.mlp.net            |                66240 |                        0 |                        0 |       0 |
| model.predictor.transformer.layers.1.mlp.net.0          |                  128 |                        0 |                        0 |       0 |
| model.predictor.transformer.layers.1.mlp.net.1          |                33280 |                        0 |                        0 |       0 |
| model.predictor.transformer.layers.1.mlp.net.2          |                    0 |                        0 |                        0 |       0 |
| model.predictor.transformer.layers.1.mlp.net.3          |                    0 |                        0 |                        0 |       0 |
| model.predictor.transformer.layers.1.mlp.net.4          |                32832 |                        0 |                        0 |       0 |
| model.predictor.transformer.layers.1.mlp.net.5          |                    0 |                        0 |                        0 |       0 |
| model.predictor.transformer.layers.1.norm1              |                    0 |                        0 |                        0 |       0 |
| model.predictor.transformer.layers.1.norm2              |                    0 |                        0 |                        0 |       0 |
| model.predictor.transformer.layers.1.adaLN_modulation   |                24960 |                        0 |                        0 |       0 |
| model.predictor.transformer.layers.1.adaLN_modulation.0 |                    0 |                        0 |                        0 |       0 |
| model.predictor.transformer.layers.1.adaLN_modulation.1 |                24960 |                        0 |                        0 |       0 |
| model.predictor.transformer.layers.2                    |               156928 |                        0 |                        0 |       0 |
| model.predictor.transformer.layers.2.attn               |                65728 |                        0 |                        0 |       0 |
| model.predictor.transformer.layers.2.attn.norm          |                  128 |                        0 |                        0 |       0 |
| model.predictor.transformer.layers.2.attn.attend        |                    0 |                        0 |                        0 |       0 |
| model.predictor.transformer.layers.2.attn.to_qkv        |                49152 |                        0 |                        0 |       0 |
| model.predictor.transformer.layers.2.attn.to_out        |                16448 |                        0 |                        0 |       0 |
| model.predictor.transformer.layers.2.attn.to_out.0      |                16448 |                        0 |                        0 |       0 |
| model.predictor.transformer.layers.2.attn.to_out.1      |                    0 |                        0 |                        0 |       0 |
| model.predictor.transformer.layers.2.mlp                |                66240 |                        0 |                        0 |       0 |
| model.predictor.transformer.layers.2.mlp.net            |                66240 |                        0 |                        0 |       0 |
| model.predictor.transformer.layers.2.mlp.net.0          |                  128 |                        0 |                        0 |       0 |
| model.predictor.transformer.layers.2.mlp.net.1          |                33280 |                        0 |                        0 |       0 |
| model.predictor.transformer.layers.2.mlp.net.2          |                    0 |                        0 |                        0 |       0 |
| model.predictor.transformer.layers.2.mlp.net.3          |                    0 |                        0 |                        0 |       0 |
| model.predictor.transformer.layers.2.mlp.net.4          |                32832 |                        0 |                        0 |       0 |
| model.predictor.transformer.layers.2.mlp.net.5          |                    0 |                        0 |                        0 |       0 |
| model.predictor.transformer.layers.2.norm1              |                    0 |                        0 |                        0 |       0 |
| model.predictor.transformer.layers.2.norm2              |                    0 |                        0 |                        0 |       0 |
| model.predictor.transformer.layers.2.adaLN_modulation   |                24960 |                        0 |                        0 |       0 |
| model.predictor.transformer.layers.2.adaLN_modulation.0 |                    0 |                        0 |                        0 |       0 |
| model.predictor.transformer.layers.2.adaLN_modulation.1 |                24960 |                        0 |                        0 |       0 |
| model.predictor.transformer.layers.3                    |               156928 |                        0 |                        0 |       0 |
| model.predictor.transformer.layers.3.attn               |                65728 |                        0 |                        0 |       0 |
| model.predictor.transformer.layers.3.attn.norm          |                  128 |                        0 |                        0 |       0 |
| model.predictor.transformer.layers.3.attn.attend        |                    0 |                        0 |                        0 |       0 |
| model.predictor.transformer.layers.3.attn.to_qkv        |                49152 |                        0 |                        0 |       0 |
| model.predictor.transformer.layers.3.attn.to_out        |                16448 |                        0 |                        0 |       0 |
| model.predictor.transformer.layers.3.attn.to_out.0      |                16448 |                        0 |                        0 |       0 |
| model.predictor.transformer.layers.3.attn.to_out.1      |                    0 |                        0 |                        0 |       0 |
| model.predictor.transformer.layers.3.mlp                |                66240 |                        0 |                        0 |       0 |
| model.predictor.transformer.layers.3.mlp.net            |                66240 |                        0 |                        0 |       0 |
| model.predictor.transformer.layers.3.mlp.net.0          |                  128 |                        0 |                        0 |       0 |
| model.predictor.transformer.layers.3.mlp.net.1          |                33280 |                        0 |                        0 |       0 |
| model.predictor.transformer.layers.3.mlp.net.2          |                    0 |                        0 |                        0 |       0 |
| model.predictor.transformer.layers.3.mlp.net.3          |                    0 |                        0 |                        0 |       0 |
| model.predictor.transformer.layers.3.mlp.net.4          |                32832 |                        0 |                        0 |       0 |
| model.predictor.transformer.layers.3.mlp.net.5          |                    0 |                        0 |                        0 |       0 |
| model.predictor.transformer.layers.3.norm1              |                    0 |                        0 |                        0 |       0 |
| model.predictor.transformer.layers.3.norm2              |                    0 |                        0 |                        0 |       0 |
| model.predictor.transformer.layers.3.adaLN_modulation   |                24960 |                        0 |                        0 |       0 |
| model.predictor.transformer.layers.3.adaLN_modulation.0 |                    0 |                        0 |                        0 |       0 |
| model.predictor.transformer.layers.3.adaLN_modulation.1 |                24960 |                        0 |                        0 |       0 |
| model.predictor.transformer.input_proj                  |                    0 |                        0 |                        0 |       0 |
| model.predictor.transformer.cond_proj                   |                    0 |                        0 |                        0 |       0 |
| model.predictor.transformer.output_proj                 |                    0 |                        0 |                        0 |       0 |
| model.action_encoder                                    |                19284 |                        0 |                        0 |       0 |
| model.action_encoder.patch_embed                        |                   20 |                        0 |                        0 |       0 |
| model.action_encoder.embed                              |                19264 |                        0 |                        0 |       0 |
| model.action_encoder.embed.0                            |                 2816 |                        0 |                        0 |       0 |
| model.action_encoder.embed.1                            |                    0 |                        0 |                        0 |       0 |
| model.action_encoder.embed.2                            |                16448 |                        0 |                        0 |       0 |
| model.projector                                         |                33600 |                        0 |                        0 |     513 |
| model.projector.net                                     |                33600 |                        0 |                        0 |     513 |
| model.projector.net.0                                   |                16640 |                        0 |                        0 |       0 |
| model.projector.net.1                                   |                  512 |                        0 |                        0 |     513 |
| model.projector.net.2                                   |                    0 |                        0 |                        0 |       0 |
| model.projector.net.3                                   |                16448 |                        0 |                        0 |       0 |
| model.pred_proj                                         |                33600 |                        0 |                        0 |     513 |
| model.pred_proj.net                                     |                33600 |                        0 |                        0 |     513 |
| model.pred_proj.net.0                                   |                16640 |                        0 |                        0 |       0 |
| model.pred_proj.net.1                                   |                  512 |                        0 |                        0 |     513 |
| model.pred_proj.net.2                                   |                    0 |                        0 |                        0 |       0 |
| model.pred_proj.net.3                                   |                16448 |                        0 |                        0 |       0 |
| sigreg                                                  |                    0 |                        0 |                        0 |      51 |
+---------------------------------------------------------+----------------------+--------------------------+--------------------------+---------+
09:30:02.202 | INFO    (730874, stable_pretraining.callbacks.trainer_info) | ---- SLURM INFO ---- 🔧
09:30:02.202 | INFO    (730874, stable_pretraining.callbacks.trainer_info) | Job ID: N/A
09:30:02.202 | INFO    (730874, stable_pretraining.callbacks.trainer_info) | Task ID: N/A
09:30:02.202 | INFO    (730874, stable_pretraining.callbacks.trainer_info) | Job Name: N/A
09:30:02.202 | INFO    (730874, stable_pretraining.callbacks.trainer_info) | Nodes: N/A
09:30:02.202 | INFO    (730874, stable_pretraining.callbacks.trainer_info) | Tasks: N/A
09:30:02.202 | INFO    (730874, stable_pretraining.callbacks.trainer_info) | CPUs per node: N/A
09:30:02.202 | INFO    (730874, stable_pretraining.callbacks.trainer_info) | CPUs per task: N/A
09:30:02.202 | INFO    (730874, stable_pretraining.callbacks.trainer_info) | Memory per node: N/A
09:30:02.202 | INFO    (730874, stable_pretraining.callbacks.trainer_info) | Memory per CPU: N/A
09:30:02.202 | INFO    (730874, stable_pretraining.callbacks.trainer_info) | Time limit: N/A
09:30:02.202 | INFO    (730874, stable_pretraining.callbacks.trainer_info) | Partition: N/A
09:30:02.202 | INFO    (730874, stable_pretraining.callbacks.trainer_info) | Node List: N/A
09:30:02.202 | INFO    (730874, stable_pretraining.callbacks.trainer_info) | Submit Directory: N/A
09:30:02.203 | INFO    (730874, stable_pretraining.callbacks.cpu_offload) | CPUOffloadCallback: Setup called for stage 'fit'
09:30:02.203 | INFO    (730874, stable_pretraining.callbacks.cpu_offload) |   - Trainer rank: 0/1
09:30:02.203 | INFO    (730874, stable_pretraining.callbacks.cpu_offload) |   - Strategy: SingleDeviceStrategy
09:30:02.203 | SUCCESS (730874, stable_pretraining.callbacks.cpu_offload) | ✓ Strategy 'SingleDeviceStrategy' is compatible with CPU offload
09:30:02.203 | SUCCESS (730874, stable_pretraining.callbacks.cpu_offload) | ✓ CPUOffloadCallback ENABLED for strategy 'SingleDeviceStrategy'
09:30:02.203 | INFO    (730874, stable_pretraining.callbacks.cpu_offload) |   - This rank will handle checkpoint saving and CPU offload
LOCAL_RANK: 0 - CUDA_VISIBLE_DEVICES: [0]
09:30:02.206 | INFO    (730874, stable_pretraining.module) | Configuring optimizers and learning rate schedulers...
09:30:02.206 | INFO    (730874, stable_pretraining.module) | 	Optimizer specified by Dict with keys ['model_opt']... 🔧
09:30:02.207 | INFO    (730874, stable_pretraining.module) | 
┏━━━━━━━━━━━━━┳━━━━━━━━━━━┳━━━━━━━━━━━━━━━━━━━┳━━━━━━━━━━━━━━━━━┳━━━━━━━━━━━━━━━━┳━━━━━━━━━━━━━━━━━━━━━━━━┓
┃ Optimizer   ┃ Pattern   ┃   Matched Modules ┃   Param Tensors ┃   Total Params ┃   RequiresGrad Tensors ┃
┣━━━━━━━━━━━━━╋━━━━━━━━━━━╋━━━━━━━━━━━━━━━━━━━╋━━━━━━━━━━━━━━━━━╋━━━━━━━━━━━━━━━━╋━━━━━━━━━━━━━━━━━━━━━━━━┫
┃ model_opt   ┃ model     ┃               136 ┃             102 ┃         828372 ┃                    102 ┃
┗━━━━━━━━━━━━━┻━━━━━━━━━━━┻━━━━━━━━━━━━━━━━━━━┻━━━━━━━━━━━━━━━━━┻━━━━━━━━━━━━━━━━┻━━━━━━━━━━━━━━━━━━━━━━━━┛
09:30:02.207 | INFO    (730874, stable_pretraining.optim.lr_scheduler) | 	User provided a dict
Loading `train_dataloader` to estimate number of stepping batches.
/home/lthil/thesis/le-wm/.venv/lib/python3.10/site-packages/lightning/pytorch/utilities/_pytree.py:21: `isinstance(treespec, LeafSpec)` is deprecated, use `isinstance(treespec, TreeSpec) and treespec.is_leaf()` instead.
09:30:02.213 | WARNING (730874, stable_pretraining.callbacks.env_info) |      ⚠️  pip freeze failed: Command '['/home/lthil/thesis/le-wm/.venv/bin/python', '-m', 'pip', 'freeze']' returned non-zero exit status 1.
09:30:02.214 | SUCCESS (730874, stable_pretraining.callbacks.env_info) |   ✓ Packages: 0 packages collected in 0.02s
09:30:02.591 | INFO    (730874, stable_pretraining.module) | Configured optimizer 'model_opt' (modules=136, param_tensors=102, total_params=828372) with LinearWarmupCosineAnnealingLR scheduler.
/home/lthil/thesis/le-wm/.venv/lib/python3.10/site-packages/lightning/pytorch/utilities/model_summary/model_summary.py:242: Precision bf16-mixed is not supported by the model summary.  Estimated model size in MB will not be accurate. Using 32 bits instead.
09:30:02.593 | WARNING (730874, stable_pretraining.module) | You are calling self.parameters which also gives callbacks parameters, to remove then, pass `with_callbacks=False`
09:30:02.593 | WARNING (730874, stable_pretraining.module) | You are calling self.parameters which also gives callbacks parameters, to remove then, pass `with_callbacks=False`
09:30:02.593 | WARNING (730874, stable_pretraining.module) | You are calling self.parameters which also gives callbacks parameters, to remove then, pass `with_callbacks=False`
09:30:02.594 | WARNING (730874, stable_pretraining.module) | You are calling self.parameters which also gives callbacks parameters, to remove then, pass `with_callbacks=False`
┏━━━┳━━━━━━━━━━━━━━━━━━━┳━━━━━━━━━━━━┳━━━━━━━━┳━━━━━━━┳━━━━━━━┓
┃   ┃ Name              ┃ Type       ┃ Params ┃ Mode  ┃ FLOPs ┃
┡━━━╇━━━━━━━━━━━━━━━━━━━╇━━━━━━━━━━━━╇━━━━━━━━╇━━━━━━━╇━━━━━━━┩
│ 0 │ callbacks_modules │ ModuleDict │      0 │ train │     0 │
│ 1 │ callbacks_metrics │ ModuleDict │      0 │ train │     0 │
│ 2 │ model             │ JEPA       │  828 K │ train │     0 │
│ 3 │ sigreg            │ SIGReg     │      0 │ train │     0 │
└───┴───────────────────┴────────────┴────────┴───────┴───────┘
Trainable params: 828 K                                                         
Non-trainable params: 0                                                         
Total params: 828 K                                                             
Total estimated model params size (MB): 3                                       
Modules in train mode: 139                                                      
Modules in eval mode: 0                                                         
Total FLOPs: 0                                                                  
09:30:02.604 | WARNING (730874, stable_pretraining.module) | You are calling self.parameters which also gives callbacks parameters, to remove then, pass `with_callbacks=False`
/home/lthil/thesis/le-wm/.venv/lib/python3.10/site-packages/lightning/pytorch/utilities/_pytree.py:21: `isinstance(treespec, LeafSpec)` is deprecated, use `isinstance(treespec, TreeSpec) and treespec.is_leaf()` instead.
/home/lthil/thesis/le-wm/.venv/lib/python3.10/site-packages/lightning/pytorch/utilities/data.py:79: Trying to infer the `batch_size` from an ambiguous collection. The batch size we found is 128. To avoid any miscalculations, use `self.log(..., batch_size=batch_size)`.
09:30:03.427 | INFO    (730874, stable_pretraining.callbacks.trainer_info) | \n+----------------------------+---------------------+
|           Metric           |        Value        |
+----------------------------+---------------------+
|      [0;34;40mvalidate/ar_loss[0m      | [0;32;40m0.09680040180683136[0m |
|   [0;34;40mvalidate/ar_loss_epoch[0m   | [0;32;40m0.09680040180683136[0m |
|       [0;34;40mvalidate/loss[0m        |  [0;32;40m8.888163566589355[0m  |
|    [0;34;40mvalidate/loss_epoch[0m     |  [0;32;40m8.888163566589355[0m  |
|     [0;34;40mvalidate/pred_loss[0m     | [0;32;40m0.20066367089748383[0m |
|  [0;34;40mvalidate/pred_loss_epoch[0m  | [0;32;40m0.20066367089748383[0m |
|    [0;34;40mvalidate/sigreg_loss[0m    |         [0;32;40m58.0[0m        |
| [0;34;40mvalidate/sigreg_loss_epoch[0m |         [0;32;40m58.0[0m        |
+----------------------------+---------------------+
09:30:03.428 | INFO    (730874, stable_pretraining.callbacks.cpu_offload) | CPUOffloadCallback: Training started
09:30:03.428 | WARNING (730874, stable_pretraining.module) | You are calling self.parameters which also gives callbacks parameters, to remove then, pass `with_callbacks=False`
09:30:03.428 | WARNING (730874, stable_pretraining.module) | You are calling self.parameters which also gives callbacks parameters, to remove then, pass `with_callbacks=False`
09:30:03.428 | INFO    (730874, stable_pretraining.callbacks.cpu_offload) | Model statistics:
09:30:03.428 | INFO    (730874, stable_pretraining.callbacks.cpu_offload) |   - Total parameters: 828,372
09:30:03.428 | INFO    (730874, stable_pretraining.callbacks.cpu_offload) |   - Trainable parameters: 828,372
09:30:03.428 | INFO    (730874, stable_pretraining.callbacks.cpu_offload) |   - Model size (bf16): ~0.00 GB
09:30:03.429 | INFO    (730874, stable_pretraining.callbacks.cpu_offload) |   - Estimated checkpoint size (with optimizer): ~0.00 GB
09:30:03.429 | INFO    (730874, stable_pretraining.module) | Double checking optimizers!
09:30:03.429 | INFO    (730874, stable_pretraining.module) | `self.optimizers() gave us 1 optimizers
09:30:03.429 | WARNING (730874, stable_pretraining.module) | No clip val found for optimizer default_0
09:30:03.429 | WARNING (730874, stable_pretraining.module) | -> we will use the Trainer's value of 0.3
09:30:03.429 | WARNING (730874, stable_pretraining.module) | No clip algorithm found for optimizer default_0
09:30:03.429 | WARNING (730874, stable_pretraining.module) | -> we will use the Trainer's value of None
09:30:03.429 | SUCCESS (730874, stable_pretraining.module) | We are done checking your optimizers! Here is the summary:
+------------+-----------+----------------+-----------+-----------+
| Opt. Index | Opt. name |      opt       | clip val. | clip alg. |
+------------+-----------+----------------+-----------+-----------+
|     0      | default_0 | LightningAdamW |    0.3    |    None   |
+------------+-----------+----------------+-----------+-----------+
09:30:03.430 | WARNING (730874, stable_pretraining.module) | You are calling self.parameters which also gives callbacks parameters, to remove then, pass `with_callbacks=False`
09:30:03.430 | INFO    (730874, stable_pretraining.callbacks.unused_parameters) | [LogUnusedParametersOnce] Registered hooks on 102 leaf parameters.
09:30:03.617 | WARNING (730874, stable_pretraining.module) | You are calling self.parameters which also gives callbacks parameters, to remove then, pass `with_callbacks=False`
09:30:03.617 | INFO    (730874, stable_pretraining.callbacks.unused_parameters) | [LogUnusedParametersOnce] All tracked parameters received gradients on the first backward pass.
09:30:03.618 | INFO    (730874, stable_pretraining.callbacks.unused_parameters) | [LogUnusedParametersOnce] Hooks removed, callback disabled.
11:28:50.551 | WARNING (730874, stable_pretraining.module) | You are calling self.parameters which also gives callbacks parameters, to remove then, pass `with_callbacks=False`
/home/lthil/thesis/le-wm/.venv/lib/python3.10/site-packages/lightning/pytorch/utilities/data.py:79: Trying to infer the `batch_size` from an ambiguous collection. The batch size we found is 17. To avoid any miscalculations, use `self.log(..., batch_size=batch_size)`.
11:32:34.008 | INFO    (730874, stable_pretraining.callbacks.trainer_info) | \n+----------------------------+---------------------+
|           Metric           |        Value        |
+----------------------------+---------------------+
|        [0;34;40mfit/ar_loss[0m         | [0;32;40m0.11688920855522156[0m |
|          [0;34;40mfit/loss[0m          |  [0;32;40m0.7077471017837524[0m |
|       [0;34;40mfit/pred_loss[0m        | [0;32;40m0.21165335178375244[0m |
|      [0;34;40mfit/sigreg_loss[0m       |        [0;32;40m3.3125[0m       |
|      [0;34;40mvalidate/ar_loss[0m      | [0;32;40m0.13548098504543304[0m |
|   [0;34;40mvalidate/ar_loss_epoch[0m   | [0;32;40m0.13548098504543304[0m |
|       [0;34;40mvalidate/loss[0m        |  [0;32;40m0.9102150797843933[0m |
|    [0;34;40mvalidate/loss_epoch[0m     |  [0;32;40m0.9102150797843933[0m |
|     [0;34;40mvalidate/pred_loss[0m     | [0;32;40m0.22506862878799438[0m |
|  [0;34;40mvalidate/pred_loss_epoch[0m  | [0;32;40m0.22506862878799438[0m |
|    [0;34;40mvalidate/sigreg_loss[0m    |  [0;32;40m4.567644119262695[0m  |
| [0;34;40mvalidate/sigreg_loss_epoch[0m |  [0;32;40m4.567644119262695[0m  |
+----------------------------+---------------------+
11:32:34.027 | INFO    (730874, stable_pretraining.callbacks.checkpoint_sklearn) | Checking for non PyTorch modules to save... 🔧
11:32:34.028 | INFO    (730874, stable_pretraining.callbacks.checkpoint_sklearn) | Checking for Wandb params to save... 🔧
11:32:34.028 | INFO    (730874, stable_pretraining.callbacks.checkpoint_sklearn) | Saving Wandb params {'id': '6s1f2kx4'}
11:32:34.028 | INFO    (730874, stable_pretraining.callbacks.checkpoint_sklearn) | Checking for Wandb params to save... Done!
11:32:34.028 | INFO    (730874, stable_pretraining.callbacks.cpu_offload) | ============================================================
11:32:34.028 | INFO    (730874, stable_pretraining.callbacks.cpu_offload) | CPUOffloadCallback: Starting checkpoint CPU offload (#1)
11:32:34.028 | INFO    (730874, stable_pretraining.callbacks.cpu_offload) |   - Global step: 12240
11:32:34.028 | INFO    (730874, stable_pretraining.callbacks.cpu_offload) |   - Epoch: 0
11:32:34.028 | INFO    (730874, stable_pretraining.callbacks.cpu_offload) | Checkpoint contains 11 keys: ['callbacks', 'epoch', 'global_step', 'hparams_name', 'hyper_parameters', 'loops', 'lr_schedulers', 'optimizer_states', 'pytorch-lightning_version', 'state_dict', 'wandb']
11:32:34.028 | INFO    (730874, stable_pretraining.callbacks.cpu_offload) | GPU memory before offload:
11:32:34.028 | INFO    (730874, stable_pretraining.callbacks.cpu_offload) |   - Allocated: 0.03 GB
11:32:34.028 | INFO    (730874, stable_pretraining.callbacks.cpu_offload) |   - Reserved: 18.07 GB
11:32:34.028 | INFO    (730874, stable_pretraining.callbacks.cpu_offload) | Processing checkpoint key: 'state_dict'
11:32:34.030 | SUCCESS (730874, stable_pretraining.callbacks.cpu_offload) | ✓ Completed 'state_dict' in 0.00s
11:32:34.030 | INFO    (730874, stable_pretraining.callbacks.cpu_offload) | Processing checkpoint key: 'optimizer_states'
11:32:34.033 | SUCCESS (730874, stable_pretraining.callbacks.cpu_offload) | ✓ Completed 'optimizer_states' in 0.00s
11:32:34.033 | INFO    (730874, stable_pretraining.callbacks.cpu_offload) | Processing checkpoint key: 'lr_schedulers'
11:32:34.033 | SUCCESS (730874, stable_pretraining.callbacks.cpu_offload) | ✓ Completed 'lr_schedulers' in 0.00s
11:32:34.033 | WARNING (730874, stable_pretraining.callbacks.cpu_offload) | Skipped 125 custom object(s)
11:32:34.033 | WARNING (730874, stable_pretraining.callbacks.cpu_offload) | First 10 skipped objects:
11:32:34.033 | WARNING (730874, stable_pretraining.callbacks.cpu_offload) |   - float at 'optimizer_states[0].param_groups[0].lr'
11:32:34.033 | WARNING (730874, stable_pretraining.callbacks.cpu_offload) |   - float at 'optimizer_states[0].param_groups[0].betas[0]'
11:32:34.033 | WARNING (730874, stable_pretraining.callbacks.cpu_offload) |   - float at 'optimizer_states[0].param_groups[0].betas[1]'
11:32:34.033 | WARNING (730874, stable_pretraining.callbacks.cpu_offload) |   - float at 'optimizer_states[0].param_groups[0].eps'
11:32:34.033 | WARNING (730874, stable_pretraining.callbacks.cpu_offload) |   - float at 'optimizer_states[0].param_groups[0].weight_decay'
11:32:34.033 | WARNING (730874, stable_pretraining.callbacks.cpu_offload) |   - bool at 'optimizer_states[0].param_groups[0].amsgrad'
11:32:34.033 | WARNING (730874, stable_pretraining.callbacks.cpu_offload) |   - bool at 'optimizer_states[0].param_groups[0].maximize'
11:32:34.034 | WARNING (730874, stable_pretraining.callbacks.cpu_offload) |   - NoneType at 'optimizer_states[0].param_groups[0].foreach'
11:32:34.034 | WARNING (730874, stable_pretraining.callbacks.cpu_offload) |   - bool at 'optimizer_states[0].param_groups[0].capturable'
11:32:34.034 | WARNING (730874, stable_pretraining.callbacks.cpu_offload) |   - bool at 'optimizer_states[0].param_groups[0].differentiable'
11:32:34.034 | WARNING (730874, stable_pretraining.callbacks.cpu_offload) | ... (105 more skipped) ...
11:32:34.034 | WARNING (730874, stable_pretraining.callbacks.cpu_offload) | Last 10 skipped objects:
11:32:34.034 | WARNING (730874, stable_pretraining.callbacks.cpu_offload) |   - int at 'lr_schedulers[0].warmup_steps'
11:32:34.034 | WARNING (730874, stable_pretraining.callbacks.cpu_offload) |   - int at 'lr_schedulers[0].max_steps'
11:32:34.034 | WARNING (730874, stable_pretraining.callbacks.cpu_offload) |   - float at 'lr_schedulers[0].warmup_start_lr'
11:32:34.034 | WARNING (730874, stable_pretraining.callbacks.cpu_offload) |   - float at 'lr_schedulers[0].eta_min'
11:32:34.034 | WARNING (730874, stable_pretraining.callbacks.cpu_offload) |   - float at 'lr_schedulers[0].base_lrs[0]'
11:32:34.034 | WARNING (730874, stable_pretraining.callbacks.cpu_offload) |   - int at 'lr_schedulers[0].last_epoch'
11:32:34.034 | WARNING (730874, stable_pretraining.callbacks.cpu_offload) |   - int at 'lr_schedulers[0]._step_count'
11:32:34.034 | WARNING (730874, stable_pretraining.callbacks.cpu_offload) |   - bool at 'lr_schedulers[0]._is_initial'
11:32:34.034 | WARNING (730874, stable_pretraining.callbacks.cpu_offload) |   - bool at 'lr_schedulers[0]._get_lr_called_within_step'
11:32:34.034 | WARNING (730874, stable_pretraining.callbacks.cpu_offload) |   - float at 'lr_schedulers[0]._last_lr[0]'
11:32:34.034 | INFO    (730874, stable_pretraining.callbacks.cpu_offload) | To see all 125 skipped objects, set log_skipped=True
11:32:34.034 | INFO    (730874, stable_pretraining.callbacks.cpu_offload) | GPU memory after offload:
11:32:34.034 | INFO    (730874, stable_pretraining.callbacks.cpu_offload) |   - Allocated: 0.03 GB
11:32:34.034 | INFO    (730874, stable_pretraining.callbacks.cpu_offload) |   - Reserved: 18.07 GB
11:32:34.035 | INFO    (730874, stable_pretraining.callbacks.cpu_offload) | GPU memory freed: 0.00 GB
11:32:34.035 | SUCCESS (730874, stable_pretraining.callbacks.cpu_offload) | CPUOffloadCallback: Checkpoint #1 completed in 0.01s
11:32:34.035 | INFO    (730874, stable_pretraining.callbacks.cpu_offload) | Successfully processed keys: ['state_dict', 'optimizer_states', 'lr_schedulers']
11:32:34.035 | INFO    (730874, stable_pretraining.callbacks.cpu_offload) | Cumulative stats:
11:32:34.035 | INFO    (730874, stable_pretraining.callbacks.cpu_offload) |   - Total checkpoints saved: 1
11:32:34.035 | INFO    (730874, stable_pretraining.callbacks.cpu_offload) |   - Total time in offload: 0.01s
11:32:34.035 | INFO    (730874, stable_pretraining.callbacks.cpu_offload) |   - Total memory freed: 0.00 GB
11:32:34.035 | INFO    (730874, stable_pretraining.callbacks.cpu_offload) |   - Average time per checkpoint: 0.01s
11:32:34.035 | INFO    (730874, stable_pretraining.callbacks.cpu_offload) | ============================================================
13:31:20.219 | WARNING (730874, stable_pretraining.module) | You are calling self.parameters which also gives callbacks parameters, to remove then, pass `with_callbacks=False`
13:35:03.627 | INFO    (730874, stable_pretraining.callbacks.trainer_info) | \n+----------------------------+---------------------+
|           Metric           |        Value        |
+----------------------------+---------------------+
|        [0;34;40mfit/ar_loss[0m         | [0;32;40m0.08120739459991455[0m |
|          [0;34;40mfit/loss[0m          |  [0;32;40m0.4127681851387024[0m |
|       [0;34;40mfit/pred_loss[0m        |  [0;32;40m0.1237056702375412[0m |
|      [0;34;40mfit/sigreg_loss[0m       |      [0;32;40m1.9296875[0m      |
|      [0;34;40mvalidate/ar_loss[0m      | [0;32;40m0.06640483438968658[0m |
|   [0;34;40mvalidate/ar_loss_epoch[0m   | [0;32;40m0.06640483438968658[0m |
|       [0;34;40mvalidate/loss[0m        |  [0;32;40m0.5379841923713684[0m |
|    [0;34;40mvalidate/loss_epoch[0m     |  [0;32;40m0.5379841923713684[0m |
|     [0;34;40mvalidate/pred_loss[0m     | [0;32;40m0.11040417104959488[0m |
|  [0;34;40mvalidate/pred_loss_epoch[0m  | [0;32;40m0.11040417104959488[0m |
|    [0;34;40mvalidate/sigreg_loss[0m    |  [0;32;40m2.8505489826202393[0m |
| [0;34;40mvalidate/sigreg_loss_epoch[0m |  [0;32;40m2.8505489826202393[0m |
+----------------------------+---------------------+
13:35:03.635 | INFO    (730874, stable_pretraining.callbacks.checkpoint_sklearn) | Checking for non PyTorch modules to save... 🔧
13:35:03.635 | INFO    (730874, stable_pretraining.callbacks.checkpoint_sklearn) | Checking for Wandb params to save... 🔧
13:35:03.635 | INFO    (730874, stable_pretraining.callbacks.checkpoint_sklearn) | Saving Wandb params {'id': '6s1f2kx4'}
13:35:03.635 | INFO    (730874, stable_pretraining.callbacks.checkpoint_sklearn) | Checking for Wandb params to save... Done!
13:35:03.635 | INFO    (730874, stable_pretraining.callbacks.cpu_offload) | ============================================================
13:35:03.635 | INFO    (730874, stable_pretraining.callbacks.cpu_offload) | CPUOffloadCallback: Starting checkpoint CPU offload (#2)
13:35:03.635 | INFO    (730874, stable_pretraining.callbacks.cpu_offload) |   - Global step: 24480
13:35:03.635 | INFO    (730874, stable_pretraining.callbacks.cpu_offload) |   - Epoch: 1
13:35:03.635 | INFO    (730874, stable_pretraining.callbacks.cpu_offload) | Checkpoint contains 11 keys: ['callbacks', 'epoch', 'global_step', 'hparams_name', 'hyper_parameters', 'loops', 'lr_schedulers', 'optimizer_states', 'pytorch-lightning_version', 'state_dict', 'wandb']
13:35:03.636 | INFO    (730874, stable_pretraining.callbacks.cpu_offload) | GPU memory before offload:
13:35:03.636 | INFO    (730874, stable_pretraining.callbacks.cpu_offload) |   - Allocated: 0.03 GB
13:35:03.636 | INFO    (730874, stable_pretraining.callbacks.cpu_offload) |   - Reserved: 18.07 GB
13:35:03.636 | INFO    (730874, stable_pretraining.callbacks.cpu_offload) | Processing checkpoint key: 'state_dict'
13:35:03.638 | SUCCESS (730874, stable_pretraining.callbacks.cpu_offload) | ✓ Completed 'state_dict' in 0.00s
13:35:03.638 | INFO    (730874, stable_pretraining.callbacks.cpu_offload) | Processing checkpoint key: 'optimizer_states'
13:35:03.641 | SUCCESS (730874, stable_pretraining.callbacks.cpu_offload) | ✓ Completed 'optimizer_states' in 0.00s
13:35:03.641 | INFO    (730874, stable_pretraining.callbacks.cpu_offload) | Processing checkpoint key: 'lr_schedulers'
13:35:03.641 | SUCCESS (730874, stable_pretraining.callbacks.cpu_offload) | ✓ Completed 'lr_schedulers' in 0.00s
13:35:03.641 | WARNING (730874, stable_pretraining.callbacks.cpu_offload) | Skipped 125 custom object(s)
13:35:03.641 | WARNING (730874, stable_pretraining.callbacks.cpu_offload) | First 10 skipped objects:
13:35:03.641 | WARNING (730874, stable_pretraining.callbacks.cpu_offload) |   - float at 'optimizer_states[0].param_groups[0].lr'
13:35:03.641 | WARNING (730874, stable_pretraining.callbacks.cpu_offload) |   - float at 'optimizer_states[0].param_groups[0].betas[0]'
13:35:03.641 | WARNING (730874, stable_pretraining.callbacks.cpu_offload) |   - float at 'optimizer_states[0].param_groups[0].betas[1]'
13:35:03.641 | WARNING (730874, stable_pretraining.callbacks.cpu_offload) |   - float at 'optimizer_states[0].param_groups[0].eps'
13:35:03.641 | WARNING (730874, stable_pretraining.callbacks.cpu_offload) |   - float at 'optimizer_states[0].param_groups[0].weight_decay'
13:35:03.641 | WARNING (730874, stable_pretraining.callbacks.cpu_offload) |   - bool at 'optimizer_states[0].param_groups[0].amsgrad'
13:35:03.641 | WARNING (730874, stable_pretraining.callbacks.cpu_offload) |   - bool at 'optimizer_states[0].param_groups[0].maximize'
13:35:03.641 | WARNING (730874, stable_pretraining.callbacks.cpu_offload) |   - NoneType at 'optimizer_states[0].param_groups[0].foreach'
13:35:03.641 | WARNING (730874, stable_pretraining.callbacks.cpu_offload) |   - bool at 'optimizer_states[0].param_groups[0].capturable'
13:35:03.641 | WARNING (730874, stable_pretraining.callbacks.cpu_offload) |   - bool at 'optimizer_states[0].param_groups[0].differentiable'
13:35:03.641 | WARNING (730874, stable_pretraining.callbacks.cpu_offload) | ... (105 more skipped) ...
13:35:03.642 | WARNING (730874, stable_pretraining.callbacks.cpu_offload) | Last 10 skipped objects:
13:35:03.642 | WARNING (730874, stable_pretraining.callbacks.cpu_offload) |   - int at 'lr_schedulers[0].warmup_steps'
13:35:03.642 | WARNING (730874, stable_pretraining.callbacks.cpu_offload) |   - int at 'lr_schedulers[0].max_steps'
13:35:03.642 | WARNING (730874, stable_pretraining.callbacks.cpu_offload) |   - float at 'lr_schedulers[0].warmup_start_lr'
13:35:03.642 | WARNING (730874, stable_pretraining.callbacks.cpu_offload) |   - float at 'lr_schedulers[0].eta_min'
13:35:03.642 | WARNING (730874, stable_pretraining.callbacks.cpu_offload) |   - float at 'lr_schedulers[0].base_lrs[0]'
13:35:03.642 | WARNING (730874, stable_pretraining.callbacks.cpu_offload) |   - int at 'lr_schedulers[0].last_epoch'
13:35:03.642 | WARNING (730874, stable_pretraining.callbacks.cpu_offload) |   - int at 'lr_schedulers[0]._step_count'
13:35:03.642 | WARNING (730874, stable_pretraining.callbacks.cpu_offload) |   - bool at 'lr_schedulers[0]._is_initial'
13:35:03.642 | WARNING (730874, stable_pretraining.callbacks.cpu_offload) |   - bool at 'lr_schedulers[0]._get_lr_called_within_step'
13:35:03.642 | WARNING (730874, stable_pretraining.callbacks.cpu_offload) |   - float at 'lr_schedulers[0]._last_lr[0]'
13:35:03.642 | INFO    (730874, stable_pretraining.callbacks.cpu_offload) | To see all 125 skipped objects, set log_skipped=True
13:35:03.642 | INFO    (730874, stable_pretraining.callbacks.cpu_offload) | GPU memory after offload:
13:35:03.642 | INFO    (730874, stable_pretraining.callbacks.cpu_offload) |   - Allocated: 0.03 GB
13:35:03.642 | INFO    (730874, stable_pretraining.callbacks.cpu_offload) |   - Reserved: 18.07 GB
13:35:03.642 | INFO    (730874, stable_pretraining.callbacks.cpu_offload) | GPU memory freed: 0.00 GB
13:35:03.642 | SUCCESS (730874, stable_pretraining.callbacks.cpu_offload) | CPUOffloadCallback: Checkpoint #2 completed in 0.01s
13:35:03.642 | INFO    (730874, stable_pretraining.callbacks.cpu_offload) | Successfully processed keys: ['state_dict', 'optimizer_states', 'lr_schedulers']
13:35:03.642 | INFO    (730874, stable_pretraining.callbacks.cpu_offload) | Cumulative stats:
13:35:03.642 | INFO    (730874, stable_pretraining.callbacks.cpu_offload) |   - Total checkpoints saved: 2
13:35:03.642 | INFO    (730874, stable_pretraining.callbacks.cpu_offload) |   - Total time in offload: 0.01s
13:35:03.643 | INFO    (730874, stable_pretraining.callbacks.cpu_offload) |   - Total memory freed: 0.00 GB
13:35:03.643 | INFO    (730874, stable_pretraining.callbacks.cpu_offload) |   - Average time per checkpoint: 0.01s
13:35:03.643 | INFO    (730874, stable_pretraining.callbacks.cpu_offload) | ============================================================
15:33:50.345 | WARNING (730874, stable_pretraining.module) | You are calling self.parameters which also gives callbacks parameters, to remove then, pass `with_callbacks=False`
15:37:33.812 | INFO    (730874, stable_pretraining.callbacks.trainer_info) | \n+----------------------------+---------------------+
|           Metric           |        Value        |
+----------------------------+---------------------+
|        [0;34;40mfit/ar_loss[0m         | [0;32;40m0.03788614273071289[0m |
|          [0;34;40mfit/loss[0m          |  [0;32;40m0.3347248435020447[0m |
|       [0;34;40mfit/pred_loss[0m        | [0;32;40m0.07495920360088348[0m |
|      [0;34;40mfit/sigreg_loss[0m       |      [0;32;40m1.7265625[0m      |
|      [0;34;40mvalidate/ar_loss[0m      | [0;32;40m0.05073133483529091[0m |
|   [0;34;40mvalidate/ar_loss_epoch[0m   | [0;32;40m0.05073133483529091[0m |
|       [0;34;40mvalidate/loss[0m        |  [0;32;40m0.4665627181529999[0m |
|    [0;34;40mvalidate/loss_epoch[0m     |  [0;32;40m0.4665627181529999[0m |
|     [0;34;40mvalidate/pred_loss[0m     |  [0;32;40m0.086769238114357[0m  |
|  [0;34;40mvalidate/pred_loss_epoch[0m  |  [0;32;40m0.086769238114357[0m  |
|    [0;34;40mvalidate/sigreg_loss[0m    |  [0;32;40m2.531967878341675[0m  |
| [0;34;40mvalidate/sigreg_loss_epoch[0m |  [0;32;40m2.531967878341675[0m  |
+----------------------------+---------------------+
15:37:33.820 | INFO    (730874, stable_pretraining.callbacks.checkpoint_sklearn) | Checking for non PyTorch modules to save... 🔧
15:37:33.820 | INFO    (730874, stable_pretraining.callbacks.checkpoint_sklearn) | Checking for Wandb params to save... 🔧
15:37:33.820 | INFO    (730874, stable_pretraining.callbacks.checkpoint_sklearn) | Saving Wandb params {'id': '6s1f2kx4'}
15:37:33.820 | INFO    (730874, stable_pretraining.callbacks.checkpoint_sklearn) | Checking for Wandb params to save... Done!
15:37:33.820 | INFO    (730874, stable_pretraining.callbacks.cpu_offload) | ============================================================
15:37:33.820 | INFO    (730874, stable_pretraining.callbacks.cpu_offload) | CPUOffloadCallback: Starting checkpoint CPU offload (#3)
15:37:33.820 | INFO    (730874, stable_pretraining.callbacks.cpu_offload) |   - Global step: 36720
15:37:33.820 | INFO    (730874, stable_pretraining.callbacks.cpu_offload) |   - Epoch: 2
15:37:33.820 | INFO    (730874, stable_pretraining.callbacks.cpu_offload) | Checkpoint contains 11 keys: ['callbacks', 'epoch', 'global_step', 'hparams_name', 'hyper_parameters', 'loops', 'lr_schedulers', 'optimizer_states', 'pytorch-lightning_version', 'state_dict', 'wandb']
15:37:33.821 | INFO    (730874, stable_pretraining.callbacks.cpu_offload) | GPU memory before offload:
15:37:33.821 | INFO    (730874, stable_pretraining.callbacks.cpu_offload) |   - Allocated: 0.03 GB
15:37:33.821 | INFO    (730874, stable_pretraining.callbacks.cpu_offload) |   - Reserved: 18.07 GB
15:37:33.821 | INFO    (730874, stable_pretraining.callbacks.cpu_offload) | Processing checkpoint key: 'state_dict'
15:37:33.822 | SUCCESS (730874, stable_pretraining.callbacks.cpu_offload) | ✓ Completed 'state_dict' in 0.00s
15:37:33.822 | INFO    (730874, stable_pretraining.callbacks.cpu_offload) | Processing checkpoint key: 'optimizer_states'
15:37:33.826 | SUCCESS (730874, stable_pretraining.callbacks.cpu_offload) | ✓ Completed 'optimizer_states' in 0.00s
15:37:33.826 | INFO    (730874, stable_pretraining.callbacks.cpu_offload) | Processing checkpoint key: 'lr_schedulers'
15:37:33.826 | SUCCESS (730874, stable_pretraining.callbacks.cpu_offload) | ✓ Completed 'lr_schedulers' in 0.00s
15:37:33.826 | WARNING (730874, stable_pretraining.callbacks.cpu_offload) | Skipped 125 custom object(s)
15:37:33.826 | WARNING (730874, stable_pretraining.callbacks.cpu_offload) | First 10 skipped objects:
15:37:33.826 | WARNING (730874, stable_pretraining.callbacks.cpu_offload) |   - float at 'optimizer_states[0].param_groups[0].lr'
15:37:33.826 | WARNING (730874, stable_pretraining.callbacks.cpu_offload) |   - float at 'optimizer_states[0].param_groups[0].betas[0]'
15:37:33.826 | WARNING (730874, stable_pretraining.callbacks.cpu_offload) |   - float at 'optimizer_states[0].param_groups[0].betas[1]'
15:37:33.826 | WARNING (730874, stable_pretraining.callbacks.cpu_offload) |   - float at 'optimizer_states[0].param_groups[0].eps'
15:37:33.826 | WARNING (730874, stable_pretraining.callbacks.cpu_offload) |   - float at 'optimizer_states[0].param_groups[0].weight_decay'
15:37:33.826 | WARNING (730874, stable_pretraining.callbacks.cpu_offload) |   - bool at 'optimizer_states[0].param_groups[0].amsgrad'
15:37:33.826 | WARNING (730874, stable_pretraining.callbacks.cpu_offload) |   - bool at 'optimizer_states[0].param_groups[0].maximize'
15:37:33.826 | WARNING (730874, stable_pretraining.callbacks.cpu_offload) |   - NoneType at 'optimizer_states[0].param_groups[0].foreach'
15:37:33.826 | WARNING (730874, stable_pretraining.callbacks.cpu_offload) |   - bool at 'optimizer_states[0].param_groups[0].capturable'
15:37:33.826 | WARNING (730874, stable_pretraining.callbacks.cpu_offload) |   - bool at 'optimizer_states[0].param_groups[0].differentiable'
15:37:33.826 | WARNING (730874, stable_pretraining.callbacks.cpu_offload) | ... (105 more skipped) ...
15:37:33.826 | WARNING (730874, stable_pretraining.callbacks.cpu_offload) | Last 10 skipped objects:
15:37:33.826 | WARNING (730874, stable_pretraining.callbacks.cpu_offload) |   - int at 'lr_schedulers[0].warmup_steps'
15:37:33.826 | WARNING (730874, stable_pretraining.callbacks.cpu_offload) |   - int at 'lr_schedulers[0].max_steps'
15:37:33.826 | WARNING (730874, stable_pretraining.callbacks.cpu_offload) |   - float at 'lr_schedulers[0].warmup_start_lr'
15:37:33.826 | WARNING (730874, stable_pretraining.callbacks.cpu_offload) |   - float at 'lr_schedulers[0].eta_min'
15:37:33.826 | WARNING (730874, stable_pretraining.callbacks.cpu_offload) |   - float at 'lr_schedulers[0].base_lrs[0]'
15:37:33.826 | WARNING (730874, stable_pretraining.callbacks.cpu_offload) |   - int at 'lr_schedulers[0].last_epoch'
15:37:33.826 | WARNING (730874, stable_pretraining.callbacks.cpu_offload) |   - int at 'lr_schedulers[0]._step_count'
15:37:33.827 | WARNING (730874, stable_pretraining.callbacks.cpu_offload) |   - bool at 'lr_schedulers[0]._is_initial'
15:37:33.827 | WARNING (730874, stable_pretraining.callbacks.cpu_offload) |   - bool at 'lr_schedulers[0]._get_lr_called_within_step'
15:37:33.827 | WARNING (730874, stable_pretraining.callbacks.cpu_offload) |   - float at 'lr_schedulers[0]._last_lr[0]'
15:37:33.827 | INFO    (730874, stable_pretraining.callbacks.cpu_offload) | To see all 125 skipped objects, set log_skipped=True
15:37:33.827 | INFO    (730874, stable_pretraining.callbacks.cpu_offload) | GPU memory after offload:
15:37:33.827 | INFO    (730874, stable_pretraining.callbacks.cpu_offload) |   - Allocated: 0.03 GB
15:37:33.827 | INFO    (730874, stable_pretraining.callbacks.cpu_offload) |   - Reserved: 18.07 GB
15:37:33.827 | INFO    (730874, stable_pretraining.callbacks.cpu_offload) | GPU memory freed: 0.00 GB
15:37:33.827 | SUCCESS (730874, stable_pretraining.callbacks.cpu_offload) | CPUOffloadCallback: Checkpoint #3 completed in 0.01s
15:37:33.827 | INFO    (730874, stable_pretraining.callbacks.cpu_offload) | Successfully processed keys: ['state_dict', 'optimizer_states', 'lr_schedulers']
15:37:33.827 | INFO    (730874, stable_pretraining.callbacks.cpu_offload) | Cumulative stats:
15:37:33.827 | INFO    (730874, stable_pretraining.callbacks.cpu_offload) |   - Total checkpoints saved: 3
15:37:33.827 | INFO    (730874, stable_pretraining.callbacks.cpu_offload) |   - Total time in offload: 0.02s
15:37:33.827 | INFO    (730874, stable_pretraining.callbacks.cpu_offload) |   - Total memory freed: 0.00 GB
15:37:33.827 | INFO    (730874, stable_pretraining.callbacks.cpu_offload) |   - Average time per checkpoint: 0.01s
15:37:33.827 | INFO    (730874, stable_pretraining.callbacks.cpu_offload) | ============================================================
17:36:20.644 | WARNING (730874, stable_pretraining.module) | You are calling self.parameters which also gives callbacks parameters, to remove then, pass `with_callbacks=False`
17:40:04.096 | INFO    (730874, stable_pretraining.callbacks.trainer_info) | \n+----------------------------+---------------------+
|           Metric           |        Value        |
+----------------------------+---------------------+
|        [0;34;40mfit/ar_loss[0m         | [0;32;40m0.02395421639084816[0m |
|          [0;34;40mfit/loss[0m          |  [0;32;40m0.2733704447746277[0m |
|       [0;34;40mfit/pred_loss[0m        | [0;32;40m0.05169074982404709[0m |
|      [0;34;40mfit/sigreg_loss[0m       |      [0;32;40m1.4765625[0m      |
|      [0;34;40mvalidate/ar_loss[0m      | [0;32;40m0.04485553875565529[0m |
|   [0;34;40mvalidate/ar_loss_epoch[0m   | [0;32;40m0.04485553875565529[0m |
|       [0;34;40mvalidate/loss[0m        | [0;32;40m0.42602670192718506[0m |
|    [0;34;40mvalidate/loss_epoch[0m     | [0;32;40m0.42602670192718506[0m |
|     [0;34;40mvalidate/pred_loss[0m     | [0;32;40m0.07868526875972748[0m |
|  [0;34;40mvalidate/pred_loss_epoch[0m  | [0;32;40m0.07868526875972748[0m |
|    [0;34;40mvalidate/sigreg_loss[0m    |  [0;32;40m2.3154830932617188[0m |
| [0;34;40mvalidate/sigreg_loss_epoch[0m |  [0;32;40m2.3154830932617188[0m |
+----------------------------+---------------------+
17:40:04.103 | INFO    (730874, stable_pretraining.callbacks.checkpoint_sklearn) | Checking for non PyTorch modules to save... 🔧
17:40:04.103 | INFO    (730874, stable_pretraining.callbacks.checkpoint_sklearn) | Checking for Wandb params to save... 🔧
17:40:04.104 | INFO    (730874, stable_pretraining.callbacks.checkpoint_sklearn) | Saving Wandb params {'id': '6s1f2kx4'}
17:40:04.104 | INFO    (730874, stable_pretraining.callbacks.checkpoint_sklearn) | Checking for Wandb params to save... Done!
17:40:04.104 | INFO    (730874, stable_pretraining.callbacks.cpu_offload) | ============================================================
17:40:04.104 | INFO    (730874, stable_pretraining.callbacks.cpu_offload) | CPUOffloadCallback: Starting checkpoint CPU offload (#4)
17:40:04.104 | INFO    (730874, stable_pretraining.callbacks.cpu_offload) |   - Global step: 48960
17:40:04.104 | INFO    (730874, stable_pretraining.callbacks.cpu_offload) |   - Epoch: 3
17:40:04.104 | INFO    (730874, stable_pretraining.callbacks.cpu_offload) | Checkpoint contains 11 keys: ['callbacks', 'epoch', 'global_step', 'hparams_name', 'hyper_parameters', 'loops', 'lr_schedulers', 'optimizer_states', 'pytorch-lightning_version', 'state_dict', 'wandb']
17:40:04.104 | INFO    (730874, stable_pretraining.callbacks.cpu_offload) | GPU memory before offload:
17:40:04.104 | INFO    (730874, stable_pretraining.callbacks.cpu_offload) |   - Allocated: 0.03 GB
17:40:04.104 | INFO    (730874, stable_pretraining.callbacks.cpu_offload) |   - Reserved: 18.07 GB
17:40:04.104 | INFO    (730874, stable_pretraining.callbacks.cpu_offload) | Processing checkpoint key: 'state_dict'
17:40:04.106 | SUCCESS (730874, stable_pretraining.callbacks.cpu_offload) | ✓ Completed 'state_dict' in 0.00s
17:40:04.106 | INFO    (730874, stable_pretraining.callbacks.cpu_offload) | Processing checkpoint key: 'optimizer_states'
17:40:04.109 | SUCCESS (730874, stable_pretraining.callbacks.cpu_offload) | ✓ Completed 'optimizer_states' in 0.00s
17:40:04.109 | INFO    (730874, stable_pretraining.callbacks.cpu_offload) | Processing checkpoint key: 'lr_schedulers'
17:40:04.109 | SUCCESS (730874, stable_pretraining.callbacks.cpu_offload) | ✓ Completed 'lr_schedulers' in 0.00s
17:40:04.109 | WARNING (730874, stable_pretraining.callbacks.cpu_offload) | Skipped 125 custom object(s)
17:40:04.109 | WARNING (730874, stable_pretraining.callbacks.cpu_offload) | First 10 skipped objects:
17:40:04.109 | WARNING (730874, stable_pretraining.callbacks.cpu_offload) |   - float at 'optimizer_states[0].param_groups[0].lr'
17:40:04.109 | WARNING (730874, stable_pretraining.callbacks.cpu_offload) |   - float at 'optimizer_states[0].param_groups[0].betas[0]'
17:40:04.109 | WARNING (730874, stable_pretraining.callbacks.cpu_offload) |   - float at 'optimizer_states[0].param_groups[0].betas[1]'
17:40:04.110 | WARNING (730874, stable_pretraining.callbacks.cpu_offload) |   - float at 'optimizer_states[0].param_groups[0].eps'
17:40:04.110 | WARNING (730874, stable_pretraining.callbacks.cpu_offload) |   - float at 'optimizer_states[0].param_groups[0].weight_decay'
17:40:04.110 | WARNING (730874, stable_pretraining.callbacks.cpu_offload) |   - bool at 'optimizer_states[0].param_groups[0].amsgrad'
17:40:04.110 | WARNING (730874, stable_pretraining.callbacks.cpu_offload) |   - bool at 'optimizer_states[0].param_groups[0].maximize'
17:40:04.110 | WARNING (730874, stable_pretraining.callbacks.cpu_offload) |   - NoneType at 'optimizer_states[0].param_groups[0].foreach'
17:40:04.110 | WARNING (730874, stable_pretraining.callbacks.cpu_offload) |   - bool at 'optimizer_states[0].param_groups[0].capturable'
17:40:04.110 | WARNING (730874, stable_pretraining.callbacks.cpu_offload) |   - bool at 'optimizer_states[0].param_groups[0].differentiable'
17:40:04.110 | WARNING (730874, stable_pretraining.callbacks.cpu_offload) | ... (105 more skipped) ...
17:40:04.110 | WARNING (730874, stable_pretraining.callbacks.cpu_offload) | Last 10 skipped objects:
17:40:04.110 | WARNING (730874, stable_pretraining.callbacks.cpu_offload) |   - int at 'lr_schedulers[0].warmup_steps'
17:40:04.110 | WARNING (730874, stable_pretraining.callbacks.cpu_offload) |   - int at 'lr_schedulers[0].max_steps'
17:40:04.110 | WARNING (730874, stable_pretraining.callbacks.cpu_offload) |   - float at 'lr_schedulers[0].warmup_start_lr'
17:40:04.110 | WARNING (730874, stable_pretraining.callbacks.cpu_offload) |   - float at 'lr_schedulers[0].eta_min'
17:40:04.110 | WARNING (730874, stable_pretraining.callbacks.cpu_offload) |   - float at 'lr_schedulers[0].base_lrs[0]'
17:40:04.110 | WARNING (730874, stable_pretraining.callbacks.cpu_offload) |   - int at 'lr_schedulers[0].last_epoch'
17:40:04.110 | WARNING (730874, stable_pretraining.callbacks.cpu_offload) |   - int at 'lr_schedulers[0]._step_count'
17:40:04.110 | WARNING (730874, stable_pretraining.callbacks.cpu_offload) |   - bool at 'lr_schedulers[0]._is_initial'
17:40:04.110 | WARNING (730874, stable_pretraining.callbacks.cpu_offload) |   - bool at 'lr_schedulers[0]._get_lr_called_within_step'
17:40:04.110 | WARNING (730874, stable_pretraining.callbacks.cpu_offload) |   - float at 'lr_schedulers[0]._last_lr[0]'
17:40:04.110 | INFO    (730874, stable_pretraining.callbacks.cpu_offload) | To see all 125 skipped objects, set log_skipped=True
17:40:04.110 | INFO    (730874, stable_pretraining.callbacks.cpu_offload) | GPU memory after offload:
17:40:04.110 | INFO    (730874, stable_pretraining.callbacks.cpu_offload) |   - Allocated: 0.03 GB
17:40:04.110 | INFO    (730874, stable_pretraining.callbacks.cpu_offload) |   - Reserved: 18.07 GB
17:40:04.110 | INFO    (730874, stable_pretraining.callbacks.cpu_offload) | GPU memory freed: 0.00 GB
17:40:04.111 | SUCCESS (730874, stable_pretraining.callbacks.cpu_offload) | CPUOffloadCallback: Checkpoint #4 completed in 0.01s
17:40:04.111 | INFO    (730874, stable_pretraining.callbacks.cpu_offload) | Successfully processed keys: ['state_dict', 'optimizer_states', 'lr_schedulers']
17:40:04.111 | INFO    (730874, stable_pretraining.callbacks.cpu_offload) | Cumulative stats:
17:40:04.111 | INFO    (730874, stable_pretraining.callbacks.cpu_offload) |   - Total checkpoints saved: 4
17:40:04.111 | INFO    (730874, stable_pretraining.callbacks.cpu_offload) |   - Total time in offload: 0.03s
17:40:04.111 | INFO    (730874, stable_pretraining.callbacks.cpu_offload) |   - Total memory freed: 0.00 GB
17:40:04.111 | INFO    (730874, stable_pretraining.callbacks.cpu_offload) |   - Average time per checkpoint: 0.01s
17:40:04.111 | INFO    (730874, stable_pretraining.callbacks.cpu_offload) | ============================================================
19:38:51.053 | WARNING (730874, stable_pretraining.module) | You are calling self.parameters which also gives callbacks parameters, to remove then, pass `with_callbacks=False`
19:42:34.778 | INFO    (730874, stable_pretraining.callbacks.trainer_info) | \n+----------------------------+----------------------+
|           Metric           |        Value         |
+----------------------------+----------------------+
|        [0;34;40mfit/ar_loss[0m         | [0;32;40m0.050576627254486084[0m |
|          [0;34;40mfit/loss[0m          |   [0;32;40m0.27552530169487[0m   |
|       [0;34;40mfit/pred_loss[0m        |   [0;32;40m0.07825967669487[0m   |
|      [0;34;40mfit/sigreg_loss[0m       |        [0;32;40m1.3125[0m        |
|      [0;34;40mvalidate/ar_loss[0m      | [0;32;40m0.042826294898986816[0m |
|   [0;34;40mvalidate/ar_loss_epoch[0m   | [0;32;40m0.042826294898986816[0m |
|       [0;34;40mvalidate/loss[0m        | [0;32;40m0.39809074997901917[0m  |
|    [0;34;40mvalidate/loss_epoch[0m     | [0;32;40m0.39809074997901917[0m  |
|     [0;34;40mvalidate/pred_loss[0m     | [0;32;40m0.07482431828975677[0m  |
|  [0;34;40mvalidate/pred_loss_epoch[0m  | [0;32;40m0.07482431828975677[0m  |
|    [0;34;40mvalidate/sigreg_loss[0m    |  [0;32;40m2.155076742172241[0m   |
| [0;34;40mvalidate/sigreg_loss_epoch[0m |  [0;32;40m2.155076742172241[0m   |
+----------------------------+----------------------+
19:42:34.785 | INFO    (730874, stable_pretraining.callbacks.checkpoint_sklearn) | Checking for non PyTorch modules to save... 🔧
19:42:34.786 | INFO    (730874, stable_pretraining.callbacks.checkpoint_sklearn) | Checking for Wandb params to save... 🔧
19:42:34.786 | INFO    (730874, stable_pretraining.callbacks.checkpoint_sklearn) | Saving Wandb params {'id': '6s1f2kx4'}
19:42:34.786 | INFO    (730874, stable_pretraining.callbacks.checkpoint_sklearn) | Checking for Wandb params to save... Done!
19:42:34.786 | INFO    (730874, stable_pretraining.callbacks.cpu_offload) | ============================================================
19:42:34.786 | INFO    (730874, stable_pretraining.callbacks.cpu_offload) | CPUOffloadCallback: Starting checkpoint CPU offload (#5)
19:42:34.786 | INFO    (730874, stable_pretraining.callbacks.cpu_offload) |   - Global step: 61200
19:42:34.786 | INFO    (730874, stable_pretraining.callbacks.cpu_offload) |   - Epoch: 4
19:42:34.786 | INFO    (730874, stable_pretraining.callbacks.cpu_offload) | Checkpoint contains 11 keys: ['callbacks', 'epoch', 'global_step', 'hparams_name', 'hyper_parameters', 'loops', 'lr_schedulers', 'optimizer_states', 'pytorch-lightning_version', 'state_dict', 'wandb']
19:42:34.786 | INFO    (730874, stable_pretraining.callbacks.cpu_offload) | GPU memory before offload:
19:42:34.786 | INFO    (730874, stable_pretraining.callbacks.cpu_offload) |   - Allocated: 0.03 GB
19:42:34.786 | INFO    (730874, stable_pretraining.callbacks.cpu_offload) |   - Reserved: 18.07 GB
19:42:34.786 | INFO    (730874, stable_pretraining.callbacks.cpu_offload) | Processing checkpoint key: 'state_dict'
19:42:34.788 | SUCCESS (730874, stable_pretraining.callbacks.cpu_offload) | ✓ Completed 'state_dict' in 0.00s
19:42:34.788 | INFO    (730874, stable_pretraining.callbacks.cpu_offload) | Processing checkpoint key: 'optimizer_states'
19:42:34.791 | SUCCESS (730874, stable_pretraining.callbacks.cpu_offload) | ✓ Completed 'optimizer_states' in 0.00s
19:42:34.791 | INFO    (730874, stable_pretraining.callbacks.cpu_offload) | Processing checkpoint key: 'lr_schedulers'
19:42:34.792 | SUCCESS (730874, stable_pretraining.callbacks.cpu_offload) | ✓ Completed 'lr_schedulers' in 0.00s
19:42:34.792 | WARNING (730874, stable_pretraining.callbacks.cpu_offload) | Skipped 125 custom object(s)
19:42:34.792 | WARNING (730874, stable_pretraining.callbacks.cpu_offload) | First 10 skipped objects:
19:42:34.792 | WARNING (730874, stable_pretraining.callbacks.cpu_offload) |   - float at 'optimizer_states[0].param_groups[0].lr'
19:42:34.792 | WARNING (730874, stable_pretraining.callbacks.cpu_offload) |   - float at 'optimizer_states[0].param_groups[0].betas[0]'
19:42:34.792 | WARNING (730874, stable_pretraining.callbacks.cpu_offload) |   - float at 'optimizer_states[0].param_groups[0].betas[1]'
19:42:34.792 | WARNING (730874, stable_pretraining.callbacks.cpu_offload) |   - float at 'optimizer_states[0].param_groups[0].eps'
19:42:34.792 | WARNING (730874, stable_pretraining.callbacks.cpu_offload) |   - float at 'optimizer_states[0].param_groups[0].weight_decay'
19:42:34.792 | WARNING (730874, stable_pretraining.callbacks.cpu_offload) |   - bool at 'optimizer_states[0].param_groups[0].amsgrad'
19:42:34.792 | WARNING (730874, stable_pretraining.callbacks.cpu_offload) |   - bool at 'optimizer_states[0].param_groups[0].maximize'
19:42:34.792 | WARNING (730874, stable_pretraining.callbacks.cpu_offload) |   - NoneType at 'optimizer_states[0].param_groups[0].foreach'
19:42:34.792 | WARNING (730874, stable_pretraining.callbacks.cpu_offload) |   - bool at 'optimizer_states[0].param_groups[0].capturable'
19:42:34.792 | WARNING (730874, stable_pretraining.callbacks.cpu_offload) |   - bool at 'optimizer_states[0].param_groups[0].differentiable'
19:42:34.792 | WARNING (730874, stable_pretraining.callbacks.cpu_offload) | ... (105 more skipped) ...
19:42:34.792 | WARNING (730874, stable_pretraining.callbacks.cpu_offload) | Last 10 skipped objects:
19:42:34.792 | WARNING (730874, stable_pretraining.callbacks.cpu_offload) |   - int at 'lr_schedulers[0].warmup_steps'
19:42:34.792 | WARNING (730874, stable_pretraining.callbacks.cpu_offload) |   - int at 'lr_schedulers[0].max_steps'
19:42:34.792 | WARNING (730874, stable_pretraining.callbacks.cpu_offload) |   - float at 'lr_schedulers[0].warmup_start_lr'
19:42:34.792 | WARNING (730874, stable_pretraining.callbacks.cpu_offload) |   - float at 'lr_schedulers[0].eta_min'
19:42:34.792 | WARNING (730874, stable_pretraining.callbacks.cpu_offload) |   - float at 'lr_schedulers[0].base_lrs[0]'
19:42:34.792 | WARNING (730874, stable_pretraining.callbacks.cpu_offload) |   - int at 'lr_schedulers[0].last_epoch'
19:42:34.792 | WARNING (730874, stable_pretraining.callbacks.cpu_offload) |   - int at 'lr_schedulers[0]._step_count'
19:42:34.792 | WARNING (730874, stable_pretraining.callbacks.cpu_offload) |   - bool at 'lr_schedulers[0]._is_initial'
19:42:34.792 | WARNING (730874, stable_pretraining.callbacks.cpu_offload) |   - bool at 'lr_schedulers[0]._get_lr_called_within_step'
19:42:34.792 | WARNING (730874, stable_pretraining.callbacks.cpu_offload) |   - float at 'lr_schedulers[0]._last_lr[0]'
19:42:34.792 | INFO    (730874, stable_pretraining.callbacks.cpu_offload) | To see all 125 skipped objects, set log_skipped=True
19:42:34.792 | INFO    (730874, stable_pretraining.callbacks.cpu_offload) | GPU memory after offload:
19:42:34.793 | INFO    (730874, stable_pretraining.callbacks.cpu_offload) |   - Allocated: 0.03 GB
19:42:34.793 | INFO    (730874, stable_pretraining.callbacks.cpu_offload) |   - Reserved: 18.07 GB
19:42:34.793 | INFO    (730874, stable_pretraining.callbacks.cpu_offload) | GPU memory freed: 0.00 GB
19:42:34.793 | SUCCESS (730874, stable_pretraining.callbacks.cpu_offload) | CPUOffloadCallback: Checkpoint #5 completed in 0.01s
19:42:34.793 | INFO    (730874, stable_pretraining.callbacks.cpu_offload) | Successfully processed keys: ['state_dict', 'optimizer_states', 'lr_schedulers']
19:42:34.793 | INFO    (730874, stable_pretraining.callbacks.cpu_offload) | Cumulative stats:
19:42:34.793 | INFO    (730874, stable_pretraining.callbacks.cpu_offload) |   - Total checkpoints saved: 5
19:42:34.793 | INFO    (730874, stable_pretraining.callbacks.cpu_offload) |   - Total time in offload: 0.03s
19:42:34.793 | INFO    (730874, stable_pretraining.callbacks.cpu_offload) |   - Total memory freed: 0.00 GB
19:42:34.793 | INFO    (730874, stable_pretraining.callbacks.cpu_offload) |   - Average time per checkpoint: 0.01s
19:42:34.793 | INFO    (730874, stable_pretraining.callbacks.cpu_offload) | ============================================================
21:41:21.228 | WARNING (730874, stable_pretraining.module) | You are calling self.parameters which also gives callbacks parameters, to remove then, pass `with_callbacks=False`
[2026-04-25 21:45:04,644][root][INFO] - [HIProbe] Epoch 5 (seq_len=16, obs_window=1): encoding ...
[2026-04-25 21:45:04,891][root][INFO] - [HIProbe] Embedding std — min=0.5928  mean=0.9689  max=1.5599
[2026-04-25 21:45:04,892][root][INFO] - [HIProbe] Training TransformerProbe (max 150 epochs, patience=20) ...
[2026-04-25 21:45:04,957][root][INFO] - [HIProbe] probe dataset: train=28,312 windows, test=26,732 windows  (seq_len=16)
[2026-04-25 21:45:13,776][root][INFO] - [HIProbe] Early stop at probe epoch 28 (best mean RMSE=0.00316)
[2026-04-25 21:45:13,805][root][INFO] - 
[HIProbe] Epoch 5 | seq_len=16 — results
[2026-04-25 21:45:13,805][root][INFO] - ──────────────────────────────────────────────────────────────────
[2026-04-25 21:45:13,805][root][INFO] -   Component                           R²        RMSE   Pearson-r
[2026-04-25 21:45:13,805][root][INFO] - ──────────────────────────────────────────────────────────────────
[2026-04-25 21:45:13,805][root][INFO] -   HI_0                           -0.3455     0.00326      0.1968
[2026-04-25 21:45:13,805][root][INFO] -   HI_1                           -0.6574     0.00414      0.2211
[2026-04-25 21:45:13,805][root][INFO] -   HI_2                           -0.8929     0.00552     -0.1703
[2026-04-25 21:45:13,806][root][INFO] -   HI_3                           -0.2721     0.00471      0.3417
[2026-04-25 21:45:13,806][root][INFO] -   HI_4                           -1.4759     0.00461      0.4339
[2026-04-25 21:45:13,806][root][INFO] -   HI_5                           -6.8526     0.00375      0.0950
[2026-04-25 21:45:13,806][root][INFO] -   HI_6                           -0.3435     0.00108      0.0166
[2026-04-25 21:45:13,806][root][INFO] -   HI_7                           -1.0966     0.00146     -0.1501
[2026-04-25 21:45:13,806][root][INFO] -   HI_8                           -0.2875     0.00139      0.2276
[2026-04-25 21:45:13,806][root][INFO] -   HI_9                           -1.2462     0.00167      0.0113
[2026-04-25 21:45:13,806][root][INFO] - ──────────────────────────────────────────────────────────────────
[2026-04-25 21:45:13,806][root][INFO] -   MEAN                           -1.3470     0.00316      0.1223
[2026-04-25 21:45:13,806][root][INFO] - ──────────────────────────────────────────────────────────────────
[2026-04-25 21:45:13,806][root][INFO] - [HIProbe] Training Action-RUL probe (max_horizon=300) ...
[2026-04-25 21:45:13,872][root][INFO] - [HIProbe] Action-RUL probe dataset: train=28,312, test=26,732 windows
[2026-04-25 21:45:20,393][root][INFO] - [HIProbe] RUL early stop at probe epoch 21
[2026-04-25 21:45:20,415][root][INFO] - [HIProbe] Action-RUL evaluation: 26732/26732 (100.0%) uncensored test samples (tau < 300)
[2026-04-25 21:45:20,419][root][INFO] - [HIProbe] Action-RUL — RMSE=28.08 steps  MAE=22.54 steps  R2=-0.1936  Pearson=-0.0016
[2026-04-25 21:45:20,420][root][INFO] - [HIProbe] Appended to hi_probe_metrics.csv
[2026-04-25 21:45:20,420][root][INFO] - [HIProbe] Logged 38 metrics to wandb.
21:45:20.432 | INFO    (730874, stable_pretraining.callbacks.trainer_info) | \n+-----------------------------------+------------------------+
|               Metric              |         Value          |
+-----------------------------------+------------------------+
|            [0;34;40mfit/ar_loss[0m            |  [0;32;40m0.029027415439486504[0m  |
|              [0;34;40mfit/loss[0m             |   [0;32;40m0.2340335249900818[0m   |
|           [0;34;40mfit/pred_loss[0m           |  [0;32;40m0.05141633003950119[0m   |
|          [0;34;40mfit/sigreg_loss[0m          |        [0;32;40m1.21875[0m         |
|    [0;34;40mhi_probe/sl16/HI_0/pearson_r[0m   |  [0;32;40m0.19677503407001495[0m   |
|       [0;34;40mhi_probe/sl16/HI_0/r2[0m       |  [0;32;40m-0.3455464839935303[0m   |
|      [0;34;40mhi_probe/sl16/HI_0/rmse[0m      | [0;32;40m0.0032641810830682516[0m  |
|    [0;34;40mhi_probe/sl16/HI_1/pearson_r[0m   |   [0;32;40m0.2211175113916397[0m   |
|       [0;34;40mhi_probe/sl16/HI_1/r2[0m       |  [0;32;40m-0.6574007272720337[0m   |
|      [0;34;40mhi_probe/sl16/HI_1/rmse[0m      |  [0;32;40m0.004140832927078009[0m  |
|    [0;34;40mhi_probe/sl16/HI_2/pearson_r[0m   |  [0;32;40m-0.17030715942382812[0m  |
|       [0;34;40mhi_probe/sl16/HI_2/r2[0m       |  [0;32;40m-0.8929041624069214[0m   |
|      [0;34;40mhi_probe/sl16/HI_2/rmse[0m      |  [0;32;40m0.005520066246390343[0m  |
|    [0;34;40mhi_probe/sl16/HI_3/pearson_r[0m   |   [0;32;40m0.3416551649570465[0m   |
|       [0;34;40mhi_probe/sl16/HI_3/r2[0m       |  [0;32;40m-0.27212047576904297[0m  |
|      [0;34;40mhi_probe/sl16/HI_3/rmse[0m      |  [0;32;40m0.004712895955890417[0m  |
|    [0;34;40mhi_probe/sl16/HI_4/pearson_r[0m   |  [0;32;40m0.43390679359436035[0m   |
|       [0;34;40mhi_probe/sl16/HI_4/r2[0m       |  [0;32;40m-1.4758789539337158[0m   |
|      [0;34;40mhi_probe/sl16/HI_4/rmse[0m      |  [0;32;40m0.004606497939676046[0m  |
|    [0;34;40mhi_probe/sl16/HI_5/pearson_r[0m   |  [0;32;40m0.09495775401592255[0m   |
|       [0;34;40mhi_probe/sl16/HI_5/r2[0m       |   [0;32;40m-6.852550506591797[0m   |
|      [0;34;40mhi_probe/sl16/HI_5/rmse[0m      | [0;32;40m0.0037508737295866013[0m  |
|    [0;34;40mhi_probe/sl16/HI_6/pearson_r[0m   |  [0;32;40m0.016581593081355095[0m  |
|       [0;34;40mhi_probe/sl16/HI_6/r2[0m       |  [0;32;40m-0.34345507621765137[0m  |
|      [0;34;40mhi_probe/sl16/HI_6/rmse[0m      | [0;32;40m0.0010783853940665722[0m  |
|    [0;34;40mhi_probe/sl16/HI_7/pearson_r[0m   |  [0;32;40m-0.1500900238752365[0m   |
|       [0;34;40mhi_probe/sl16/HI_7/r2[0m       |  [0;32;40m-1.0965893268585205[0m   |
|      [0;34;40mhi_probe/sl16/HI_7/rmse[0m      | [0;32;40m0.0014642595779150724[0m  |
|    [0;34;40mhi_probe/sl16/HI_8/pearson_r[0m   |  [0;32;40m0.22756478190422058[0m   |
|       [0;34;40mhi_probe/sl16/HI_8/r2[0m       |  [0;32;40m-0.2874521017074585[0m   |
|      [0;34;40mhi_probe/sl16/HI_8/rmse[0m      |  [0;32;40m0.001388929900713265[0m  |
|    [0;34;40mhi_probe/sl16/HI_9/pearson_r[0m   |  [0;32;40m0.011307645589113235[0m  |
|       [0;34;40mhi_probe/sl16/HI_9/r2[0m       |   [0;32;40m-1.246246337890625[0m   |
|      [0;34;40mhi_probe/sl16/HI_9/rmse[0m      | [0;32;40m0.0016669986071065068[0m  |
|    [0;34;40mhi_probe/sl16/mean_pearson_r[0m   |   [0;32;40m0.1223469078540802[0m   |
|       [0;34;40mhi_probe/sl16/mean_r2[0m       |  [0;32;40m-1.3470144271850586[0m   |
|      [0;34;40mhi_probe/sl16/mean_rmse[0m      | [0;32;40m0.0031593921594321728[0m  |
| [0;34;40mhi_probe/sl16/rul/frac_uncensored[0m |          [0;32;40m1.0[0m           |
|       [0;34;40mhi_probe/sl16/rul/mae[0m       |   [0;32;40m22.54269790649414[0m    |
|    [0;34;40mhi_probe/sl16/rul/pearson_r[0m    | [0;32;40m-0.0016420502215623856[0m |
|        [0;34;40mhi_probe/sl16/rul/r2[0m       |  [0;32;40m-0.19362246990203857[0m  |
|       [0;34;40mhi_probe/sl16/rul/rmse[0m      |   [0;32;40m28.083906173706055[0m   |
|          [0;34;40mvalidate/ar_loss[0m         |  [0;32;40m0.040706079453229904[0m  |
|       [0;34;40mvalidate/ar_loss_epoch[0m      |  [0;32;40m0.040706079453229904[0m  |
|           [0;34;40mvalidate/loss[0m           |  [0;32;40m0.38914257287979126[0m   |
|        [0;34;40mvalidate/loss_epoch[0m        |  [0;32;40m0.38914257287979126[0m   |
|         [0;34;40mvalidate/pred_loss[0m        |  [0;32;40m0.07091474533081055[0m   |
|      [0;34;40mvalidate/pred_loss_epoch[0m     |  [0;32;40m0.07091474533081055[0m   |
|        [0;34;40mvalidate/sigreg_loss[0m       |   [0;32;40m2.1214568614959717[0m   |
|     [0;34;40mvalidate/sigreg_loss_epoch[0m    |   [0;32;40m2.1214568614959717[0m   |
+-----------------------------------+------------------------+
21:45:20.439 | INFO    (730874, stable_pretraining.callbacks.checkpoint_sklearn) | Checking for non PyTorch modules to save... 🔧
21:45:20.440 | INFO    (730874, stable_pretraining.callbacks.checkpoint_sklearn) | Checking for Wandb params to save... 🔧
21:45:20.440 | INFO    (730874, stable_pretraining.callbacks.checkpoint_sklearn) | Saving Wandb params {'id': '6s1f2kx4'}
21:45:20.440 | INFO    (730874, stable_pretraining.callbacks.checkpoint_sklearn) | Checking for Wandb params to save... Done!
21:45:20.440 | INFO    (730874, stable_pretraining.callbacks.cpu_offload) | ============================================================
21:45:20.440 | INFO    (730874, stable_pretraining.callbacks.cpu_offload) | CPUOffloadCallback: Starting checkpoint CPU offload (#6)
21:45:20.440 | INFO    (730874, stable_pretraining.callbacks.cpu_offload) |   - Global step: 73440
21:45:20.440 | INFO    (730874, stable_pretraining.callbacks.cpu_offload) |   - Epoch: 5
21:45:20.440 | INFO    (730874, stable_pretraining.callbacks.cpu_offload) | Checkpoint contains 11 keys: ['callbacks', 'epoch', 'global_step', 'hparams_name', 'hyper_parameters', 'loops', 'lr_schedulers', 'optimizer_states', 'pytorch-lightning_version', 'state_dict', 'wandb']
21:45:20.440 | INFO    (730874, stable_pretraining.callbacks.cpu_offload) | GPU memory before offload:
21:45:20.440 | INFO    (730874, stable_pretraining.callbacks.cpu_offload) |   - Allocated: 0.03 GB
21:45:20.440 | INFO    (730874, stable_pretraining.callbacks.cpu_offload) |   - Reserved: 18.07 GB
21:45:20.440 | INFO    (730874, stable_pretraining.callbacks.cpu_offload) | Processing checkpoint key: 'state_dict'
21:45:20.442 | SUCCESS (730874, stable_pretraining.callbacks.cpu_offload) | ✓ Completed 'state_dict' in 0.00s
21:45:20.442 | INFO    (730874, stable_pretraining.callbacks.cpu_offload) | Processing checkpoint key: 'optimizer_states'
21:45:20.444 | SUCCESS (730874, stable_pretraining.callbacks.cpu_offload) | ✓ Completed 'optimizer_states' in 0.00s
21:45:20.444 | INFO    (730874, stable_pretraining.callbacks.cpu_offload) | Processing checkpoint key: 'lr_schedulers'
21:45:20.444 | SUCCESS (730874, stable_pretraining.callbacks.cpu_offload) | ✓ Completed 'lr_schedulers' in 0.00s
21:45:20.444 | WARNING (730874, stable_pretraining.callbacks.cpu_offload) | Skipped 125 custom object(s)
21:45:20.444 | WARNING (730874, stable_pretraining.callbacks.cpu_offload) | First 10 skipped objects:
21:45:20.444 | WARNING (730874, stable_pretraining.callbacks.cpu_offload) |   - float at 'optimizer_states[0].param_groups[0].lr'
21:45:20.444 | WARNING (730874, stable_pretraining.callbacks.cpu_offload) |   - float at 'optimizer_states[0].param_groups[0].betas[0]'
21:45:20.444 | WARNING (730874, stable_pretraining.callbacks.cpu_offload) |   - float at 'optimizer_states[0].param_groups[0].betas[1]'
21:45:20.444 | WARNING (730874, stable_pretraining.callbacks.cpu_offload) |   - float at 'optimizer_states[0].param_groups[0].eps'
21:45:20.444 | WARNING (730874, stable_pretraining.callbacks.cpu_offload) |   - float at 'optimizer_states[0].param_groups[0].weight_decay'
21:45:20.444 | WARNING (730874, stable_pretraining.callbacks.cpu_offload) |   - bool at 'optimizer_states[0].param_groups[0].amsgrad'
21:45:20.444 | WARNING (730874, stable_pretraining.callbacks.cpu_offload) |   - bool at 'optimizer_states[0].param_groups[0].maximize'
21:45:20.444 | WARNING (730874, stable_pretraining.callbacks.cpu_offload) |   - NoneType at 'optimizer_states[0].param_groups[0].foreach'
21:45:20.444 | WARNING (730874, stable_pretraining.callbacks.cpu_offload) |   - bool at 'optimizer_states[0].param_groups[0].capturable'
21:45:20.444 | WARNING (730874, stable_pretraining.callbacks.cpu_offload) |   - bool at 'optimizer_states[0].param_groups[0].differentiable'
21:45:20.444 | WARNING (730874, stable_pretraining.callbacks.cpu_offload) | ... (105 more skipped) ...
21:45:20.445 | WARNING (730874, stable_pretraining.callbacks.cpu_offload) | Last 10 skipped objects:
21:45:20.445 | WARNING (730874, stable_pretraining.callbacks.cpu_offload) |   - int at 'lr_schedulers[0].warmup_steps'
21:45:20.445 | WARNING (730874, stable_pretraining.callbacks.cpu_offload) |   - int at 'lr_schedulers[0].max_steps'
21:45:20.445 | WARNING (730874, stable_pretraining.callbacks.cpu_offload) |   - float at 'lr_schedulers[0].warmup_start_lr'
21:45:20.445 | WARNING (730874, stable_pretraining.callbacks.cpu_offload) |   - float at 'lr_schedulers[0].eta_min'
21:45:20.445 | WARNING (730874, stable_pretraining.callbacks.cpu_offload) |   - float at 'lr_schedulers[0].base_lrs[0]'
21:45:20.445 | WARNING (730874, stable_pretraining.callbacks.cpu_offload) |   - int at 'lr_schedulers[0].last_epoch'
21:45:20.445 | WARNING (730874, stable_pretraining.callbacks.cpu_offload) |   - int at 'lr_schedulers[0]._step_count'
21:45:20.445 | WARNING (730874, stable_pretraining.callbacks.cpu_offload) |   - bool at 'lr_schedulers[0]._is_initial'
21:45:20.445 | WARNING (730874, stable_pretraining.callbacks.cpu_offload) |   - bool at 'lr_schedulers[0]._get_lr_called_within_step'
21:45:20.445 | WARNING (730874, stable_pretraining.callbacks.cpu_offload) |   - float at 'lr_schedulers[0]._last_lr[0]'
21:45:20.445 | INFO    (730874, stable_pretraining.callbacks.cpu_offload) | To see all 125 skipped objects, set log_skipped=True
21:45:20.445 | INFO    (730874, stable_pretraining.callbacks.cpu_offload) | GPU memory after offload:
21:45:20.445 | INFO    (730874, stable_pretraining.callbacks.cpu_offload) |   - Allocated: 0.03 GB
21:45:20.445 | INFO    (730874, stable_pretraining.callbacks.cpu_offload) |   - Reserved: 18.07 GB
21:45:20.445 | INFO    (730874, stable_pretraining.callbacks.cpu_offload) | GPU memory freed: 0.00 GB
21:45:20.445 | SUCCESS (730874, stable_pretraining.callbacks.cpu_offload) | CPUOffloadCallback: Checkpoint #6 completed in 0.01s
21:45:20.445 | INFO    (730874, stable_pretraining.callbacks.cpu_offload) | Successfully processed keys: ['state_dict', 'optimizer_states', 'lr_schedulers']
21:45:20.445 | INFO    (730874, stable_pretraining.callbacks.cpu_offload) | Cumulative stats:
21:45:20.445 | INFO    (730874, stable_pretraining.callbacks.cpu_offload) |   - Total checkpoints saved: 6
21:45:20.445 | INFO    (730874, stable_pretraining.callbacks.cpu_offload) |   - Total time in offload: 0.04s
21:45:20.445 | INFO    (730874, stable_pretraining.callbacks.cpu_offload) |   - Total memory freed: 0.00 GB
21:45:20.445 | INFO    (730874, stable_pretraining.callbacks.cpu_offload) |   - Average time per checkpoint: 0.01s
21:45:20.445 | INFO    (730874, stable_pretraining.callbacks.cpu_offload) | ============================================================
23:44:07.361 | WARNING (730874, stable_pretraining.module) | You are calling self.parameters which also gives callbacks parameters, to remove then, pass `with_callbacks=False`
23:47:50.575 | INFO    (730874, stable_pretraining.callbacks.trainer_info) | \n+-----------------------------------+------------------------+
|               Metric              |         Value          |
+-----------------------------------+------------------------+
|            [0;34;40mfit/ar_loss[0m            |  [0;32;40m0.03946449235081673[0m   |
|              [0;34;40mfit/loss[0m             |  [0;32;40m0.24182990193367004[0m   |
|           [0;34;40mfit/pred_loss[0m           |  [0;32;40m0.06409551948308945[0m   |
|          [0;34;40mfit/sigreg_loss[0m          |         [0;32;40m1.1875[0m         |
|    [0;34;40mhi_probe/sl16/HI_0/pearson_r[0m   |  [0;32;40m0.19677503407001495[0m   |
|       [0;34;40mhi_probe/sl16/HI_0/r2[0m       |  [0;32;40m-0.3455464839935303[0m   |
|      [0;34;40mhi_probe/sl16/HI_0/rmse[0m      | [0;32;40m0.0032641810830682516[0m  |
|    [0;34;40mhi_probe/sl16/HI_1/pearson_r[0m   |   [0;32;40m0.2211175113916397[0m   |
|       [0;34;40mhi_probe/sl16/HI_1/r2[0m       |  [0;32;40m-0.6574007272720337[0m   |
|      [0;34;40mhi_probe/sl16/HI_1/rmse[0m      |  [0;32;40m0.004140832927078009[0m  |
|    [0;34;40mhi_probe/sl16/HI_2/pearson_r[0m   |  [0;32;40m-0.17030715942382812[0m  |
|       [0;34;40mhi_probe/sl16/HI_2/r2[0m       |  [0;32;40m-0.8929041624069214[0m   |
|      [0;34;40mhi_probe/sl16/HI_2/rmse[0m      |  [0;32;40m0.005520066246390343[0m  |
|    [0;34;40mhi_probe/sl16/HI_3/pearson_r[0m   |   [0;32;40m0.3416551649570465[0m   |
|       [0;34;40mhi_probe/sl16/HI_3/r2[0m       |  [0;32;40m-0.27212047576904297[0m  |
|      [0;34;40mhi_probe/sl16/HI_3/rmse[0m      |  [0;32;40m0.004712895955890417[0m  |
|    [0;34;40mhi_probe/sl16/HI_4/pearson_r[0m   |  [0;32;40m0.43390679359436035[0m   |
|       [0;34;40mhi_probe/sl16/HI_4/r2[0m       |  [0;32;40m-1.4758789539337158[0m   |
|      [0;34;40mhi_probe/sl16/HI_4/rmse[0m      |  [0;32;40m0.004606497939676046[0m  |
|    [0;34;40mhi_probe/sl16/HI_5/pearson_r[0m   |  [0;32;40m0.09495775401592255[0m   |
|       [0;34;40mhi_probe/sl16/HI_5/r2[0m       |   [0;32;40m-6.852550506591797[0m   |
|      [0;34;40mhi_probe/sl16/HI_5/rmse[0m      | [0;32;40m0.0037508737295866013[0m  |
|    [0;34;40mhi_probe/sl16/HI_6/pearson_r[0m   |  [0;32;40m0.016581593081355095[0m  |
|       [0;34;40mhi_probe/sl16/HI_6/r2[0m       |  [0;32;40m-0.34345507621765137[0m  |
|      [0;34;40mhi_probe/sl16/HI_6/rmse[0m      | [0;32;40m0.0010783853940665722[0m  |
|    [0;34;40mhi_probe/sl16/HI_7/pearson_r[0m   |  [0;32;40m-0.1500900238752365[0m   |
|       [0;34;40mhi_probe/sl16/HI_7/r2[0m       |  [0;32;40m-1.0965893268585205[0m   |
|      [0;34;40mhi_probe/sl16/HI_7/rmse[0m      | [0;32;40m0.0014642595779150724[0m  |
|    [0;34;40mhi_probe/sl16/HI_8/pearson_r[0m   |  [0;32;40m0.22756478190422058[0m   |
|       [0;34;40mhi_probe/sl16/HI_8/r2[0m       |  [0;32;40m-0.2874521017074585[0m   |
|      [0;34;40mhi_probe/sl16/HI_8/rmse[0m      |  [0;32;40m0.001388929900713265[0m  |
|    [0;34;40mhi_probe/sl16/HI_9/pearson_r[0m   |  [0;32;40m0.011307645589113235[0m  |
|       [0;34;40mhi_probe/sl16/HI_9/r2[0m       |   [0;32;40m-1.246246337890625[0m   |
|      [0;34;40mhi_probe/sl16/HI_9/rmse[0m      | [0;32;40m0.0016669986071065068[0m  |
|    [0;34;40mhi_probe/sl16/mean_pearson_r[0m   |   [0;32;40m0.1223469078540802[0m   |
|       [0;34;40mhi_probe/sl16/mean_r2[0m       |  [0;32;40m-1.3470144271850586[0m   |
|      [0;34;40mhi_probe/sl16/mean_rmse[0m      | [0;32;40m0.0031593921594321728[0m  |
| [0;34;40mhi_probe/sl16/rul/frac_uncensored[0m |          [0;32;40m1.0[0m           |
|       [0;34;40mhi_probe/sl16/rul/mae[0m       |   [0;32;40m22.54269790649414[0m    |
|    [0;34;40mhi_probe/sl16/rul/pearson_r[0m    | [0;32;40m-0.0016420502215623856[0m |
|        [0;34;40mhi_probe/sl16/rul/r2[0m       |  [0;32;40m-0.19362246990203857[0m  |
|       [0;34;40mhi_probe/sl16/rul/rmse[0m      |   [0;32;40m28.083906173706055[0m   |
|          [0;34;40mvalidate/ar_loss[0m         |  [0;32;40m0.04228552430868149[0m   |
|       [0;34;40mvalidate/ar_loss_epoch[0m      |  [0;32;40m0.04228552430868149[0m   |
|           [0;34;40mvalidate/loss[0m           |   [0;32;40m0.398810476064682[0m    |
|        [0;34;40mvalidate/loss_epoch[0m        |   [0;32;40m0.398810476064682[0m    |
|         [0;34;40mvalidate/pred_loss[0m        |   [0;32;40m0.0727388933300972[0m   |
|      [0;34;40mvalidate/pred_loss_epoch[0m     |   [0;32;40m0.0727388933300972[0m   |
|        [0;34;40mvalidate/sigreg_loss[0m       |   [0;32;40m2.1736888885498047[0m   |
|     [0;34;40mvalidate/sigreg_loss_epoch[0m    |   [0;32;40m2.1736888885498047[0m   |
+-----------------------------------+------------------------+
23:47:50.583 | INFO    (730874, stable_pretraining.callbacks.checkpoint_sklearn) | Checking for non PyTorch modules to save... 🔧
23:47:50.583 | INFO    (730874, stable_pretraining.callbacks.checkpoint_sklearn) | Checking for Wandb params to save... 🔧
23:47:50.583 | INFO    (730874, stable_pretraining.callbacks.checkpoint_sklearn) | Saving Wandb params {'id': '6s1f2kx4'}
23:47:50.583 | INFO    (730874, stable_pretraining.callbacks.checkpoint_sklearn) | Checking for Wandb params to save... Done!
23:47:50.584 | INFO    (730874, stable_pretraining.callbacks.cpu_offload) | ============================================================
23:47:50.584 | INFO    (730874, stable_pretraining.callbacks.cpu_offload) | CPUOffloadCallback: Starting checkpoint CPU offload (#7)
23:47:50.584 | INFO    (730874, stable_pretraining.callbacks.cpu_offload) |   - Global step: 85680
23:47:50.584 | INFO    (730874, stable_pretraining.callbacks.cpu_offload) |   - Epoch: 6
23:47:50.584 | INFO    (730874, stable_pretraining.callbacks.cpu_offload) | Checkpoint contains 11 keys: ['callbacks', 'epoch', 'global_step', 'hparams_name', 'hyper_parameters', 'loops', 'lr_schedulers', 'optimizer_states', 'pytorch-lightning_version', 'state_dict', 'wandb']
23:47:50.584 | INFO    (730874, stable_pretraining.callbacks.cpu_offload) | GPU memory before offload:
23:47:50.584 | INFO    (730874, stable_pretraining.callbacks.cpu_offload) |   - Allocated: 0.03 GB
23:47:50.584 | INFO    (730874, stable_pretraining.callbacks.cpu_offload) |   - Reserved: 18.07 GB
23:47:50.584 | INFO    (730874, stable_pretraining.callbacks.cpu_offload) | Processing checkpoint key: 'state_dict'
23:47:50.586 | SUCCESS (730874, stable_pretraining.callbacks.cpu_offload) | ✓ Completed 'state_dict' in 0.00s
23:47:50.586 | INFO    (730874, stable_pretraining.callbacks.cpu_offload) | Processing checkpoint key: 'optimizer_states'
23:47:50.589 | SUCCESS (730874, stable_pretraining.callbacks.cpu_offload) | ✓ Completed 'optimizer_states' in 0.00s
23:47:50.589 | INFO    (730874, stable_pretraining.callbacks.cpu_offload) | Processing checkpoint key: 'lr_schedulers'
23:47:50.589 | SUCCESS (730874, stable_pretraining.callbacks.cpu_offload) | ✓ Completed 'lr_schedulers' in 0.00s
23:47:50.589 | WARNING (730874, stable_pretraining.callbacks.cpu_offload) | Skipped 125 custom object(s)
23:47:50.589 | WARNING (730874, stable_pretraining.callbacks.cpu_offload) | First 10 skipped objects:
23:47:50.589 | WARNING (730874, stable_pretraining.callbacks.cpu_offload) |   - float at 'optimizer_states[0].param_groups[0].lr'
23:47:50.589 | WARNING (730874, stable_pretraining.callbacks.cpu_offload) |   - float at 'optimizer_states[0].param_groups[0].betas[0]'
23:47:50.589 | WARNING (730874, stable_pretraining.callbacks.cpu_offload) |   - float at 'optimizer_states[0].param_groups[0].betas[1]'
23:47:50.589 | WARNING (730874, stable_pretraining.callbacks.cpu_offload) |   - float at 'optimizer_states[0].param_groups[0].eps'
23:47:50.589 | WARNING (730874, stable_pretraining.callbacks.cpu_offload) |   - float at 'optimizer_states[0].param_groups[0].weight_decay'
23:47:50.589 | WARNING (730874, stable_pretraining.callbacks.cpu_offload) |   - bool at 'optimizer_states[0].param_groups[0].amsgrad'
23:47:50.589 | WARNING (730874, stable_pretraining.callbacks.cpu_offload) |   - bool at 'optimizer_states[0].param_groups[0].maximize'
23:47:50.589 | WARNING (730874, stable_pretraining.callbacks.cpu_offload) |   - NoneType at 'optimizer_states[0].param_groups[0].foreach'
23:47:50.589 | WARNING (730874, stable_pretraining.callbacks.cpu_offload) |   - bool at 'optimizer_states[0].param_groups[0].capturable'
23:47:50.589 | WARNING (730874, stable_pretraining.callbacks.cpu_offload) |   - bool at 'optimizer_states[0].param_groups[0].differentiable'
23:47:50.590 | WARNING (730874, stable_pretraining.callbacks.cpu_offload) | ... (105 more skipped) ...
23:47:50.590 | WARNING (730874, stable_pretraining.callbacks.cpu_offload) | Last 10 skipped objects:
23:47:50.590 | WARNING (730874, stable_pretraining.callbacks.cpu_offload) |   - int at 'lr_schedulers[0].warmup_steps'
23:47:50.590 | WARNING (730874, stable_pretraining.callbacks.cpu_offload) |   - int at 'lr_schedulers[0].max_steps'
23:47:50.590 | WARNING (730874, stable_pretraining.callbacks.cpu_offload) |   - float at 'lr_schedulers[0].warmup_start_lr'
23:47:50.590 | WARNING (730874, stable_pretraining.callbacks.cpu_offload) |   - float at 'lr_schedulers[0].eta_min'
23:47:50.590 | WARNING (730874, stable_pretraining.callbacks.cpu_offload) |   - float at 'lr_schedulers[0].base_lrs[0]'
23:47:50.590 | WARNING (730874, stable_pretraining.callbacks.cpu_offload) |   - int at 'lr_schedulers[0].last_epoch'
23:47:50.590 | WARNING (730874, stable_pretraining.callbacks.cpu_offload) |   - int at 'lr_schedulers[0]._step_count'
23:47:50.590 | WARNING (730874, stable_pretraining.callbacks.cpu_offload) |   - bool at 'lr_schedulers[0]._is_initial'
23:47:50.590 | WARNING (730874, stable_pretraining.callbacks.cpu_offload) |   - bool at 'lr_schedulers[0]._get_lr_called_within_step'
23:47:50.590 | WARNING (730874, stable_pretraining.callbacks.cpu_offload) |   - float at 'lr_schedulers[0]._last_lr[0]'
23:47:50.590 | INFO    (730874, stable_pretraining.callbacks.cpu_offload) | To see all 125 skipped objects, set log_skipped=True
23:47:50.590 | INFO    (730874, stable_pretraining.callbacks.cpu_offload) | GPU memory after offload:
23:47:50.590 | INFO    (730874, stable_pretraining.callbacks.cpu_offload) |   - Allocated: 0.03 GB
23:47:50.590 | INFO    (730874, stable_pretraining.callbacks.cpu_offload) |   - Reserved: 18.07 GB
23:47:50.590 | INFO    (730874, stable_pretraining.callbacks.cpu_offload) | GPU memory freed: 0.00 GB
23:47:50.590 | SUCCESS (730874, stable_pretraining.callbacks.cpu_offload) | CPUOffloadCallback: Checkpoint #7 completed in 0.01s
23:47:50.590 | INFO    (730874, stable_pretraining.callbacks.cpu_offload) | Successfully processed keys: ['state_dict', 'optimizer_states', 'lr_schedulers']
23:47:50.590 | INFO    (730874, stable_pretraining.callbacks.cpu_offload) | Cumulative stats:
23:47:50.590 | INFO    (730874, stable_pretraining.callbacks.cpu_offload) |   - Total checkpoints saved: 7
23:47:50.590 | INFO    (730874, stable_pretraining.callbacks.cpu_offload) |   - Total time in offload: 0.05s
23:47:50.590 | INFO    (730874, stable_pretraining.callbacks.cpu_offload) |   - Total memory freed: 0.00 GB
23:47:50.590 | INFO    (730874, stable_pretraining.callbacks.cpu_offload) |   - Average time per checkpoint: 0.01s
23:47:50.590 | INFO    (730874, stable_pretraining.callbacks.cpu_offload) | ============================================================
01:46:35.993 | WARNING (730874, stable_pretraining.module) | You are calling self.parameters which also gives callbacks parameters, to remove then, pass `with_callbacks=False`
01:50:19.334 | INFO    (730874, stable_pretraining.callbacks.trainer_info) | \n+-----------------------------------+------------------------+
|               Metric              |         Value          |
+-----------------------------------+------------------------+
|            [0;34;40mfit/ar_loss[0m            |  [0;32;40m0.04174324870109558[0m   |
|              [0;34;40mfit/loss[0m             |  [0;32;40m0.25696152448654175[0m   |
|           [0;34;40mfit/pred_loss[0m           |  [0;32;40m0.06848497688770294[0m   |
|          [0;34;40mfit/sigreg_loss[0m          |       [0;32;40m1.2578125[0m        |
|    [0;34;40mhi_probe/sl16/HI_0/pearson_r[0m   |  [0;32;40m0.19677503407001495[0m   |
|       [0;34;40mhi_probe/sl16/HI_0/r2[0m       |  [0;32;40m-0.3455464839935303[0m   |
|      [0;34;40mhi_probe/sl16/HI_0/rmse[0m      | [0;32;40m0.0032641810830682516[0m  |
|    [0;34;40mhi_probe/sl16/HI_1/pearson_r[0m   |   [0;32;40m0.2211175113916397[0m   |
|       [0;34;40mhi_probe/sl16/HI_1/r2[0m       |  [0;32;40m-0.6574007272720337[0m   |
|      [0;34;40mhi_probe/sl16/HI_1/rmse[0m      |  [0;32;40m0.004140832927078009[0m  |
|    [0;34;40mhi_probe/sl16/HI_2/pearson_r[0m   |  [0;32;40m-0.17030715942382812[0m  |
|       [0;34;40mhi_probe/sl16/HI_2/r2[0m       |  [0;32;40m-0.8929041624069214[0m   |
|      [0;34;40mhi_probe/sl16/HI_2/rmse[0m      |  [0;32;40m0.005520066246390343[0m  |
|    [0;34;40mhi_probe/sl16/HI_3/pearson_r[0m   |   [0;32;40m0.3416551649570465[0m   |
|       [0;34;40mhi_probe/sl16/HI_3/r2[0m       |  [0;32;40m-0.27212047576904297[0m  |
|      [0;34;40mhi_probe/sl16/HI_3/rmse[0m      |  [0;32;40m0.004712895955890417[0m  |
|    [0;34;40mhi_probe/sl16/HI_4/pearson_r[0m   |  [0;32;40m0.43390679359436035[0m   |
|       [0;34;40mhi_probe/sl16/HI_4/r2[0m       |  [0;32;40m-1.4758789539337158[0m   |
|      [0;34;40mhi_probe/sl16/HI_4/rmse[0m      |  [0;32;40m0.004606497939676046[0m  |
|    [0;34;40mhi_probe/sl16/HI_5/pearson_r[0m   |  [0;32;40m0.09495775401592255[0m   |
|       [0;34;40mhi_probe/sl16/HI_5/r2[0m       |   [0;32;40m-6.852550506591797[0m   |
|      [0;34;40mhi_probe/sl16/HI_5/rmse[0m      | [0;32;40m0.0037508737295866013[0m  |
|    [0;34;40mhi_probe/sl16/HI_6/pearson_r[0m   |  [0;32;40m0.016581593081355095[0m  |
|       [0;34;40mhi_probe/sl16/HI_6/r2[0m       |  [0;32;40m-0.34345507621765137[0m  |
|      [0;34;40mhi_probe/sl16/HI_6/rmse[0m      | [0;32;40m0.0010783853940665722[0m  |
|    [0;34;40mhi_probe/sl16/HI_7/pearson_r[0m   |  [0;32;40m-0.1500900238752365[0m   |
|       [0;34;40mhi_probe/sl16/HI_7/r2[0m       |  [0;32;40m-1.0965893268585205[0m   |
|      [0;34;40mhi_probe/sl16/HI_7/rmse[0m      | [0;32;40m0.0014642595779150724[0m  |
|    [0;34;40mhi_probe/sl16/HI_8/pearson_r[0m   |  [0;32;40m0.22756478190422058[0m   |
|       [0;34;40mhi_probe/sl16/HI_8/r2[0m       |  [0;32;40m-0.2874521017074585[0m   |
|      [0;34;40mhi_probe/sl16/HI_8/rmse[0m      |  [0;32;40m0.001388929900713265[0m  |
|    [0;34;40mhi_probe/sl16/HI_9/pearson_r[0m   |  [0;32;40m0.011307645589113235[0m  |
|       [0;34;40mhi_probe/sl16/HI_9/r2[0m       |   [0;32;40m-1.246246337890625[0m   |
|      [0;34;40mhi_probe/sl16/HI_9/rmse[0m      | [0;32;40m0.0016669986071065068[0m  |
|    [0;34;40mhi_probe/sl16/mean_pearson_r[0m   |   [0;32;40m0.1223469078540802[0m   |
|       [0;34;40mhi_probe/sl16/mean_r2[0m       |  [0;32;40m-1.3470144271850586[0m   |
|      [0;34;40mhi_probe/sl16/mean_rmse[0m      | [0;32;40m0.0031593921594321728[0m  |
| [0;34;40mhi_probe/sl16/rul/frac_uncensored[0m |          [0;32;40m1.0[0m           |
|       [0;34;40mhi_probe/sl16/rul/mae[0m       |   [0;32;40m22.54269790649414[0m    |
|    [0;34;40mhi_probe/sl16/rul/pearson_r[0m    | [0;32;40m-0.0016420502215623856[0m |
|        [0;34;40mhi_probe/sl16/rul/r2[0m       |  [0;32;40m-0.19362246990203857[0m  |
|       [0;34;40mhi_probe/sl16/rul/rmse[0m      |   [0;32;40m28.083906173706055[0m   |
|          [0;34;40mvalidate/ar_loss[0m         |  [0;32;40m0.04178553447127342[0m   |
|       [0;34;40mvalidate/ar_loss_epoch[0m      |  [0;32;40m0.04178553447127342[0m   |
|           [0;34;40mvalidate/loss[0m           |   [0;32;40m0.3838183879852295[0m   |
|        [0;34;40mvalidate/loss_epoch[0m        |   [0;32;40m0.3838183879852295[0m   |
|         [0;34;40mvalidate/pred_loss[0m        |  [0;32;40m0.07145381718873978[0m   |
|      [0;34;40mvalidate/pred_loss_epoch[0m     |  [0;32;40m0.07145381718873978[0m   |
|        [0;34;40mvalidate/sigreg_loss[0m       |   [0;32;40m2.082296848297119[0m    |
|     [0;34;40mvalidate/sigreg_loss_epoch[0m    |   [0;32;40m2.082296848297119[0m    |
+-----------------------------------+------------------------+
01:50:19.342 | INFO    (730874, stable_pretraining.callbacks.checkpoint_sklearn) | Checking for non PyTorch modules to save... 🔧
01:50:19.342 | INFO    (730874, stable_pretraining.callbacks.checkpoint_sklearn) | Checking for Wandb params to save... 🔧
01:50:19.342 | INFO    (730874, stable_pretraining.callbacks.checkpoint_sklearn) | Saving Wandb params {'id': '6s1f2kx4'}
01:50:19.342 | INFO    (730874, stable_pretraining.callbacks.checkpoint_sklearn) | Checking for Wandb params to save... Done!
01:50:19.342 | INFO    (730874, stable_pretraining.callbacks.cpu_offload) | ============================================================
01:50:19.342 | INFO    (730874, stable_pretraining.callbacks.cpu_offload) | CPUOffloadCallback: Starting checkpoint CPU offload (#8)
01:50:19.342 | INFO    (730874, stable_pretraining.callbacks.cpu_offload) |   - Global step: 97920
01:50:19.342 | INFO    (730874, stable_pretraining.callbacks.cpu_offload) |   - Epoch: 7
01:50:19.343 | INFO    (730874, stable_pretraining.callbacks.cpu_offload) | Checkpoint contains 11 keys: ['callbacks', 'epoch', 'global_step', 'hparams_name', 'hyper_parameters', 'loops', 'lr_schedulers', 'optimizer_states', 'pytorch-lightning_version', 'state_dict', 'wandb']
01:50:19.343 | INFO    (730874, stable_pretraining.callbacks.cpu_offload) | GPU memory before offload:
01:50:19.343 | INFO    (730874, stable_pretraining.callbacks.cpu_offload) |   - Allocated: 0.03 GB
01:50:19.343 | INFO    (730874, stable_pretraining.callbacks.cpu_offload) |   - Reserved: 18.07 GB
01:50:19.343 | INFO    (730874, stable_pretraining.callbacks.cpu_offload) | Processing checkpoint key: 'state_dict'
01:50:19.345 | SUCCESS (730874, stable_pretraining.callbacks.cpu_offload) | ✓ Completed 'state_dict' in 0.00s
01:50:19.345 | INFO    (730874, stable_pretraining.callbacks.cpu_offload) | Processing checkpoint key: 'optimizer_states'
01:50:19.348 | SUCCESS (730874, stable_pretraining.callbacks.cpu_offload) | ✓ Completed 'optimizer_states' in 0.00s
01:50:19.348 | INFO    (730874, stable_pretraining.callbacks.cpu_offload) | Processing checkpoint key: 'lr_schedulers'
01:50:19.348 | SUCCESS (730874, stable_pretraining.callbacks.cpu_offload) | ✓ Completed 'lr_schedulers' in 0.00s
01:50:19.348 | WARNING (730874, stable_pretraining.callbacks.cpu_offload) | Skipped 125 custom object(s)
01:50:19.348 | WARNING (730874, stable_pretraining.callbacks.cpu_offload) | First 10 skipped objects:
01:50:19.348 | WARNING (730874, stable_pretraining.callbacks.cpu_offload) |   - float at 'optimizer_states[0].param_groups[0].lr'
01:50:19.348 | WARNING (730874, stable_pretraining.callbacks.cpu_offload) |   - float at 'optimizer_states[0].param_groups[0].betas[0]'
01:50:19.348 | WARNING (730874, stable_pretraining.callbacks.cpu_offload) |   - float at 'optimizer_states[0].param_groups[0].betas[1]'
01:50:19.348 | WARNING (730874, stable_pretraining.callbacks.cpu_offload) |   - float at 'optimizer_states[0].param_groups[0].eps'
01:50:19.348 | WARNING (730874, stable_pretraining.callbacks.cpu_offload) |   - float at 'optimizer_states[0].param_groups[0].weight_decay'
01:50:19.348 | WARNING (730874, stable_pretraining.callbacks.cpu_offload) |   - bool at 'optimizer_states[0].param_groups[0].amsgrad'
01:50:19.348 | WARNING (730874, stable_pretraining.callbacks.cpu_offload) |   - bool at 'optimizer_states[0].param_groups[0].maximize'
01:50:19.348 | WARNING (730874, stable_pretraining.callbacks.cpu_offload) |   - NoneType at 'optimizer_states[0].param_groups[0].foreach'
01:50:19.348 | WARNING (730874, stable_pretraining.callbacks.cpu_offload) |   - bool at 'optimizer_states[0].param_groups[0].capturable'
01:50:19.348 | WARNING (730874, stable_pretraining.callbacks.cpu_offload) |   - bool at 'optimizer_states[0].param_groups[0].differentiable'
01:50:19.348 | WARNING (730874, stable_pretraining.callbacks.cpu_offload) | ... (105 more skipped) ...
01:50:19.348 | WARNING (730874, stable_pretraining.callbacks.cpu_offload) | Last 10 skipped objects:
01:50:19.348 | WARNING (730874, stable_pretraining.callbacks.cpu_offload) |   - int at 'lr_schedulers[0].warmup_steps'
01:50:19.348 | WARNING (730874, stable_pretraining.callbacks.cpu_offload) |   - int at 'lr_schedulers[0].max_steps'
01:50:19.348 | WARNING (730874, stable_pretraining.callbacks.cpu_offload) |   - float at 'lr_schedulers[0].warmup_start_lr'
01:50:19.348 | WARNING (730874, stable_pretraining.callbacks.cpu_offload) |   - float at 'lr_schedulers[0].eta_min'
01:50:19.349 | WARNING (730874, stable_pretraining.callbacks.cpu_offload) |   - float at 'lr_schedulers[0].base_lrs[0]'
01:50:19.349 | WARNING (730874, stable_pretraining.callbacks.cpu_offload) |   - int at 'lr_schedulers[0].last_epoch'
01:50:19.349 | WARNING (730874, stable_pretraining.callbacks.cpu_offload) |   - int at 'lr_schedulers[0]._step_count'
01:50:19.349 | WARNING (730874, stable_pretraining.callbacks.cpu_offload) |   - bool at 'lr_schedulers[0]._is_initial'
01:50:19.349 | WARNING (730874, stable_pretraining.callbacks.cpu_offload) |   - bool at 'lr_schedulers[0]._get_lr_called_within_step'
01:50:19.349 | WARNING (730874, stable_pretraining.callbacks.cpu_offload) |   - float at 'lr_schedulers[0]._last_lr[0]'
01:50:19.349 | INFO    (730874, stable_pretraining.callbacks.cpu_offload) | To see all 125 skipped objects, set log_skipped=True
01:50:19.349 | INFO    (730874, stable_pretraining.callbacks.cpu_offload) | GPU memory after offload:
01:50:19.349 | INFO    (730874, stable_pretraining.callbacks.cpu_offload) |   - Allocated: 0.03 GB
01:50:19.349 | INFO    (730874, stable_pretraining.callbacks.cpu_offload) |   - Reserved: 18.07 GB
01:50:19.349 | INFO    (730874, stable_pretraining.callbacks.cpu_offload) | GPU memory freed: 0.00 GB
01:50:19.349 | SUCCESS (730874, stable_pretraining.callbacks.cpu_offload) | CPUOffloadCallback: Checkpoint #8 completed in 0.01s
01:50:19.349 | INFO    (730874, stable_pretraining.callbacks.cpu_offload) | Successfully processed keys: ['state_dict', 'optimizer_states', 'lr_schedulers']
01:50:19.349 | INFO    (730874, stable_pretraining.callbacks.cpu_offload) | Cumulative stats:
01:50:19.349 | INFO    (730874, stable_pretraining.callbacks.cpu_offload) |   - Total checkpoints saved: 8
01:50:19.349 | INFO    (730874, stable_pretraining.callbacks.cpu_offload) |   - Total time in offload: 0.05s
01:50:19.349 | INFO    (730874, stable_pretraining.callbacks.cpu_offload) |   - Total memory freed: 0.00 GB
01:50:19.349 | INFO    (730874, stable_pretraining.callbacks.cpu_offload) |   - Average time per checkpoint: 0.01s
01:50:19.349 | INFO    (730874, stable_pretraining.callbacks.cpu_offload) | ============================================================
03:49:03.822 | WARNING (730874, stable_pretraining.module) | You are calling self.parameters which also gives callbacks parameters, to remove then, pass `with_callbacks=False`
03:52:47.267 | INFO    (730874, stable_pretraining.callbacks.trainer_info) | \n+-----------------------------------+------------------------+
|               Metric              |         Value          |
+-----------------------------------+------------------------+
|            [0;34;40mfit/ar_loss[0m            |  [0;32;40m0.028490401804447174[0m  |
|              [0;34;40mfit/loss[0m             |  [0;32;40m0.24642066657543182[0m   |
|           [0;34;40mfit/pred_loss[0m           |  [0;32;40m0.06966285407543182[0m   |
|          [0;34;40mfit/sigreg_loss[0m          |       [0;32;40m1.1796875[0m        |
|    [0;34;40mhi_probe/sl16/HI_0/pearson_r[0m   |  [0;32;40m0.19677503407001495[0m   |
|       [0;34;40mhi_probe/sl16/HI_0/r2[0m       |  [0;32;40m-0.3455464839935303[0m   |
|      [0;34;40mhi_probe/sl16/HI_0/rmse[0m      | [0;32;40m0.0032641810830682516[0m  |
|    [0;34;40mhi_probe/sl16/HI_1/pearson_r[0m   |   [0;32;40m0.2211175113916397[0m   |
|       [0;34;40mhi_probe/sl16/HI_1/r2[0m       |  [0;32;40m-0.6574007272720337[0m   |
|      [0;34;40mhi_probe/sl16/HI_1/rmse[0m      |  [0;32;40m0.004140832927078009[0m  |
|    [0;34;40mhi_probe/sl16/HI_2/pearson_r[0m   |  [0;32;40m-0.17030715942382812[0m  |
|       [0;34;40mhi_probe/sl16/HI_2/r2[0m       |  [0;32;40m-0.8929041624069214[0m   |
|      [0;34;40mhi_probe/sl16/HI_2/rmse[0m      |  [0;32;40m0.005520066246390343[0m  |
|    [0;34;40mhi_probe/sl16/HI_3/pearson_r[0m   |   [0;32;40m0.3416551649570465[0m   |
|       [0;34;40mhi_probe/sl16/HI_3/r2[0m       |  [0;32;40m-0.27212047576904297[0m  |
|      [0;34;40mhi_probe/sl16/HI_3/rmse[0m      |  [0;32;40m0.004712895955890417[0m  |
|    [0;34;40mhi_probe/sl16/HI_4/pearson_r[0m   |  [0;32;40m0.43390679359436035[0m   |
|       [0;34;40mhi_probe/sl16/HI_4/r2[0m       |  [0;32;40m-1.4758789539337158[0m   |
|      [0;34;40mhi_probe/sl16/HI_4/rmse[0m      |  [0;32;40m0.004606497939676046[0m  |
|    [0;34;40mhi_probe/sl16/HI_5/pearson_r[0m   |  [0;32;40m0.09495775401592255[0m   |
|       [0;34;40mhi_probe/sl16/HI_5/r2[0m       |   [0;32;40m-6.852550506591797[0m   |
|      [0;34;40mhi_probe/sl16/HI_5/rmse[0m      | [0;32;40m0.0037508737295866013[0m  |
|    [0;34;40mhi_probe/sl16/HI_6/pearson_r[0m   |  [0;32;40m0.016581593081355095[0m  |
|       [0;34;40mhi_probe/sl16/HI_6/r2[0m       |  [0;32;40m-0.34345507621765137[0m  |
|      [0;34;40mhi_probe/sl16/HI_6/rmse[0m      | [0;32;40m0.0010783853940665722[0m  |
|    [0;34;40mhi_probe/sl16/HI_7/pearson_r[0m   |  [0;32;40m-0.1500900238752365[0m   |
|       [0;34;40mhi_probe/sl16/HI_7/r2[0m       |  [0;32;40m-1.0965893268585205[0m   |
|      [0;34;40mhi_probe/sl16/HI_7/rmse[0m      | [0;32;40m0.0014642595779150724[0m  |
|    [0;34;40mhi_probe/sl16/HI_8/pearson_r[0m   |  [0;32;40m0.22756478190422058[0m   |
|       [0;34;40mhi_probe/sl16/HI_8/r2[0m       |  [0;32;40m-0.2874521017074585[0m   |
|      [0;34;40mhi_probe/sl16/HI_8/rmse[0m      |  [0;32;40m0.001388929900713265[0m  |
|    [0;34;40mhi_probe/sl16/HI_9/pearson_r[0m   |  [0;32;40m0.011307645589113235[0m  |
|       [0;34;40mhi_probe/sl16/HI_9/r2[0m       |   [0;32;40m-1.246246337890625[0m   |
|      [0;34;40mhi_probe/sl16/HI_9/rmse[0m      | [0;32;40m0.0016669986071065068[0m  |
|    [0;34;40mhi_probe/sl16/mean_pearson_r[0m   |   [0;32;40m0.1223469078540802[0m   |
|       [0;34;40mhi_probe/sl16/mean_r2[0m       |  [0;32;40m-1.3470144271850586[0m   |
|      [0;34;40mhi_probe/sl16/mean_rmse[0m      | [0;32;40m0.0031593921594321728[0m  |
| [0;34;40mhi_probe/sl16/rul/frac_uncensored[0m |          [0;32;40m1.0[0m           |
|       [0;34;40mhi_probe/sl16/rul/mae[0m       |   [0;32;40m22.54269790649414[0m    |
|    [0;34;40mhi_probe/sl16/rul/pearson_r[0m    | [0;32;40m-0.0016420502215623856[0m |
|        [0;34;40mhi_probe/sl16/rul/r2[0m       |  [0;32;40m-0.19362246990203857[0m  |
|       [0;34;40mhi_probe/sl16/rul/rmse[0m      |   [0;32;40m28.083906173706055[0m   |
|          [0;34;40mvalidate/ar_loss[0m         |  [0;32;40m0.04704027250409126[0m   |
|       [0;34;40mvalidate/ar_loss_epoch[0m      |  [0;32;40m0.04704027250409126[0m   |
|           [0;34;40mvalidate/loss[0m           |   [0;32;40m0.4013312757015228[0m   |
|        [0;34;40mvalidate/loss_epoch[0m        |   [0;32;40m0.4013312757015228[0m   |
|         [0;34;40mvalidate/pred_loss[0m        |  [0;32;40m0.08235597610473633[0m   |
|      [0;34;40mvalidate/pred_loss_epoch[0m     |  [0;32;40m0.08235597610473633[0m   |
|        [0;34;40mvalidate/sigreg_loss[0m       |   [0;32;40m2.1263980865478516[0m   |
|     [0;34;40mvalidate/sigreg_loss_epoch[0m    |   [0;32;40m2.1263980865478516[0m   |
+-----------------------------------+------------------------+
03:52:47.275 | INFO    (730874, stable_pretraining.callbacks.checkpoint_sklearn) | Checking for non PyTorch modules to save... 🔧
03:52:47.275 | INFO    (730874, stable_pretraining.callbacks.checkpoint_sklearn) | Checking for Wandb params to save... 🔧
03:52:47.275 | INFO    (730874, stable_pretraining.callbacks.checkpoint_sklearn) | Saving Wandb params {'id': '6s1f2kx4'}
03:52:47.275 | INFO    (730874, stable_pretraining.callbacks.checkpoint_sklearn) | Checking for Wandb params to save... Done!
03:52:47.275 | INFO    (730874, stable_pretraining.callbacks.cpu_offload) | ============================================================
03:52:47.275 | INFO    (730874, stable_pretraining.callbacks.cpu_offload) | CPUOffloadCallback: Starting checkpoint CPU offload (#9)
03:52:47.275 | INFO    (730874, stable_pretraining.callbacks.cpu_offload) |   - Global step: 110160
03:52:47.275 | INFO    (730874, stable_pretraining.callbacks.cpu_offload) |   - Epoch: 8
03:52:47.275 | INFO    (730874, stable_pretraining.callbacks.cpu_offload) | Checkpoint contains 11 keys: ['callbacks', 'epoch', 'global_step', 'hparams_name', 'hyper_parameters', 'loops', 'lr_schedulers', 'optimizer_states', 'pytorch-lightning_version', 'state_dict', 'wandb']
03:52:47.276 | INFO    (730874, stable_pretraining.callbacks.cpu_offload) | GPU memory before offload:
03:52:47.276 | INFO    (730874, stable_pretraining.callbacks.cpu_offload) |   - Allocated: 0.03 GB
03:52:47.276 | INFO    (730874, stable_pretraining.callbacks.cpu_offload) |   - Reserved: 18.07 GB
03:52:47.276 | INFO    (730874, stable_pretraining.callbacks.cpu_offload) | Processing checkpoint key: 'state_dict'
03:52:47.278 | SUCCESS (730874, stable_pretraining.callbacks.cpu_offload) | ✓ Completed 'state_dict' in 0.00s
03:52:47.278 | INFO    (730874, stable_pretraining.callbacks.cpu_offload) | Processing checkpoint key: 'optimizer_states'
03:52:47.281 | SUCCESS (730874, stable_pretraining.callbacks.cpu_offload) | ✓ Completed 'optimizer_states' in 0.00s
03:52:47.281 | INFO    (730874, stable_pretraining.callbacks.cpu_offload) | Processing checkpoint key: 'lr_schedulers'
03:52:47.281 | SUCCESS (730874, stable_pretraining.callbacks.cpu_offload) | ✓ Completed 'lr_schedulers' in 0.00s
03:52:47.281 | WARNING (730874, stable_pretraining.callbacks.cpu_offload) | Skipped 125 custom object(s)
03:52:47.281 | WARNING (730874, stable_pretraining.callbacks.cpu_offload) | First 10 skipped objects:
03:52:47.281 | WARNING (730874, stable_pretraining.callbacks.cpu_offload) |   - float at 'optimizer_states[0].param_groups[0].lr'
03:52:47.281 | WARNING (730874, stable_pretraining.callbacks.cpu_offload) |   - float at 'optimizer_states[0].param_groups[0].betas[0]'
03:52:47.281 | WARNING (730874, stable_pretraining.callbacks.cpu_offload) |   - float at 'optimizer_states[0].param_groups[0].betas[1]'
03:52:47.281 | WARNING (730874, stable_pretraining.callbacks.cpu_offload) |   - float at 'optimizer_states[0].param_groups[0].eps'
03:52:47.281 | WARNING (730874, stable_pretraining.callbacks.cpu_offload) |   - float at 'optimizer_states[0].param_groups[0].weight_decay'
03:52:47.281 | WARNING (730874, stable_pretraining.callbacks.cpu_offload) |   - bool at 'optimizer_states[0].param_groups[0].amsgrad'
03:52:47.281 | WARNING (730874, stable_pretraining.callbacks.cpu_offload) |   - bool at 'optimizer_states[0].param_groups[0].maximize'
03:52:47.281 | WARNING (730874, stable_pretraining.callbacks.cpu_offload) |   - NoneType at 'optimizer_states[0].param_groups[0].foreach'
03:52:47.281 | WARNING (730874, stable_pretraining.callbacks.cpu_offload) |   - bool at 'optimizer_states[0].param_groups[0].capturable'
03:52:47.281 | WARNING (730874, stable_pretraining.callbacks.cpu_offload) |   - bool at 'optimizer_states[0].param_groups[0].differentiable'
03:52:47.281 | WARNING (730874, stable_pretraining.callbacks.cpu_offload) | ... (105 more skipped) ...
03:52:47.281 | WARNING (730874, stable_pretraining.callbacks.cpu_offload) | Last 10 skipped objects:
03:52:47.281 | WARNING (730874, stable_pretraining.callbacks.cpu_offload) |   - int at 'lr_schedulers[0].warmup_steps'
03:52:47.281 | WARNING (730874, stable_pretraining.callbacks.cpu_offload) |   - int at 'lr_schedulers[0].max_steps'
03:52:47.282 | WARNING (730874, stable_pretraining.callbacks.cpu_offload) |   - float at 'lr_schedulers[0].warmup_start_lr'
03:52:47.282 | WARNING (730874, stable_pretraining.callbacks.cpu_offload) |   - float at 'lr_schedulers[0].eta_min'
03:52:47.282 | WARNING (730874, stable_pretraining.callbacks.cpu_offload) |   - float at 'lr_schedulers[0].base_lrs[0]'
03:52:47.282 | WARNING (730874, stable_pretraining.callbacks.cpu_offload) |   - int at 'lr_schedulers[0].last_epoch'
03:52:47.282 | WARNING (730874, stable_pretraining.callbacks.cpu_offload) |   - int at 'lr_schedulers[0]._step_count'
03:52:47.282 | WARNING (730874, stable_pretraining.callbacks.cpu_offload) |   - bool at 'lr_schedulers[0]._is_initial'
03:52:47.282 | WARNING (730874, stable_pretraining.callbacks.cpu_offload) |   - bool at 'lr_schedulers[0]._get_lr_called_within_step'
03:52:47.282 | WARNING (730874, stable_pretraining.callbacks.cpu_offload) |   - float at 'lr_schedulers[0]._last_lr[0]'
03:52:47.282 | INFO    (730874, stable_pretraining.callbacks.cpu_offload) | To see all 125 skipped objects, set log_skipped=True
03:52:47.282 | INFO    (730874, stable_pretraining.callbacks.cpu_offload) | GPU memory after offload:
03:52:47.282 | INFO    (730874, stable_pretraining.callbacks.cpu_offload) |   - Allocated: 0.03 GB
03:52:47.282 | INFO    (730874, stable_pretraining.callbacks.cpu_offload) |   - Reserved: 18.07 GB
03:52:47.282 | INFO    (730874, stable_pretraining.callbacks.cpu_offload) | GPU memory freed: 0.00 GB
03:52:47.282 | SUCCESS (730874, stable_pretraining.callbacks.cpu_offload) | CPUOffloadCallback: Checkpoint #9 completed in 0.01s
03:52:47.282 | INFO    (730874, stable_pretraining.callbacks.cpu_offload) | Successfully processed keys: ['state_dict', 'optimizer_states', 'lr_schedulers']
03:52:47.282 | INFO    (730874, stable_pretraining.callbacks.cpu_offload) | Cumulative stats:
03:52:47.282 | INFO    (730874, stable_pretraining.callbacks.cpu_offload) |   - Total checkpoints saved: 9
03:52:47.282 | INFO    (730874, stable_pretraining.callbacks.cpu_offload) |   - Total time in offload: 0.06s
03:52:47.282 | INFO    (730874, stable_pretraining.callbacks.cpu_offload) |   - Total memory freed: 0.00 GB
03:52:47.282 | INFO    (730874, stable_pretraining.callbacks.cpu_offload) |   - Average time per checkpoint: 0.01s
03:52:47.282 | INFO    (730874, stable_pretraining.callbacks.cpu_offload) | ============================================================
05:51:30.827 | WARNING (730874, stable_pretraining.module) | You are calling self.parameters which also gives callbacks parameters, to remove then, pass `with_callbacks=False`
[2026-04-26 05:55:14,226][root][INFO] - [HIProbe] Epoch 9 (seq_len=16, obs_window=1): encoding ...
[2026-04-26 05:55:14,442][root][INFO] - [HIProbe] Embedding std — min=0.5588  mean=0.9805  max=1.6271
[2026-04-26 05:55:14,442][root][INFO] - [HIProbe] Training TransformerProbe (max 150 epochs, patience=20) ...
[2026-04-26 05:55:14,511][root][INFO] - [HIProbe] probe dataset: train=28,312 windows, test=26,732 windows  (seq_len=16)
[2026-04-26 05:55:34,603][root][INFO] - [HIProbe] Early stop at probe epoch 61 (best mean RMSE=0.00314)
[2026-04-26 05:55:34,635][root][INFO] - 
[HIProbe] Epoch 9 | seq_len=16 — results
[2026-04-26 05:55:34,635][root][INFO] - ──────────────────────────────────────────────────────────────────
[2026-04-26 05:55:34,635][root][INFO] -   Component                           R²        RMSE   Pearson-r
[2026-04-26 05:55:34,635][root][INFO] - ──────────────────────────────────────────────────────────────────
[2026-04-26 05:55:34,635][root][INFO] -   HI_0                           -0.1484     0.00302      0.3560
[2026-04-26 05:55:34,635][root][INFO] -   HI_1                           -1.2258     0.00480      0.1607
[2026-04-26 05:55:34,635][root][INFO] -   HI_2                           -1.3317     0.00613      0.0196
[2026-04-26 05:55:34,635][root][INFO] -   HI_3                            0.0051     0.00417      0.6351
[2026-04-26 05:55:34,635][root][INFO] -   HI_4                           -0.7927     0.00392      0.6976
[2026-04-26 05:55:34,635][root][INFO] -   HI_5                           -7.2351     0.00384      0.0768
[2026-04-26 05:55:34,635][root][INFO] -   HI_6                           -0.4296     0.00111      0.0391
[2026-04-26 05:55:34,635][root][INFO] -   HI_7                           -1.1476     0.00148     -0.1501
[2026-04-26 05:55:34,635][root][INFO] -   HI_8                            0.2960     0.00103      0.5515
[2026-04-26 05:55:34,635][root][INFO] -   HI_9                           -1.8291     0.00187      0.1270
[2026-04-26 05:55:34,635][root][INFO] - ──────────────────────────────────────────────────────────────────
[2026-04-26 05:55:34,635][root][INFO] -   MEAN                           -1.3839     0.00314      0.2513
[2026-04-26 05:55:34,635][root][INFO] - ──────────────────────────────────────────────────────────────────
[2026-04-26 05:55:34,635][root][INFO] - [HIProbe] Training Action-RUL probe (max_horizon=300) ...
[2026-04-26 05:55:34,702][root][INFO] - [HIProbe] Action-RUL probe dataset: train=28,312, test=26,732 windows
[2026-04-26 05:55:40,918][root][INFO] - [HIProbe] RUL early stop at probe epoch 21
[2026-04-26 05:55:40,939][root][INFO] - [HIProbe] Action-RUL evaluation: 26732/26732 (100.0%) uncensored test samples (tau < 300)
[2026-04-26 05:55:40,946][root][INFO] - [HIProbe] Action-RUL — RMSE=27.60 steps  MAE=22.27 steps  R2=-0.1529  Pearson=0.0028
[2026-04-26 05:55:40,946][root][INFO] - [HIProbe] Appended to hi_probe_metrics.csv
[2026-04-26 05:55:40,947][root][INFO] - [HIProbe] Logged 38 metrics to wandb.
05:55:40.955 | INFO    (730874, stable_pretraining.callbacks.trainer_info) | \n+-----------------------------------+-----------------------+
|               Metric              |         Value         |
+-----------------------------------+-----------------------+
|            [0;34;40mfit/ar_loss[0m            |  [0;32;40m0.038275495171546936[0m |
|              [0;34;40mfit/loss[0m             |   [0;32;40m0.2585119903087616[0m  |
|           [0;34;40mfit/pred_loss[0m           |   [0;32;40m0.077847920358181[0m   |
|          [0;34;40mfit/sigreg_loss[0m          |        [0;32;40m1.203125[0m       |
|    [0;34;40mhi_probe/sl16/HI_0/pearson_r[0m   |  [0;32;40m0.35604697465896606[0m  |
|       [0;34;40mhi_probe/sl16/HI_0/r2[0m       |  [0;32;40m-0.14841806888580322[0m |
|      [0;34;40mhi_probe/sl16/HI_0/rmse[0m      |  [0;32;40m0.003015608061105013[0m |
|    [0;34;40mhi_probe/sl16/HI_1/pearson_r[0m   |   [0;32;40m0.1607215702533722[0m  |
|       [0;34;40mhi_probe/sl16/HI_1/r2[0m       |  [0;32;40m-1.2258079051971436[0m  |
|      [0;34;40mhi_probe/sl16/HI_1/rmse[0m      |  [0;32;40m0.004798635840415955[0m |
|    [0;34;40mhi_probe/sl16/HI_2/pearson_r[0m   |  [0;32;40m0.01959255151450634[0m  |
|       [0;34;40mhi_probe/sl16/HI_2/r2[0m       |   [0;32;40m-1.331657886505127[0m  |
|      [0;34;40mhi_probe/sl16/HI_2/rmse[0m      |  [0;32;40m0.006126499734818935[0m |
|    [0;34;40mhi_probe/sl16/HI_3/pearson_r[0m   |   [0;32;40m0.6350798606872559[0m  |
|       [0;34;40mhi_probe/sl16/HI_3/r2[0m       | [0;32;40m0.0051108598709106445[0m |
|      [0;34;40mhi_probe/sl16/HI_3/rmse[0m      |  [0;32;40m0.004167839884757996[0m |
|    [0;34;40mhi_probe/sl16/HI_4/pearson_r[0m   |   [0;32;40m0.6975613236427307[0m  |
|       [0;34;40mhi_probe/sl16/HI_4/r2[0m       |  [0;32;40m-0.7927231788635254[0m  |
|      [0;34;40mhi_probe/sl16/HI_4/rmse[0m      |  [0;32;40m0.003919790033251047[0m |
|    [0;34;40mhi_probe/sl16/HI_5/pearson_r[0m   |  [0;32;40m0.07677178829908371[0m  |
|       [0;34;40mhi_probe/sl16/HI_5/r2[0m       |  [0;32;40m-7.2350568771362305[0m  |
|      [0;34;40mhi_probe/sl16/HI_5/rmse[0m      | [0;32;40m0.0038411421701312065[0m |
|    [0;34;40mhi_probe/sl16/HI_6/pearson_r[0m   |  [0;32;40m0.03910253569483757[0m  |
|       [0;34;40mhi_probe/sl16/HI_6/r2[0m       |  [0;32;40m-0.42955684661865234[0m |
|      [0;34;40mhi_probe/sl16/HI_6/rmse[0m      | [0;32;40m0.0011124055599793792[0m |
|    [0;34;40mhi_probe/sl16/HI_7/pearson_r[0m   |  [0;32;40m-0.15010644495487213[0m |
|       [0;34;40mhi_probe/sl16/HI_7/r2[0m       |   [0;32;40m-1.147554874420166[0m  |
|      [0;34;40mhi_probe/sl16/HI_7/rmse[0m      |  [0;32;40m0.001481949700973928[0m |
|    [0;34;40mhi_probe/sl16/HI_8/pearson_r[0m   |   [0;32;40m0.5515198707580566[0m  |
|       [0;34;40mhi_probe/sl16/HI_8/r2[0m       |   [0;32;40m0.2959580421447754[0m  |
|      [0;34;40mhi_probe/sl16/HI_8/rmse[0m      | [0;32;40m0.0010271031642332673[0m |
|    [0;34;40mhi_probe/sl16/HI_9/pearson_r[0m   |  [0;32;40m0.12704606354236603[0m  |
|       [0;34;40mhi_probe/sl16/HI_9/r2[0m       |  [0;32;40m-1.8290855884552002[0m  |
|      [0;34;40mhi_probe/sl16/HI_9/rmse[0m      | [0;32;40m0.0018708095885813236[0m |
|    [0;34;40mhi_probe/sl16/mean_pearson_r[0m   |   [0;32;40m0.251333624124527[0m   |
|       [0;34;40mhi_probe/sl16/mean_r2[0m       |  [0;32;40m-1.3838791847229004[0m  |
|      [0;34;40mhi_probe/sl16/mean_rmse[0m      | [0;32;40m0.0031361784785985947[0m |
| [0;34;40mhi_probe/sl16/rul/frac_uncensored[0m |          [0;32;40m1.0[0m          |
|       [0;34;40mhi_probe/sl16/rul/mae[0m       |   [0;32;40m22.268051147460938[0m  |
|    [0;34;40mhi_probe/sl16/rul/pearson_r[0m    | [0;32;40m0.0028083384968340397[0m |
|        [0;34;40mhi_probe/sl16/rul/r2[0m       |  [0;32;40m-0.1528759002685547[0m  |
|       [0;34;40mhi_probe/sl16/rul/rmse[0m      |   [0;32;40m27.60039520263672[0m   |
|          [0;34;40mvalidate/ar_loss[0m         |   [0;32;40m0.0504893995821476[0m  |
|       [0;34;40mvalidate/ar_loss_epoch[0m      |   [0;32;40m0.0504893995821476[0m  |
|           [0;34;40mvalidate/loss[0m           |  [0;32;40m0.40959683060646057[0m  |
|        [0;34;40mvalidate/loss_epoch[0m        |  [0;32;40m0.40959683060646057[0m  |
|         [0;34;40mvalidate/pred_loss[0m        |  [0;32;40m0.09007430821657181[0m  |
|      [0;34;40mvalidate/pred_loss_epoch[0m     |  [0;32;40m0.09007430821657181[0m  |
|        [0;34;40mvalidate/sigreg_loss[0m       |   [0;32;40m2.1301238536834717[0m  |
|     [0;34;40mvalidate/sigreg_loss_epoch[0m    |   [0;32;40m2.1301238536834717[0m  |
+-----------------------------------+-----------------------+
05:55:40.969 | INFO    (730874, stable_pretraining.callbacks.checkpoint_sklearn) | Checking for non PyTorch modules to save... 🔧
05:55:40.969 | INFO    (730874, stable_pretraining.callbacks.checkpoint_sklearn) | Checking for Wandb params to save... 🔧
05:55:40.969 | INFO    (730874, stable_pretraining.callbacks.checkpoint_sklearn) | Saving Wandb params {'id': '6s1f2kx4'}
05:55:40.969 | INFO    (730874, stable_pretraining.callbacks.checkpoint_sklearn) | Checking for Wandb params to save... Done!
05:55:40.969 | INFO    (730874, stable_pretraining.callbacks.cpu_offload) | ============================================================
05:55:40.969 | INFO    (730874, stable_pretraining.callbacks.cpu_offload) | CPUOffloadCallback: Starting checkpoint CPU offload (#10)
05:55:40.969 | INFO    (730874, stable_pretraining.callbacks.cpu_offload) |   - Global step: 122400
05:55:40.969 | INFO    (730874, stable_pretraining.callbacks.cpu_offload) |   - Epoch: 9
05:55:40.969 | INFO    (730874, stable_pretraining.callbacks.cpu_offload) | Checkpoint contains 11 keys: ['callbacks', 'epoch', 'global_step', 'hparams_name', 'hyper_parameters', 'loops', 'lr_schedulers', 'optimizer_states', 'pytorch-lightning_version', 'state_dict', 'wandb']
05:55:40.970 | INFO    (730874, stable_pretraining.callbacks.cpu_offload) | GPU memory before offload:
05:55:40.970 | INFO    (730874, stable_pretraining.callbacks.cpu_offload) |   - Allocated: 0.03 GB
05:55:40.970 | INFO    (730874, stable_pretraining.callbacks.cpu_offload) |   - Reserved: 18.07 GB
05:55:40.970 | INFO    (730874, stable_pretraining.callbacks.cpu_offload) | Processing checkpoint key: 'state_dict'
05:55:40.971 | SUCCESS (730874, stable_pretraining.callbacks.cpu_offload) | ✓ Completed 'state_dict' in 0.00s
05:55:40.971 | INFO    (730874, stable_pretraining.callbacks.cpu_offload) | Processing checkpoint key: 'optimizer_states'
05:55:40.973 | SUCCESS (730874, stable_pretraining.callbacks.cpu_offload) | ✓ Completed 'optimizer_states' in 0.00s
05:55:40.973 | INFO    (730874, stable_pretraining.callbacks.cpu_offload) | Processing checkpoint key: 'lr_schedulers'
05:55:40.973 | SUCCESS (730874, stable_pretraining.callbacks.cpu_offload) | ✓ Completed 'lr_schedulers' in 0.00s
05:55:40.973 | WARNING (730874, stable_pretraining.callbacks.cpu_offload) | Skipped 125 custom object(s)
05:55:40.973 | WARNING (730874, stable_pretraining.callbacks.cpu_offload) | First 10 skipped objects:
05:55:40.974 | WARNING (730874, stable_pretraining.callbacks.cpu_offload) |   - float at 'optimizer_states[0].param_groups[0].lr'
05:55:40.974 | WARNING (730874, stable_pretraining.callbacks.cpu_offload) |   - float at 'optimizer_states[0].param_groups[0].betas[0]'
05:55:40.974 | WARNING (730874, stable_pretraining.callbacks.cpu_offload) |   - float at 'optimizer_states[0].param_groups[0].betas[1]'
05:55:40.974 | WARNING (730874, stable_pretraining.callbacks.cpu_offload) |   - float at 'optimizer_states[0].param_groups[0].eps'
05:55:40.974 | WARNING (730874, stable_pretraining.callbacks.cpu_offload) |   - float at 'optimizer_states[0].param_groups[0].weight_decay'
05:55:40.974 | WARNING (730874, stable_pretraining.callbacks.cpu_offload) |   - bool at 'optimizer_states[0].param_groups[0].amsgrad'
05:55:40.974 | WARNING (730874, stable_pretraining.callbacks.cpu_offload) |   - bool at 'optimizer_states[0].param_groups[0].maximize'
05:55:40.974 | WARNING (730874, stable_pretraining.callbacks.cpu_offload) |   - NoneType at 'optimizer_states[0].param_groups[0].foreach'
05:55:40.974 | WARNING (730874, stable_pretraining.callbacks.cpu_offload) |   - bool at 'optimizer_states[0].param_groups[0].capturable'
05:55:40.974 | WARNING (730874, stable_pretraining.callbacks.cpu_offload) |   - bool at 'optimizer_states[0].param_groups[0].differentiable'
05:55:40.974 | WARNING (730874, stable_pretraining.callbacks.cpu_offload) | ... (105 more skipped) ...
05:55:40.974 | WARNING (730874, stable_pretraining.callbacks.cpu_offload) | Last 10 skipped objects:
05:55:40.974 | WARNING (730874, stable_pretraining.callbacks.cpu_offload) |   - int at 'lr_schedulers[0].warmup_steps'
05:55:40.974 | WARNING (730874, stable_pretraining.callbacks.cpu_offload) |   - int at 'lr_schedulers[0].max_steps'
05:55:40.974 | WARNING (730874, stable_pretraining.callbacks.cpu_offload) |   - float at 'lr_schedulers[0].warmup_start_lr'
05:55:40.974 | WARNING (730874, stable_pretraining.callbacks.cpu_offload) |   - float at 'lr_schedulers[0].eta_min'
05:55:40.974 | WARNING (730874, stable_pretraining.callbacks.cpu_offload) |   - float at 'lr_schedulers[0].base_lrs[0]'
05:55:40.974 | WARNING (730874, stable_pretraining.callbacks.cpu_offload) |   - int at 'lr_schedulers[0].last_epoch'
05:55:40.974 | WARNING (730874, stable_pretraining.callbacks.cpu_offload) |   - int at 'lr_schedulers[0]._step_count'
05:55:40.974 | WARNING (730874, stable_pretraining.callbacks.cpu_offload) |   - bool at 'lr_schedulers[0]._is_initial'
05:55:40.974 | WARNING (730874, stable_pretraining.callbacks.cpu_offload) |   - bool at 'lr_schedulers[0]._get_lr_called_within_step'
05:55:40.974 | WARNING (730874, stable_pretraining.callbacks.cpu_offload) |   - float at 'lr_schedulers[0]._last_lr[0]'
05:55:40.974 | INFO    (730874, stable_pretraining.callbacks.cpu_offload) | To see all 125 skipped objects, set log_skipped=True
05:55:40.974 | INFO    (730874, stable_pretraining.callbacks.cpu_offload) | GPU memory after offload:
05:55:40.974 | INFO    (730874, stable_pretraining.callbacks.cpu_offload) |   - Allocated: 0.03 GB
05:55:40.974 | INFO    (730874, stable_pretraining.callbacks.cpu_offload) |   - Reserved: 18.07 GB
05:55:40.975 | INFO    (730874, stable_pretraining.callbacks.cpu_offload) | GPU memory freed: 0.00 GB
05:55:40.975 | SUCCESS (730874, stable_pretraining.callbacks.cpu_offload) | CPUOffloadCallback: Checkpoint #10 completed in 0.01s
05:55:40.975 | INFO    (730874, stable_pretraining.callbacks.cpu_offload) | Successfully processed keys: ['state_dict', 'optimizer_states', 'lr_schedulers']
05:55:40.975 | INFO    (730874, stable_pretraining.callbacks.cpu_offload) | Cumulative stats:
05:55:40.975 | INFO    (730874, stable_pretraining.callbacks.cpu_offload) |   - Total checkpoints saved: 10
05:55:40.975 | INFO    (730874, stable_pretraining.callbacks.cpu_offload) |   - Total time in offload: 0.06s
05:55:40.975 | INFO    (730874, stable_pretraining.callbacks.cpu_offload) |   - Total memory freed: 0.00 GB
05:55:40.975 | INFO    (730874, stable_pretraining.callbacks.cpu_offload) |   - Average time per checkpoint: 0.01s
05:55:40.975 | INFO    (730874, stable_pretraining.callbacks.cpu_offload) | ============================================================
`Trainer.fit` stopped: `max_epochs=10` reached.
05:55:40.987 | INFO    (730874, stable_pretraining.callbacks.cpu_offload) | ============================================================
05:55:40.987 | INFO    (730874, stable_pretraining.callbacks.cpu_offload) | CPUOffloadCallback: Training completed
05:55:40.987 | INFO    (730874, stable_pretraining.callbacks.cpu_offload) | Final statistics:
05:55:40.987 | INFO    (730874, stable_pretraining.callbacks.cpu_offload) |   - Total checkpoints saved: 10
05:55:40.987 | INFO    (730874, stable_pretraining.callbacks.cpu_offload) |   - Total time in offload: 0.06s
05:55:40.987 | INFO    (730874, stable_pretraining.callbacks.cpu_offload) |   - Total GPU memory freed: 0.00 GB
05:55:40.987 | INFO    (730874, stable_pretraining.callbacks.cpu_offload) |   - Average time per checkpoint: 0.01s
05:55:40.987 | INFO    (730874, stable_pretraining.callbacks.cpu_offload) |   - Average memory freed per checkpoint: 0.00 GB
05:55:40.987 | SUCCESS (730874, stable_pretraining.callbacks.cpu_offload) | CPUOffloadCallback: All checkpoints saved successfully
05:55:40.987 | INFO    (730874, stable_pretraining.callbacks.cpu_offload) | ============================================================
05:55:41.177 | SUCCESS (730874, stable_pretraining.callbacks.env_info) |   ✓ NVIDIA Driver: 580.126.09
05:55:41.183 | SUCCESS (730874, stable_pretraining.callbacks.env_info) |   ✓ Git: feature/option-b-sensor-native @ c14ddba7
05:55:41.184 | INFO    (730874, stable_pretraining.callbacks.env_info) |      Remote: git@github.com:LucasStill/le-wm.git
05:55:41.184 | WARNING (730874, stable_pretraining.callbacks.env_info) |      ⚠️  Working directory has uncommitted changes!
05:55:41.184 | SUCCESS (730874, stable_pretraining.callbacks.env_info) |   ✓ Environment: 3 relevant variables captured
05:55:41.184 | INFO    (730874, stable_pretraining.callbacks.env_info) | 🔄 Serializing environment data...
05:55:41.184 | INFO    (730874, stable_pretraining.callbacks.env_info) | 📋 File exists, using version 16: environment_v16.json
05:55:41.184 | INFO    (730874, stable_pretraining.callbacks.env_info) | 📋 File exists, using version 16: requirements_frozen_v16.txt
05:55:41.184 | INFO    (730874, stable_pretraining.callbacks.env_info) | 📁 Save directory: /home/lthil/thesis/le-wm
05:55:41.185 | INFO    (730874, stable_pretraining.callbacks.env_info) | 💾 Writing environment to temp file...
05:55:41.185 | INFO    (730874, stable_pretraining.callbacks.env_info) | 💾 Moving to: environment_v16.json
05:55:41.185 | SUCCESS (730874, stable_pretraining.callbacks.env_info) | ✓ Environment file saved (2.8 KB)
05:55:41.185 | SUCCESS (730874, stable_pretraining.callbacks.env_info) | ✓ Requirements file saved (0.1 KB)
Epoch 9/9  ━━━━━━━━━━━━━━━━━━ 48961/48961 1:58:43 • 0:00:00 6.85it/s v_num: 2kx4
05:55:41.303 | INFO    (730874, stable_pretraining.callbacks.cpu_offload) | CPUOffloadCallback: Teardown called for stage 'fit'
[1;34mwandb[0m: 
[1;34mwandb[0m: You can sync this run to the cloud by running:
[1;34mwandb[0m: [1mwandb sync wandb/offline-run-20260425_092956-6s1f2kx4[0m
========================================
Training complete.
========================================
