[2026-04-24T21:43:52Z] campaign orchestrator starting; waiting for tmux session 's4' to end
[2026-04-24T21:43:52Z] s4 session ended — E1 is done; beginning campaign
0 %, 2 MiB
[2026-04-24T21:44:52Z] ==== START E2_probe  H=32 S=1 P=4 bs=256 accum=2 epochs=1 ====
========================================
Host     : dragon
GPU      : GPU 0: NVIDIA GeForce RTX 5090 (UUID: GPU-85afedf9-1f8b-84b5-334a-931815cde3dc)
Dir      : /home/lthil/thesis/le-wm
STABLEWM : /home/lthil/.stable_worldmodel
========================================
Run name : lewm_s4_sensor_w1_H32_S1_P4
Config   : w=1 H=32 s=1 P=4 bs=256
========================================
[2026-04-24 21:44:55,633][root][INFO] - Cached 'action' from '/home/lthil/.stable_worldmodel/scenario4_train_lewm.h5'
[2026-04-24 21:45:00,527][root][INFO] - Cached 'pixels' from '/home/lthil/.stable_worldmodel/scenario4_train_lewm.h5'
/home/lthil/thesis/le-wm/jepa.py:65: UserWarning: enable_nested_tensor is True, but self.use_nested_tensor is False because encoder_layer.norm_first was True
  self.transformer = nn.TransformerEncoder(encoder_layer, num_layers=num_layers)
[2026-04-24 21:45:00,992][root][INFO] - [Encoder] SensorEncoder — n_sensors=176, d_model=64
[2026-04-24 21:45:00,995][root][INFO] - [HIProbe] Config found: True, enabled: True
[2026-04-24 21:45:00,995][root][INFO] - [HIProbe] data_path = /home/lthil/.stable_worldmodel/scenario4_train_lewm.h5
[2026-04-24 21:45:00,995][root][INFO] - [HIProbe] ✓ Registered — evaluating every 5 epochs
21:45:00.995 | INFO    (701236, stable_pretraining.data.module) | Setting up DataModule
21:45:00.996 | INFO    (701236, stable_pretraining.module) | Initializing Module configuration...
21:45:00.996 | WARNING (701236, stable_pretraining.module) | No hyperparameters provided - hyperparameter logging is disabled.
21:45:00.996 | INFO    (701236, stable_pretraining.module) | Setting custom forward method.
21:45:00.996 | INFO    (701236, stable_pretraining.module) | Setting attribute: self.model = <class 'jepa.JEPA'>
21:45:00.996 | INFO    (701236, stable_pretraining.module) | Setting attribute: self.sigreg = <class 'module.SIGReg'>
21:45:00.996 | INFO    (701236, stable_pretraining.module) | Setting attribute: self.optim = <class 'dict'>
21:45:00.996 | INFO    (701236, stable_pretraining.module) | No metrics configuration provided - automatic metric tracking is disabled.
wandb: WARNING The anonymous setting has no effect and will be removed in a future version.
wandb: WARNING `resume` will be ignored since W&B syncing is set to `offline`. Starting a new run with run id ms6lfxtk.
wandb: Tracking run with wandb version 0.26.1
wandb: W&B syncing is set to `offline` in this directory. Run `wandb online` or set WANDB_MODE=online to enable cloud syncing.
wandb: Run data is saved locally in wandb/offline-run-20260424_214501-ms6lfxtk
Using bfloat16 Automatic Mixed Precision (AMP)
21:45:01.416 | INFO    (701236, stable_pretraining.callbacks.env_info) | EnvironmentDumpCallback initialized (filename=environment.json, async=True)
21:45:01.416 | INFO    (701236, stable_pretraining.callbacks.cpu_offload) | ============================================================
21:45:01.416 | INFO    (701236, stable_pretraining.callbacks.cpu_offload) | Initializing CPUOffloadCallback
21:45:01.416 | INFO    (701236, stable_pretraining.callbacks.cpu_offload) | Configuration:
21:45:01.416 | INFO    (701236, stable_pretraining.callbacks.cpu_offload) |   - Offload keys: ['state_dict', 'optimizer_states', 'lr_schedulers']
21:45:01.416 | INFO    (701236, stable_pretraining.callbacks.cpu_offload) |   - Log all skipped objects: False
21:45:01.416 | INFO    (701236, stable_pretraining.callbacks.cpu_offload) |   - Will show first/last 10 skipped objects only
21:45:01.417 | SUCCESS (701236, stable_pretraining.callbacks.cpu_offload) | ✓ CUDA available: 1 GPU(s) detected
21:45:01.533 | INFO    (701236, stable_pretraining.callbacks.cpu_offload) |   - GPU 0: NVIDIA GeForce RTX 5090 (33.7 GB)
21:45:01.533 | SUCCESS (701236, stable_pretraining.callbacks.cpu_offload) | CPUOffloadCallback initialized successfully
21:45:01.533 | INFO    (701236, stable_pretraining.callbacks.cpu_offload) | ============================================================
Adding 10 callbacks from entry point 'stablepretraining_callbacks': ModuleRegistryCallback, LoggingCallback, EnvironmentDumpCallback, TrainerInfo, SklearnCheckpoint, WandbCheckpoint, ModuleSummary, SLURMInfo, LogUnusedParametersOnce, CPUOffloadCallback
GPU available: True (cuda), used: True
TPU available: False, using: 0 TPU cores
💡 Tip: For seamless cloud logging and experiment tracking, try installing [litlogger](https://pypi.org/project/litlogger/) to enable LitLogger, which logs metrics and artifacts automatically to the Lightning Experiments platform.
Seed set to 3072
💡 Tip: For seamless cloud uploads and versioning, try installing [litmodels](https://pypi.org/project/litmodels/) to enable LitModelCheckpoint, which syncs automatically with the Lightning model registry.
You are using a CUDA device ('NVIDIA GeForce RTX 5090') that has Tensor Cores. To properly utilize them, you should set `torch.set_float32_matmul_precision('medium' | 'high')` which will trade-off precision for performance. For more details, read https://pytorch.org/docs/stable/generated/torch.set_float32_matmul_precision.html#torch.set_float32_matmul_precision
21:45:01.602 | INFO    (701236, stable_pretraining.data.module) | dataset for fit loaded!  ✅
21:45:01.602 | INFO    (701236, stable_pretraining.data.module) | 	● setup was done by user
[2026-04-24 21:45:01,602][root][INFO] - [HIProbe] Loading dataset from /home/lthil/.stable_worldmodel/scenario4_train_lewm.h5  (seq_len=32, obs_window=1)
[2026-04-24 21:45:06,430][root][INFO] - [HIProbe] Loading observations from key 'pixels' (encoder_type=sensor, shape=(7010872, 176))
[2026-04-24 21:45:06,588][root][INFO] - [HIProbe] Action-RUL: 80251 maintenance events found (max_horizon=300)
[2026-04-24 21:45:06,592][root][INFO] - [HIProbe] CSV → hi_probe_metrics.csv
[2026-04-24 21:45:06,593][root][INFO] - [HIProbe] 28,342 train / 26,762 test timesteps  (500 episodes, 10 HI dims)
21:45:06.689 | INFO    (701236, stable_pretraining.callbacks.env_info) | ======================================================================
21:45:06.690 | INFO    (701236, stable_pretraining.callbacks.env_info) | 🔍 Starting environment configuration dump...
21:45:06.690 | INFO    (701236, stable_pretraining.callbacks.env_info) | ======================================================================
21:45:06.690 | INFO    (701236, stable_pretraining.callbacks.env_info) | EnvironmentDumpCallback  log_dir=PosixPath('/home/lthil/thesis/le-wm')
21:45:06.690 | INFO    (701236, stable_pretraining.callbacks.env_info) | ⚡ Running environment dump in background thread (non-blocking)
21:45:06.690 | INFO    (701236, stable_pretraining.callbacks.env_info) | 📁 Log directory: /home/lthil/thesis/le-wm
21:45:06.690 | INFO    (701236, stable_pretraining.callbacks.env_info) | 📊 Collecting environment information...
21:45:06.690 | SUCCESS (701236, stable_pretraining.callbacks.env_info) | ✓ Background thread started successfully
21:45:06.691 | SUCCESS (701236, stable_pretraining.callbacks.env_info) |   ✓ Python 3.10.20
21:45:06.691 | INFO    (701236, stable_pretraining.callbacks.trainer_info) | 	 linking trainer to DataModule! 🔧
21:45:06.691 | SUCCESS (701236, stable_pretraining.callbacks.env_info) |   ✓ System: Linux 6.8.0-106-generic (x86_64)
21:45:06.691 | INFO    (701236, stable_pretraining.callbacks.checkpoint_sklearn) | Setting up SklearnCheckpoint callback!
21:45:06.691 | INFO    (701236, stable_pretraining.callbacks.env_info) |      Hostname: dragon
21:45:06.691 | INFO    (701236, stable_pretraining.callbacks.checkpoint_sklearn) | Sklearn Modules:
21:45:06.693 | INFO    (701236, stable_pretraining.callbacks.checkpoint_sklearn) | 
┏━━━━━━━━━━┳━━━━━━━━┳━━━━━━━━┓
┃ Module   ┃ Name   ┃ Type   ┃
┣━━━━━━━━━━╋━━━━━━━━╋━━━━━━━━┫
┗━━━━━━━━━━┻━━━━━━━━┻━━━━━━━━┛
21:45:06.693 | INFO    (701236, stable_pretraining.callbacks.checkpoint_sklearn) | Setting up WandbCheckpoint callback!
21:45:06.693 | INFO    (701236, stable_pretraining.callbacks.trainer_info) | PyTorch Modules:
21:45:06.693 | WARNING (701236, stable_pretraining.module) | You are calling self.parameters which also gives callbacks parameters, to remove then, pass `with_callbacks=False`
21:45:06.696 | INFO    (701236, stable_pretraining.callbacks.trainer_info) | \n+---------------------------------------------------------+----------------------+--------------------------+--------------------------+---------+
| Module                                                  | Trainable parameters | Non Trainable parameters | Uninitialized parameters | Buffers |
+---------------------------------------------------------+----------------------+--------------------------+--------------------------+---------+
|                                                         |               829396 |                        0 |                        0 |    1077 |
| callbacks_modules                                       |                    0 |                        0 |                        0 |       0 |
| callbacks_metrics                                       |                    0 |                        0 |                        0 |       0 |
| model                                                   |               829396 |                        0 |                        0 |    1026 |
| model.encoder                                           |               113024 |                        0 |                        0 |       0 |
| model.encoder.value_proj                                |                  128 |                        0 |                        0 |       0 |
| model.encoder.transformer                               |                99968 |                        0 |                        0 |       0 |
| model.encoder.transformer.layers                        |                99968 |                        0 |                        0 |       0 |
| model.encoder.transformer.layers.0                      |                49984 |                        0 |                        0 |       0 |
| model.encoder.transformer.layers.0.self_attn            |                16640 |                        0 |                        0 |       0 |
| model.encoder.transformer.layers.0.self_attn.out_proj   |                 4160 |                        0 |                        0 |       0 |
| model.encoder.transformer.layers.0.linear1              |                16640 |                        0 |                        0 |       0 |
| model.encoder.transformer.layers.0.dropout              |                    0 |                        0 |                        0 |       0 |
| model.encoder.transformer.layers.0.linear2              |                16448 |                        0 |                        0 |       0 |
| model.encoder.transformer.layers.0.norm1                |                  128 |                        0 |                        0 |       0 |
| model.encoder.transformer.layers.0.norm2                |                  128 |                        0 |                        0 |       0 |
| model.encoder.transformer.layers.0.dropout1             |                    0 |                        0 |                        0 |       0 |
| model.encoder.transformer.layers.0.dropout2             |                    0 |                        0 |                        0 |       0 |
| model.encoder.transformer.layers.1                      |                49984 |                        0 |                        0 |       0 |
| model.encoder.transformer.layers.1.self_attn            |                16640 |                        0 |                        0 |       0 |
| model.encoder.transformer.layers.1.self_attn.out_proj   |                 4160 |                        0 |                        0 |       0 |
| model.encoder.transformer.layers.1.linear1              |                16640 |                        0 |                        0 |       0 |
| model.encoder.transformer.layers.1.dropout              |                    0 |                        0 |                        0 |       0 |
| model.encoder.transformer.layers.1.linear2              |                16448 |                        0 |                        0 |       0 |
| model.encoder.transformer.layers.1.norm1                |                  128 |                        0 |                        0 |       0 |
| model.encoder.transformer.layers.1.norm2                |                  128 |                        0 |                        0 |       0 |
| model.encoder.transformer.layers.1.dropout1             |                    0 |                        0 |                        0 |       0 |
| model.encoder.transformer.layers.1.dropout2             |                    0 |                        0 |                        0 |       0 |
| model.encoder.norm                                      |                  128 |                        0 |                        0 |       0 |
| model.predictor                                         |               629888 |                        0 |                        0 |       0 |
| model.predictor.dropout                                 |                    0 |                        0 |                        0 |       0 |
| model.predictor.transformer                             |               627840 |                        0 |                        0 |       0 |
| model.predictor.transformer.norm                        |                  128 |                        0 |                        0 |       0 |
| model.predictor.transformer.layers                      |               627712 |                        0 |                        0 |       0 |
| model.predictor.transformer.layers.0                    |               156928 |                        0 |                        0 |       0 |
| model.predictor.transformer.layers.0.attn               |                65728 |                        0 |                        0 |       0 |
| model.predictor.transformer.layers.0.attn.norm          |                  128 |                        0 |                        0 |       0 |
| model.predictor.transformer.layers.0.attn.attend        |                    0 |                        0 |                        0 |       0 |
| model.predictor.transformer.layers.0.attn.to_qkv        |                49152 |                        0 |                        0 |       0 |
| model.predictor.transformer.layers.0.attn.to_out        |                16448 |                        0 |                        0 |       0 |
| model.predictor.transformer.layers.0.attn.to_out.0      |                16448 |                        0 |                        0 |       0 |
| model.predictor.transformer.layers.0.attn.to_out.1      |                    0 |                        0 |                        0 |       0 |
| model.predictor.transformer.layers.0.mlp                |                66240 |                        0 |                        0 |       0 |
| model.predictor.transformer.layers.0.mlp.net            |                66240 |                        0 |                        0 |       0 |
| model.predictor.transformer.layers.0.mlp.net.0          |                  128 |                        0 |                        0 |       0 |
| model.predictor.transformer.layers.0.mlp.net.1          |                33280 |                        0 |                        0 |       0 |
| model.predictor.transformer.layers.0.mlp.net.2          |                    0 |                        0 |                        0 |       0 |
| model.predictor.transformer.layers.0.mlp.net.3          |                    0 |                        0 |                        0 |       0 |
| model.predictor.transformer.layers.0.mlp.net.4          |                32832 |                        0 |                        0 |       0 |
| model.predictor.transformer.layers.0.mlp.net.5          |                    0 |                        0 |                        0 |       0 |
| model.predictor.transformer.layers.0.norm1              |                    0 |                        0 |                        0 |       0 |
| model.predictor.transformer.layers.0.norm2              |                    0 |                        0 |                        0 |       0 |
| model.predictor.transformer.layers.0.adaLN_modulation   |                24960 |                        0 |                        0 |       0 |
| model.predictor.transformer.layers.0.adaLN_modulation.0 |                    0 |                        0 |                        0 |       0 |
| model.predictor.transformer.layers.0.adaLN_modulation.1 |                24960 |                        0 |                        0 |       0 |
| model.predictor.transformer.layers.1                    |               156928 |                        0 |                        0 |       0 |
| model.predictor.transformer.layers.1.attn               |                65728 |                        0 |                        0 |       0 |
| model.predictor.transformer.layers.1.attn.norm          |                  128 |                        0 |                        0 |       0 |
| model.predictor.transformer.layers.1.attn.attend        |                    0 |                        0 |                        0 |       0 |
| model.predictor.transformer.layers.1.attn.to_qkv        |                49152 |                        0 |                        0 |       0 |
| model.predictor.transformer.layers.1.attn.to_out        |                16448 |                        0 |                        0 |       0 |
| model.predictor.transformer.layers.1.attn.to_out.0      |                16448 |                        0 |                        0 |       0 |
| model.predictor.transformer.layers.1.attn.to_out.1      |                    0 |                        0 |                        0 |       0 |
| model.predictor.transformer.layers.1.mlp                |                66240 |                        0 |                        0 |       0 |
| model.predictor.transformer.layers.1.mlp.net            |                66240 |                        0 |                        0 |       0 |
| model.predictor.transformer.layers.1.mlp.net.0          |                  128 |                        0 |                        0 |       0 |
| model.predictor.transformer.layers.1.mlp.net.1          |                33280 |                        0 |                        0 |       0 |
| model.predictor.transformer.layers.1.mlp.net.2          |                    0 |                        0 |                        0 |       0 |
| model.predictor.transformer.layers.1.mlp.net.3          |                    0 |                        0 |                        0 |       0 |
| model.predictor.transformer.layers.1.mlp.net.4          |                32832 |                        0 |                        0 |       0 |
| model.predictor.transformer.layers.1.mlp.net.5          |                    0 |                        0 |                        0 |       0 |
| model.predictor.transformer.layers.1.norm1              |                    0 |                        0 |                        0 |       0 |
| model.predictor.transformer.layers.1.norm2              |                    0 |                        0 |                        0 |       0 |
| model.predictor.transformer.layers.1.adaLN_modulation   |                24960 |                        0 |                        0 |       0 |
| model.predictor.transformer.layers.1.adaLN_modulation.0 |                    0 |                        0 |                        0 |       0 |
| model.predictor.transformer.layers.1.adaLN_modulation.1 |                24960 |                        0 |                        0 |       0 |
| model.predictor.transformer.layers.2                    |               156928 |                        0 |                        0 |       0 |
| model.predictor.transformer.layers.2.attn               |                65728 |                        0 |                        0 |       0 |
| model.predictor.transformer.layers.2.attn.norm          |                  128 |                        0 |                        0 |       0 |
| model.predictor.transformer.layers.2.attn.attend        |                    0 |                        0 |                        0 |       0 |
| model.predictor.transformer.layers.2.attn.to_qkv        |                49152 |                        0 |                        0 |       0 |
| model.predictor.transformer.layers.2.attn.to_out        |                16448 |                        0 |                        0 |       0 |
| model.predictor.transformer.layers.2.attn.to_out.0      |                16448 |                        0 |                        0 |       0 |
| model.predictor.transformer.layers.2.attn.to_out.1      |                    0 |                        0 |                        0 |       0 |
| model.predictor.transformer.layers.2.mlp                |                66240 |                        0 |                        0 |       0 |
| model.predictor.transformer.layers.2.mlp.net            |                66240 |                        0 |                        0 |       0 |
| model.predictor.transformer.layers.2.mlp.net.0          |                  128 |                        0 |                        0 |       0 |
| model.predictor.transformer.layers.2.mlp.net.1          |                33280 |                        0 |                        0 |       0 |
| model.predictor.transformer.layers.2.mlp.net.2          |                    0 |                        0 |                        0 |       0 |
| model.predictor.transformer.layers.2.mlp.net.3          |                    0 |                        0 |                        0 |       0 |
| model.predictor.transformer.layers.2.mlp.net.4          |                32832 |                        0 |                        0 |       0 |
| model.predictor.transformer.layers.2.mlp.net.5          |                    0 |                        0 |                        0 |       0 |
| model.predictor.transformer.layers.2.norm1              |                    0 |                        0 |                        0 |       0 |
| model.predictor.transformer.layers.2.norm2              |                    0 |                        0 |                        0 |       0 |
| model.predictor.transformer.layers.2.adaLN_modulation   |                24960 |                        0 |                        0 |       0 |
| model.predictor.transformer.layers.2.adaLN_modulation.0 |                    0 |                        0 |                        0 |       0 |
| model.predictor.transformer.layers.2.adaLN_modulation.1 |                24960 |                        0 |                        0 |       0 |
| model.predictor.transformer.layers.3                    |               156928 |                        0 |                        0 |       0 |
| model.predictor.transformer.layers.3.attn               |                65728 |                        0 |                        0 |       0 |
| model.predictor.transformer.layers.3.attn.norm          |                  128 |                        0 |                        0 |       0 |
| model.predictor.transformer.layers.3.attn.attend        |                    0 |                        0 |                        0 |       0 |
| model.predictor.transformer.layers.3.attn.to_qkv        |                49152 |                        0 |                        0 |       0 |
| model.predictor.transformer.layers.3.attn.to_out        |                16448 |                        0 |                        0 |       0 |
| model.predictor.transformer.layers.3.attn.to_out.0      |                16448 |                        0 |                        0 |       0 |
| model.predictor.transformer.layers.3.attn.to_out.1      |                    0 |                        0 |                        0 |       0 |
| model.predictor.transformer.layers.3.mlp                |                66240 |                        0 |                        0 |       0 |
| model.predictor.transformer.layers.3.mlp.net            |                66240 |                        0 |                        0 |       0 |
| model.predictor.transformer.layers.3.mlp.net.0          |                  128 |                        0 |                        0 |       0 |
| model.predictor.transformer.layers.3.mlp.net.1          |                33280 |                        0 |                        0 |       0 |
| model.predictor.transformer.layers.3.mlp.net.2          |                    0 |                        0 |                        0 |       0 |
| model.predictor.transformer.layers.3.mlp.net.3          |                    0 |                        0 |                        0 |       0 |
| model.predictor.transformer.layers.3.mlp.net.4          |                32832 |                        0 |                        0 |       0 |
| model.predictor.transformer.layers.3.mlp.net.5          |                    0 |                        0 |                        0 |       0 |
| model.predictor.transformer.layers.3.norm1              |                    0 |                        0 |                        0 |       0 |
| model.predictor.transformer.layers.3.norm2              |                    0 |                        0 |                        0 |       0 |
| model.predictor.transformer.layers.3.adaLN_modulation   |                24960 |                        0 |                        0 |       0 |
| model.predictor.transformer.layers.3.adaLN_modulation.0 |                    0 |                        0 |                        0 |       0 |
| model.predictor.transformer.layers.3.adaLN_modulation.1 |                24960 |                        0 |                        0 |       0 |
| model.predictor.transformer.input_proj                  |                    0 |                        0 |                        0 |       0 |
| model.predictor.transformer.cond_proj                   |                    0 |                        0 |                        0 |       0 |
| model.predictor.transformer.output_proj                 |                    0 |                        0 |                        0 |       0 |
| model.action_encoder                                    |                19284 |                        0 |                        0 |       0 |
| model.action_encoder.patch_embed                        |                   20 |                        0 |                        0 |       0 |
| model.action_encoder.embed                              |                19264 |                        0 |                        0 |       0 |
| model.action_encoder.embed.0                            |                 2816 |                        0 |                        0 |       0 |
| model.action_encoder.embed.1                            |                    0 |                        0 |                        0 |       0 |
| model.action_encoder.embed.2                            |                16448 |                        0 |                        0 |       0 |
| model.projector                                         |                33600 |                        0 |                        0 |     513 |
| model.projector.net                                     |                33600 |                        0 |                        0 |     513 |
| model.projector.net.0                                   |                16640 |                        0 |                        0 |       0 |
| model.projector.net.1                                   |                  512 |                        0 |                        0 |     513 |
| model.projector.net.2                                   |                    0 |                        0 |                        0 |       0 |
| model.projector.net.3                                   |                16448 |                        0 |                        0 |       0 |
| model.pred_proj                                         |                33600 |                        0 |                        0 |     513 |
| model.pred_proj.net                                     |                33600 |                        0 |                        0 |     513 |
| model.pred_proj.net.0                                   |                16640 |                        0 |                        0 |       0 |
| model.pred_proj.net.1                                   |                  512 |                        0 |                        0 |     513 |
| model.pred_proj.net.2                                   |                    0 |                        0 |                        0 |       0 |
| model.pred_proj.net.3                                   |                16448 |                        0 |                        0 |       0 |
| sigreg                                                  |                    0 |                        0 |                        0 |      51 |
+---------------------------------------------------------+----------------------+--------------------------+--------------------------+---------+
21:45:06.697 | INFO    (701236, stable_pretraining.callbacks.trainer_info) | ---- SLURM INFO ---- 🔧
21:45:06.697 | INFO    (701236, stable_pretraining.callbacks.trainer_info) | Job ID: N/A
21:45:06.697 | INFO    (701236, stable_pretraining.callbacks.trainer_info) | Task ID: N/A
21:45:06.697 | INFO    (701236, stable_pretraining.callbacks.trainer_info) | Job Name: N/A
21:45:06.697 | INFO    (701236, stable_pretraining.callbacks.trainer_info) | Nodes: N/A
21:45:06.697 | INFO    (701236, stable_pretraining.callbacks.trainer_info) | Tasks: N/A
21:45:06.697 | INFO    (701236, stable_pretraining.callbacks.trainer_info) | CPUs per node: N/A
21:45:06.697 | INFO    (701236, stable_pretraining.callbacks.trainer_info) | CPUs per task: N/A
21:45:06.697 | INFO    (701236, stable_pretraining.callbacks.trainer_info) | Memory per node: N/A
21:45:06.697 | INFO    (701236, stable_pretraining.callbacks.trainer_info) | Memory per CPU: N/A
21:45:06.697 | INFO    (701236, stable_pretraining.callbacks.trainer_info) | Time limit: N/A
21:45:06.697 | INFO    (701236, stable_pretraining.callbacks.trainer_info) | Partition: N/A
21:45:06.697 | INFO    (701236, stable_pretraining.callbacks.trainer_info) | Node List: N/A
21:45:06.697 | INFO    (701236, stable_pretraining.callbacks.trainer_info) | Submit Directory: N/A
21:45:06.697 | INFO    (701236, stable_pretraining.callbacks.cpu_offload) | CPUOffloadCallback: Setup called for stage 'fit'
21:45:06.697 | INFO    (701236, stable_pretraining.callbacks.cpu_offload) |   - Trainer rank: 0/1
21:45:06.697 | INFO    (701236, stable_pretraining.callbacks.cpu_offload) |   - Strategy: SingleDeviceStrategy
21:45:06.697 | SUCCESS (701236, stable_pretraining.callbacks.cpu_offload) | ✓ Strategy 'SingleDeviceStrategy' is compatible with CPU offload
21:45:06.697 | SUCCESS (701236, stable_pretraining.callbacks.cpu_offload) | ✓ CPUOffloadCallback ENABLED for strategy 'SingleDeviceStrategy'
21:45:06.697 | INFO    (701236, stable_pretraining.callbacks.cpu_offload) |   - This rank will handle checkpoint saving and CPU offload
LOCAL_RANK: 0 - CUDA_VISIBLE_DEVICES: [0]
21:45:06.700 | INFO    (701236, stable_pretraining.module) | Configuring optimizers and learning rate schedulers...
21:45:06.700 | INFO    (701236, stable_pretraining.module) | 	Optimizer specified by Dict with keys ['model_opt']... 🔧
21:45:06.701 | INFO    (701236, stable_pretraining.module) | 
┏━━━━━━━━━━━━━┳━━━━━━━━━━━┳━━━━━━━━━━━━━━━━━━━┳━━━━━━━━━━━━━━━━━┳━━━━━━━━━━━━━━━━┳━━━━━━━━━━━━━━━━━━━━━━━━┓
┃ Optimizer   ┃ Pattern   ┃   Matched Modules ┃   Param Tensors ┃   Total Params ┃   RequiresGrad Tensors ┃
┣━━━━━━━━━━━━━╋━━━━━━━━━━━╋━━━━━━━━━━━━━━━━━━━╋━━━━━━━━━━━━━━━━━╋━━━━━━━━━━━━━━━━╋━━━━━━━━━━━━━━━━━━━━━━━━┫
┃ model_opt   ┃ model     ┃               136 ┃             102 ┃         829396 ┃                    102 ┃
┗━━━━━━━━━━━━━┻━━━━━━━━━━━┻━━━━━━━━━━━━━━━━━━━┻━━━━━━━━━━━━━━━━━┻━━━━━━━━━━━━━━━━┻━━━━━━━━━━━━━━━━━━━━━━━━┛
21:45:06.701 | INFO    (701236, stable_pretraining.optim.lr_scheduler) | 	User provided a dict
Loading `train_dataloader` to estimate number of stepping batches.
/home/lthil/thesis/le-wm/.venv/lib/python3.10/site-packages/lightning/pytorch/utilities/_pytree.py:21: `isinstance(treespec, LeafSpec)` is deprecated, use `isinstance(treespec, TreeSpec) and treespec.is_leaf()` instead.
21:45:06.701 | WARNING (701236, stable_pretraining.callbacks.env_info) |      ⚠️  pip freeze failed: Command '['/home/lthil/thesis/le-wm/.venv/bin/python', '-m', 'pip', 'freeze']' returned non-zero exit status 1.
21:45:06.702 | SUCCESS (701236, stable_pretraining.callbacks.env_info) |   ✓ Packages: 0 packages collected in 0.01s
21:45:07.085 | INFO    (701236, stable_pretraining.module) | Configured optimizer 'model_opt' (modules=136, param_tensors=102, total_params=829396) with LinearWarmupCosineAnnealingLR scheduler.
/home/lthil/thesis/le-wm/.venv/lib/python3.10/site-packages/lightning/pytorch/utilities/model_summary/model_summary.py:242: Precision bf16-mixed is not supported by the model summary.  Estimated model size in MB will not be accurate. Using 32 bits instead.
21:45:07.088 | WARNING (701236, stable_pretraining.module) | You are calling self.parameters which also gives callbacks parameters, to remove then, pass `with_callbacks=False`
21:45:07.089 | WARNING (701236, stable_pretraining.module) | You are calling self.parameters which also gives callbacks parameters, to remove then, pass `with_callbacks=False`
21:45:07.089 | WARNING (701236, stable_pretraining.module) | You are calling self.parameters which also gives callbacks parameters, to remove then, pass `with_callbacks=False`
21:45:07.089 | WARNING (701236, stable_pretraining.module) | You are calling self.parameters which also gives callbacks parameters, to remove then, pass `with_callbacks=False`
┏━━━┳━━━━━━━━━━━━━━━━━━━┳━━━━━━━━━━━━┳━━━━━━━━┳━━━━━━━┳━━━━━━━┓
┃   ┃ Name              ┃ Type       ┃ Params ┃ Mode  ┃ FLOPs ┃
┡━━━╇━━━━━━━━━━━━━━━━━━━╇━━━━━━━━━━━━╇━━━━━━━━╇━━━━━━━╇━━━━━━━┩
│ 0 │ callbacks_modules │ ModuleDict │      0 │ train │     0 │
│ 1 │ callbacks_metrics │ ModuleDict │      0 │ train │     0 │
│ 2 │ model             │ JEPA       │  829 K │ train │     0 │
│ 3 │ sigreg            │ SIGReg     │      0 │ train │     0 │
└───┴───────────────────┴────────────┴────────┴───────┴───────┘
Trainable params: 829 K                                                         
Non-trainable params: 0                                                         
Total params: 829 K                                                             
Total estimated model params size (MB): 3                                       
Modules in train mode: 139                                                      
Modules in eval mode: 0                                                         
Total FLOPs: 0                                                                  
21:45:07.099 | WARNING (701236, stable_pretraining.module) | You are calling self.parameters which also gives callbacks parameters, to remove then, pass `with_callbacks=False`
/home/lthil/thesis/le-wm/.venv/lib/python3.10/site-packages/lightning/pytorch/utilities/_pytree.py:21: `isinstance(treespec, LeafSpec)` is deprecated, use `isinstance(treespec, TreeSpec) and treespec.is_leaf()` instead.
/home/lthil/thesis/le-wm/.venv/lib/python3.10/site-packages/lightning/pytorch/utilities/data.py:79: Trying to infer the `batch_size` from an ambiguous collection. The batch size we found is 256. To avoid any miscalculations, use `self.log(..., batch_size=batch_size)`.
[2026-04-24 21:45:07,610][root][INFO] - [HIProbe] Epoch 0 (seq_len=32, obs_window=1): encoding ...
[2026-04-24 21:45:07,860][root][INFO] - [HIProbe] Embedding std — min=0.0001  mean=0.0043  max=0.0122
[2026-04-24 21:45:07,861][root][INFO] - [HIProbe] Training TransformerProbe (max 150 epochs, patience=20) ...
[2026-04-24 21:45:07,960][root][INFO] - [HIProbe] probe dataset: train=28,280 windows, test=26,700 windows  (seq_len=32)
[2026-04-24 21:45:46,864][root][INFO] - [HIProbe] Early stop at probe epoch 101 (best mean RMSE=0.00228)
[2026-04-24 21:45:46,915][root][INFO] - 
[HIProbe] Epoch 0 | seq_len=32 — results
[2026-04-24 21:45:46,915][root][INFO] - ──────────────────────────────────────────────────────────────────
[2026-04-24 21:45:46,915][root][INFO] -   Component                           R²        RMSE   Pearson-r
[2026-04-24 21:45:46,915][root][INFO] - ──────────────────────────────────────────────────────────────────
[2026-04-24 21:45:46,915][root][INFO] -   HI_0                            0.2422     0.00244      0.4955
[2026-04-24 21:45:46,915][root][INFO] -   HI_1                           -0.3989     0.00379      0.1873
[2026-04-24 21:45:46,915][root][INFO] -   HI_2                           -0.0424     0.00409      0.5161
[2026-04-24 21:45:46,915][root][INFO] -   HI_3                            0.6270     0.00254      0.8172
[2026-04-24 21:45:46,915][root][INFO] -   HI_4                           -0.0636     0.00302      0.2051
[2026-04-24 21:45:46,915][root][INFO] -   HI_5                           -0.6298     0.00170      0.0956
[2026-04-24 21:45:46,916][root][INFO] -   HI_6                           -0.1889     0.00101      0.0908
[2026-04-24 21:45:46,916][root][INFO] -   HI_7                           -0.3581     0.00118      0.0031
[2026-04-24 21:45:46,916][root][INFO] -   HI_8                           -0.2582     0.00137     -0.1490
[2026-04-24 21:45:46,916][root][INFO] -   HI_9                           -1.2614     0.00167      0.2656
[2026-04-24 21:45:46,916][root][INFO] - ──────────────────────────────────────────────────────────────────
[2026-04-24 21:45:46,916][root][INFO] -   MEAN                           -0.2332     0.00228      0.2527
[2026-04-24 21:45:46,916][root][INFO] - ──────────────────────────────────────────────────────────────────
[2026-04-24 21:45:46,916][root][INFO] - [HIProbe] Training Action-RUL probe (max_horizon=300) ...
[2026-04-24 21:45:47,014][root][INFO] - [HIProbe] Action-RUL probe dataset: train=28,280, test=26,700 windows
[2026-04-24 21:45:56,894][root][INFO] - [HIProbe] RUL early stop at probe epoch 26
[2026-04-24 21:45:56,930][root][INFO] - [HIProbe] Action-RUL evaluation: 26700/26700 (100.0%) uncensored test samples (tau < 300)
[2026-04-24 21:45:56,941][root][INFO] - [HIProbe] Action-RUL — RMSE=27.59 steps  MAE=22.25 steps  R2=-0.1524  Pearson=-0.0044
[2026-04-24 21:45:56,941][root][INFO] - [HIProbe] Appended to hi_probe_metrics.csv
[2026-04-24 21:45:56,942][root][INFO] - [HIProbe] Logged 38 metrics to wandb.
21:45:56.953 | INFO    (701236, stable_pretraining.callbacks.trainer_info) | \n+-----------------------------------+-----------------------+
|               Metric              |         Value         |
+-----------------------------------+-----------------------+
|    [0;34;40mhi_probe/sl32/HI_0/pearson_r[0m   |  [0;32;40m0.49548375606536865[0m  |
|       [0;34;40mhi_probe/sl32/HI_0/r2[0m       |   [0;32;40m0.2422248125076294[0m  |
|      [0;34;40mhi_probe/sl32/HI_0/rmse[0m      | [0;32;40m0.0024391014594584703[0m |
|    [0;34;40mhi_probe/sl32/HI_1/pearson_r[0m   |  [0;32;40m0.18726137280464172[0m  |
|       [0;34;40mhi_probe/sl32/HI_1/r2[0m       |  [0;32;40m-0.3989044427871704[0m  |
|      [0;34;40mhi_probe/sl32/HI_1/rmse[0m      | [0;32;40m0.0037937641609460115[0m |
|    [0;34;40mhi_probe/sl32/HI_2/pearson_r[0m   |   [0;32;40m0.5160900950431824[0m  |
|       [0;34;40mhi_probe/sl32/HI_2/r2[0m       |  [0;32;40m-0.04235804080963135[0m |
|      [0;34;40mhi_probe/sl32/HI_2/rmse[0m      |  [0;32;40m0.004085860680788755[0m |
|    [0;34;40mhi_probe/sl32/HI_3/pearson_r[0m   |   [0;32;40m0.8172330856323242[0m  |
|       [0;34;40mhi_probe/sl32/HI_3/r2[0m       |   [0;32;40m0.6269963979721069[0m  |
|      [0;34;40mhi_probe/sl32/HI_3/rmse[0m      | [0;32;40m0.0025426174979656935[0m |
|    [0;34;40mhi_probe/sl32/HI_4/pearson_r[0m   |   [0;32;40m0.2051214575767517[0m  |
|       [0;34;40mhi_probe/sl32/HI_4/r2[0m       |  [0;32;40m-0.06357705593109131[0m |
|      [0;34;40mhi_probe/sl32/HI_4/rmse[0m      | [0;32;40m0.0030157568398863077[0m |
|    [0;34;40mhi_probe/sl32/HI_5/pearson_r[0m   |  [0;32;40m0.09563709050416946[0m  |
|       [0;34;40mhi_probe/sl32/HI_5/r2[0m       |  [0;32;40m-0.6298015117645264[0m  |
|      [0;34;40mhi_probe/sl32/HI_5/rmse[0m      |  [0;32;40m0.001704613328911364[0m |
|    [0;34;40mhi_probe/sl32/HI_6/pearson_r[0m   |  [0;32;40m0.09076949208974838[0m  |
|       [0;34;40mhi_probe/sl32/HI_6/r2[0m       |  [0;32;40m-0.18886780738830566[0m |
|      [0;34;40mhi_probe/sl32/HI_6/rmse[0m      |  [0;32;40m0.001012698165141046[0m |
|    [0;34;40mhi_probe/sl32/HI_7/pearson_r[0m   | [0;32;40m0.0030894912779331207[0m |
|       [0;34;40mhi_probe/sl32/HI_7/r2[0m       |  [0;32;40m-0.35806286334991455[0m |
|      [0;34;40mhi_probe/sl32/HI_7/rmse[0m      | [0;32;40m0.0011760996421799064[0m |
|    [0;34;40mhi_probe/sl32/HI_8/pearson_r[0m   |  [0;32;40m-0.14902615547180176[0m |
|       [0;34;40mhi_probe/sl32/HI_8/r2[0m       |  [0;32;40m-0.2582296133041382[0m  |
|      [0;34;40mhi_probe/sl32/HI_8/rmse[0m      | [0;32;40m0.0013680453412234783[0m |
|    [0;34;40mhi_probe/sl32/HI_9/pearson_r[0m   |   [0;32;40m0.2656489908695221[0m  |
|       [0;34;40mhi_probe/sl32/HI_9/r2[0m       |  [0;32;40m-1.2613630294799805[0m  |
|      [0;34;40mhi_probe/sl32/HI_9/rmse[0m      |  [0;32;40m0.001665080082602799[0m |
|    [0;34;40mhi_probe/sl32/mean_pearson_r[0m   |   [0;32;40m0.2527308762073517[0m  |
|       [0;34;40mhi_probe/sl32/mean_r2[0m       |  [0;32;40m-0.23319432139396667[0m |
|      [0;34;40mhi_probe/sl32/mean_rmse[0m      | [0;32;40m0.0022803638130426407[0m |
| [0;34;40mhi_probe/sl32/rul/frac_uncensored[0m |          [0;32;40m1.0[0m          |
|       [0;34;40mhi_probe/sl32/rul/mae[0m       |   [0;32;40m22.250429153442383[0m  |
|    [0;34;40mhi_probe/sl32/rul/pearson_r[0m    | [0;32;40m-0.004437140189111233[0m |
|        [0;34;40mhi_probe/sl32/rul/r2[0m       |  [0;32;40m-0.15236663818359375[0m |
|       [0;34;40mhi_probe/sl32/rul/rmse[0m      |   [0;32;40m27.591371536254883[0m  |
|          [0;34;40mvalidate/ar_loss[0m         |  [0;32;40m0.13315604627132416[0m  |
|       [0;34;40mvalidate/ar_loss_epoch[0m      |  [0;32;40m0.13315604627132416[0m  |
|           [0;34;40mvalidate/loss[0m           |   [0;32;40m16.96206283569336[0m   |
|        [0;34;40mvalidate/loss_epoch[0m        |   [0;32;40m16.96206283569336[0m   |
|         [0;34;40mvalidate/pred_loss[0m        |  [0;32;40m0.21206292510032654[0m  |
|      [0;34;40mvalidate/pred_loss_epoch[0m     |  [0;32;40m0.21206292510032654[0m  |
|        [0;34;40mvalidate/sigreg_loss[0m       |         [0;32;40m111.5[0m         |
|     [0;34;40mvalidate/sigreg_loss_epoch[0m    |         [0;32;40m111.5[0m         |
+-----------------------------------+-----------------------+
21:45:56.954 | INFO    (701236, stable_pretraining.callbacks.cpu_offload) | CPUOffloadCallback: Training started
21:45:56.954 | WARNING (701236, stable_pretraining.module) | You are calling self.parameters which also gives callbacks parameters, to remove then, pass `with_callbacks=False`
21:45:56.954 | WARNING (701236, stable_pretraining.module) | You are calling self.parameters which also gives callbacks parameters, to remove then, pass `with_callbacks=False`
21:45:56.955 | INFO    (701236, stable_pretraining.callbacks.cpu_offload) | Model statistics:
21:45:56.955 | INFO    (701236, stable_pretraining.callbacks.cpu_offload) |   - Total parameters: 829,396
21:45:56.955 | INFO    (701236, stable_pretraining.callbacks.cpu_offload) |   - Trainable parameters: 829,396
21:45:56.955 | INFO    (701236, stable_pretraining.callbacks.cpu_offload) |   - Model size (bf16): ~0.00 GB
21:45:56.955 | INFO    (701236, stable_pretraining.callbacks.cpu_offload) |   - Estimated checkpoint size (with optimizer): ~0.00 GB
21:45:56.955 | INFO    (701236, stable_pretraining.module) | Double checking optimizers!
21:45:56.955 | INFO    (701236, stable_pretraining.module) | `self.optimizers() gave us 1 optimizers
21:45:56.955 | WARNING (701236, stable_pretraining.module) | No clip val found for optimizer default_0
21:45:56.955 | WARNING (701236, stable_pretraining.module) | -> we will use the Trainer's value of 0.3
21:45:56.955 | WARNING (701236, stable_pretraining.module) | No clip algorithm found for optimizer default_0
21:45:56.955 | WARNING (701236, stable_pretraining.module) | -> we will use the Trainer's value of None
21:45:56.955 | SUCCESS (701236, stable_pretraining.module) | We are done checking your optimizers! Here is the summary:
+------------+-----------+----------------+-----------+-----------+
| Opt. Index | Opt. name |      opt       | clip val. | clip alg. |
+------------+-----------+----------------+-----------+-----------+
|     0      | default_0 | LightningAdamW |    0.3    |    None   |
+------------+-----------+----------------+-----------+-----------+
21:45:56.956 | WARNING (701236, stable_pretraining.module) | You are calling self.parameters which also gives callbacks parameters, to remove then, pass `with_callbacks=False`
21:45:56.956 | INFO    (701236, stable_pretraining.callbacks.unused_parameters) | [LogUnusedParametersOnce] Registered hooks on 102 leaf parameters.
21:45:57.039 | WARNING (701236, stable_pretraining.module) | You are calling self.parameters which also gives callbacks parameters, to remove then, pass `with_callbacks=False`
21:45:57.040 | INFO    (701236, stable_pretraining.callbacks.unused_parameters) | [LogUnusedParametersOnce] All tracked parameters received gradients on the first backward pass.
21:45:57.040 | INFO    (701236, stable_pretraining.callbacks.unused_parameters) | [LogUnusedParametersOnce] Hooks removed, callback disabled.
22:33:06.020 | WARNING (701236, stable_pretraining.module) | You are calling self.parameters which also gives callbacks parameters, to remove then, pass `with_callbacks=False`
/home/lthil/thesis/le-wm/.venv/lib/python3.10/site-packages/lightning/pytorch/utilities/data.py:79: Trying to infer the `batch_size` from an ambiguous collection. The batch size we found is 201. To avoid any miscalculations, use `self.log(..., batch_size=batch_size)`.
[2026-04-24 22:34:35,200][root][INFO] - [HIProbe] Epoch 0 (seq_len=32, obs_window=1): encoding ...
[2026-04-24 22:34:35,415][root][INFO] - [HIProbe] Embedding std — min=0.5257  mean=1.0244  max=1.8733
[2026-04-24 22:34:35,425][root][INFO] - [HIProbe] Training TransformerProbe (max 150 epochs, patience=20) ...
[2026-04-24 22:34:35,521][root][INFO] - [HIProbe] probe dataset: train=28,280 windows, test=26,700 windows  (seq_len=32)
[2026-04-24 22:34:46,985][root][INFO] - [HIProbe] Early stop at probe epoch 30 (best mean RMSE=0.00276)
[2026-04-24 22:34:47,031][root][INFO] - 
[HIProbe] Epoch 0 | seq_len=32 — results
[2026-04-24 22:34:47,031][root][INFO] - ──────────────────────────────────────────────────────────────────
[2026-04-24 22:34:47,031][root][INFO] -   Component                           R²        RMSE   Pearson-r
[2026-04-24 22:34:47,031][root][INFO] - ──────────────────────────────────────────────────────────────────
[2026-04-24 22:34:47,031][root][INFO] -   HI_0                           -0.1056     0.00295     -0.0760
[2026-04-24 22:34:47,031][root][INFO] -   HI_1                           -0.6081     0.00407      0.4174
[2026-04-24 22:34:47,031][root][INFO] -   HI_2                           -0.9937     0.00565     -0.1839
[2026-04-24 22:34:47,032][root][INFO] -   HI_3                           -0.0832     0.00433      0.3576
[2026-04-24 22:34:47,032][root][INFO] -   HI_4                            0.0281     0.00288      0.7390
[2026-04-24 22:34:47,032][root][INFO] -   HI_5                           -2.4742     0.00249      0.3908
[2026-04-24 22:34:47,032][root][INFO] -   HI_6                           -0.1605     0.00100      0.1185
[2026-04-24 22:34:47,032][root][INFO] -   HI_7                           -0.7185     0.00132     -0.0759
[2026-04-24 22:34:47,032][root][INFO] -   HI_8                            0.2009     0.00109      0.4762
[2026-04-24 22:34:47,032][root][INFO] -   HI_9                           -1.7000     0.00182     -0.1077
[2026-04-24 22:34:47,032][root][INFO] - ──────────────────────────────────────────────────────────────────
[2026-04-24 22:34:47,032][root][INFO] -   MEAN                           -0.6615     0.00276      0.2056
[2026-04-24 22:34:47,032][root][INFO] - ──────────────────────────────────────────────────────────────────
[2026-04-24 22:34:47,032][root][INFO] - [HIProbe] Training Action-RUL probe (max_horizon=300) ...
[2026-04-24 22:34:47,126][root][INFO] - [HIProbe] Action-RUL probe dataset: train=28,280, test=26,700 windows
[2026-04-24 22:34:55,486][root][INFO] - [HIProbe] RUL early stop at probe epoch 22
[2026-04-24 22:34:55,523][root][INFO] - [HIProbe] Action-RUL evaluation: 26700/26700 (100.0%) uncensored test samples (tau < 300)
[2026-04-24 22:34:55,529][root][INFO] - [HIProbe] Action-RUL — RMSE=27.36 steps  MAE=22.12 steps  R2=-0.1330  Pearson=0.0233
[2026-04-24 22:34:55,530][root][INFO] - [HIProbe] Appended to hi_probe_metrics.csv
[2026-04-24 22:34:55,530][root][INFO] - [HIProbe] Logged 38 metrics to wandb.
22:34:55.538 | INFO    (701236, stable_pretraining.callbacks.trainer_info) | \n+-----------------------------------+-----------------------+
|               Metric              |         Value         |
+-----------------------------------+-----------------------+
|            [0;34;40mfit/ar_loss[0m            |  [0;32;40m0.25878196954727173[0m  |
|              [0;34;40mfit/loss[0m             |   [0;32;40m1.0907506942749023[0m  |
|           [0;34;40mfit/pred_loss[0m           |  [0;32;40m0.46575072407722473[0m  |
|          [0;34;40mfit/sigreg_loss[0m          |        [0;32;40m4.15625[0m        |
|    [0;34;40mhi_probe/sl32/HI_0/pearson_r[0m   |  [0;32;40m-0.07603411376476288[0m |
|       [0;34;40mhi_probe/sl32/HI_0/r2[0m       |  [0;32;40m-0.10558021068572998[0m |
|      [0;34;40mhi_probe/sl32/HI_0/rmse[0m      |  [0;32;40m0.002946149790659547[0m |
|    [0;34;40mhi_probe/sl32/HI_1/pearson_r[0m   |   [0;32;40m0.4174419939517975[0m  |
|       [0;34;40mhi_probe/sl32/HI_1/r2[0m       |  [0;32;40m-0.6080647706985474[0m  |
|      [0;34;40mhi_probe/sl32/HI_1/rmse[0m      |  [0;32;40m0.004067505244165659[0m |
|    [0;34;40mhi_probe/sl32/HI_2/pearson_r[0m   |  [0;32;40m-0.18387798964977264[0m |
|       [0;34;40mhi_probe/sl32/HI_2/r2[0m       |  [0;32;40m-0.9937008619308472[0m  |
|      [0;34;40mhi_probe/sl32/HI_2/rmse[0m      |  [0;32;40m0.005650737322866917[0m |
|    [0;34;40mhi_probe/sl32/HI_3/pearson_r[0m   |  [0;32;40m0.35763341188430786[0m  |
|       [0;34;40mhi_probe/sl32/HI_3/r2[0m       |  [0;32;40m-0.08317410945892334[0m |
|      [0;34;40mhi_probe/sl32/HI_3/rmse[0m      |  [0;32;40m0.004332849755883217[0m |
|    [0;34;40mhi_probe/sl32/HI_4/pearson_r[0m   |   [0;32;40m0.7390123009681702[0m  |
|       [0;34;40mhi_probe/sl32/HI_4/r2[0m       |  [0;32;40m0.028097689151763916[0m |
|      [0;34;40mhi_probe/sl32/HI_4/rmse[0m      | [0;32;40m0.0028828573413193226[0m |
|    [0;34;40mhi_probe/sl32/HI_5/pearson_r[0m   |  [0;32;40m0.39080604910850525[0m  |
|       [0;34;40mhi_probe/sl32/HI_5/r2[0m       |  [0;32;40m-2.4742422103881836[0m  |
|      [0;34;40mhi_probe/sl32/HI_5/rmse[0m      |  [0;32;40m0.002488791709765792[0m |
|    [0;34;40mhi_probe/sl32/HI_6/pearson_r[0m   |  [0;32;40m0.11852869391441345[0m  |
|       [0;34;40mhi_probe/sl32/HI_6/r2[0m       |  [0;32;40m-0.16045939922332764[0m |
|      [0;34;40mhi_probe/sl32/HI_6/rmse[0m      |  [0;32;40m0.001000525546260178[0m |
|    [0;34;40mhi_probe/sl32/HI_7/pearson_r[0m   |  [0;32;40m-0.07589556276798248[0m |
|       [0;34;40mhi_probe/sl32/HI_7/r2[0m       |  [0;32;40m-0.7185057401657104[0m  |
|      [0;34;40mhi_probe/sl32/HI_7/rmse[0m      | [0;32;40m0.0013229994801804423[0m |
|    [0;34;40mhi_probe/sl32/HI_8/pearson_r[0m   |  [0;32;40m0.47617068886756897[0m  |
|       [0;34;40mhi_probe/sl32/HI_8/r2[0m       |  [0;32;40m0.20093518495559692[0m  |
|      [0;34;40mhi_probe/sl32/HI_8/rmse[0m      | [0;32;40m0.0010902134235948324[0m |
|    [0;34;40mhi_probe/sl32/HI_9/pearson_r[0m   |  [0;32;40m-0.10769212990999222[0m |
|       [0;34;40mhi_probe/sl32/HI_9/r2[0m       |  [0;32;40m-1.7000305652618408[0m  |
|      [0;34;40mhi_probe/sl32/HI_9/rmse[0m      | [0;32;40m0.0018194257281720638[0m |
|    [0;34;40mhi_probe/sl32/mean_pearson_r[0m   |  [0;32;40m0.20560933649539948[0m  |
|       [0;34;40mhi_probe/sl32/mean_r2[0m       |   [0;32;40m-0.661472499370575[0m  |
|      [0;34;40mhi_probe/sl32/mean_rmse[0m      | [0;32;40m0.0027602054178714752[0m |
| [0;34;40mhi_probe/sl32/rul/frac_uncensored[0m |          [0;32;40m1.0[0m          |
|       [0;34;40mhi_probe/sl32/rul/mae[0m       |   [0;32;40m22.118879318237305[0m  |
|    [0;34;40mhi_probe/sl32/rul/pearson_r[0m    |  [0;32;40m0.023328406736254692[0m |
|        [0;34;40mhi_probe/sl32/rul/r2[0m       |  [0;32;40m-0.13299143314361572[0m |
|       [0;34;40mhi_probe/sl32/rul/rmse[0m      |   [0;32;40m27.358436584472656[0m  |
|          [0;34;40mvalidate/ar_loss[0m         |   [0;32;40m0.3799196183681488[0m  |
|       [0;34;40mvalidate/ar_loss_epoch[0m      |   [0;32;40m0.3799196183681488[0m  |
|           [0;34;40mvalidate/loss[0m           |   [0;32;40m2.8152692317962646[0m  |
|        [0;34;40mvalidate/loss_epoch[0m        |   [0;32;40m2.8152692317962646[0m  |
|         [0;34;40mvalidate/pred_loss[0m        |   [0;32;40m0.6452252268791199[0m  |
|      [0;34;40mvalidate/pred_loss_epoch[0m     |   [0;32;40m0.6452252268791199[0m  |
|        [0;34;40mvalidate/sigreg_loss[0m       |   [0;32;40m14.466887474060059[0m  |
|     [0;34;40mvalidate/sigreg_loss_epoch[0m    |   [0;32;40m14.466887474060059[0m  |
+-----------------------------------+-----------------------+
22:34:55.563 | INFO    (701236, stable_pretraining.callbacks.checkpoint_sklearn) | Checking for non PyTorch modules to save... 🔧
22:34:55.563 | INFO    (701236, stable_pretraining.callbacks.checkpoint_sklearn) | Checking for Wandb params to save... 🔧
22:34:55.563 | INFO    (701236, stable_pretraining.callbacks.checkpoint_sklearn) | Saving Wandb params {'id': 'ms6lfxtk'}
22:34:55.563 | INFO    (701236, stable_pretraining.callbacks.checkpoint_sklearn) | Checking for Wandb params to save... Done!
22:34:55.564 | INFO    (701236, stable_pretraining.callbacks.cpu_offload) | ============================================================
22:34:55.564 | INFO    (701236, stable_pretraining.callbacks.cpu_offload) | CPUOffloadCallback: Starting checkpoint CPU offload (#1)
22:34:55.564 | INFO    (701236, stable_pretraining.callbacks.cpu_offload) |   - Global step: 12293
22:34:55.564 | INFO    (701236, stable_pretraining.callbacks.cpu_offload) |   - Epoch: 0
22:34:55.564 | INFO    (701236, stable_pretraining.callbacks.cpu_offload) | Checkpoint contains 11 keys: ['callbacks', 'epoch', 'global_step', 'hparams_name', 'hyper_parameters', 'loops', 'lr_schedulers', 'optimizer_states', 'pytorch-lightning_version', 'state_dict', 'wandb']
22:34:55.564 | INFO    (701236, stable_pretraining.callbacks.cpu_offload) | GPU memory before offload:
22:34:55.564 | INFO    (701236, stable_pretraining.callbacks.cpu_offload) |   - Allocated: 0.03 GB
22:34:55.564 | INFO    (701236, stable_pretraining.callbacks.cpu_offload) |   - Reserved: 13.91 GB
22:34:55.564 | INFO    (701236, stable_pretraining.callbacks.cpu_offload) | Processing checkpoint key: 'state_dict'
22:34:55.565 | SUCCESS (701236, stable_pretraining.callbacks.cpu_offload) | ✓ Completed 'state_dict' in 0.00s
22:34:55.565 | INFO    (701236, stable_pretraining.callbacks.cpu_offload) | Processing checkpoint key: 'optimizer_states'
22:34:55.568 | SUCCESS (701236, stable_pretraining.callbacks.cpu_offload) | ✓ Completed 'optimizer_states' in 0.00s
22:34:55.568 | INFO    (701236, stable_pretraining.callbacks.cpu_offload) | Processing checkpoint key: 'lr_schedulers'
22:34:55.568 | SUCCESS (701236, stable_pretraining.callbacks.cpu_offload) | ✓ Completed 'lr_schedulers' in 0.00s
22:34:55.568 | WARNING (701236, stable_pretraining.callbacks.cpu_offload) | Skipped 125 custom object(s)
22:34:55.568 | WARNING (701236, stable_pretraining.callbacks.cpu_offload) | First 10 skipped objects:
22:34:55.568 | WARNING (701236, stable_pretraining.callbacks.cpu_offload) |   - float at 'optimizer_states[0].param_groups[0].lr'
22:34:55.568 | WARNING (701236, stable_pretraining.callbacks.cpu_offload) |   - float at 'optimizer_states[0].param_groups[0].betas[0]'
22:34:55.568 | WARNING (701236, stable_pretraining.callbacks.cpu_offload) |   - float at 'optimizer_states[0].param_groups[0].betas[1]'
22:34:55.568 | WARNING (701236, stable_pretraining.callbacks.cpu_offload) |   - float at 'optimizer_states[0].param_groups[0].eps'
22:34:55.568 | WARNING (701236, stable_pretraining.callbacks.cpu_offload) |   - float at 'optimizer_states[0].param_groups[0].weight_decay'
22:34:55.568 | WARNING (701236, stable_pretraining.callbacks.cpu_offload) |   - bool at 'optimizer_states[0].param_groups[0].amsgrad'
22:34:55.568 | WARNING (701236, stable_pretraining.callbacks.cpu_offload) |   - bool at 'optimizer_states[0].param_groups[0].maximize'
22:34:55.568 | WARNING (701236, stable_pretraining.callbacks.cpu_offload) |   - NoneType at 'optimizer_states[0].param_groups[0].foreach'
22:34:55.568 | WARNING (701236, stable_pretraining.callbacks.cpu_offload) |   - bool at 'optimizer_states[0].param_groups[0].capturable'
22:34:55.568 | WARNING (701236, stable_pretraining.callbacks.cpu_offload) |   - bool at 'optimizer_states[0].param_groups[0].differentiable'
22:34:55.568 | WARNING (701236, stable_pretraining.callbacks.cpu_offload) | ... (105 more skipped) ...
22:34:55.568 | WARNING (701236, stable_pretraining.callbacks.cpu_offload) | Last 10 skipped objects:
22:34:55.568 | WARNING (701236, stable_pretraining.callbacks.cpu_offload) |   - int at 'lr_schedulers[0].warmup_steps'
22:34:55.568 | WARNING (701236, stable_pretraining.callbacks.cpu_offload) |   - int at 'lr_schedulers[0].max_steps'
22:34:55.568 | WARNING (701236, stable_pretraining.callbacks.cpu_offload) |   - float at 'lr_schedulers[0].warmup_start_lr'
22:34:55.568 | WARNING (701236, stable_pretraining.callbacks.cpu_offload) |   - float at 'lr_schedulers[0].eta_min'
22:34:55.568 | WARNING (701236, stable_pretraining.callbacks.cpu_offload) |   - float at 'lr_schedulers[0].base_lrs[0]'
22:34:55.568 | WARNING (701236, stable_pretraining.callbacks.cpu_offload) |   - int at 'lr_schedulers[0].last_epoch'
22:34:55.569 | WARNING (701236, stable_pretraining.callbacks.cpu_offload) |   - int at 'lr_schedulers[0]._step_count'
22:34:55.569 | WARNING (701236, stable_pretraining.callbacks.cpu_offload) |   - bool at 'lr_schedulers[0]._is_initial'
22:34:55.569 | WARNING (701236, stable_pretraining.callbacks.cpu_offload) |   - bool at 'lr_schedulers[0]._get_lr_called_within_step'
22:34:55.569 | WARNING (701236, stable_pretraining.callbacks.cpu_offload) |   - float at 'lr_schedulers[0]._last_lr[0]'
22:34:55.569 | INFO    (701236, stable_pretraining.callbacks.cpu_offload) | To see all 125 skipped objects, set log_skipped=True
22:34:55.569 | INFO    (701236, stable_pretraining.callbacks.cpu_offload) | GPU memory after offload:
22:34:55.569 | INFO    (701236, stable_pretraining.callbacks.cpu_offload) |   - Allocated: 0.03 GB
22:34:55.569 | INFO    (701236, stable_pretraining.callbacks.cpu_offload) |   - Reserved: 13.91 GB
22:34:55.569 | INFO    (701236, stable_pretraining.callbacks.cpu_offload) | GPU memory freed: 0.00 GB
22:34:55.569 | SUCCESS (701236, stable_pretraining.callbacks.cpu_offload) | CPUOffloadCallback: Checkpoint #1 completed in 0.01s
22:34:55.569 | INFO    (701236, stable_pretraining.callbacks.cpu_offload) | Successfully processed keys: ['state_dict', 'optimizer_states', 'lr_schedulers']
22:34:55.569 | INFO    (701236, stable_pretraining.callbacks.cpu_offload) | Cumulative stats:
22:34:55.569 | INFO    (701236, stable_pretraining.callbacks.cpu_offload) |   - Total checkpoints saved: 1
22:34:55.569 | INFO    (701236, stable_pretraining.callbacks.cpu_offload) |   - Total time in offload: 0.01s
22:34:55.569 | INFO    (701236, stable_pretraining.callbacks.cpu_offload) |   - Total memory freed: 0.00 GB
22:34:55.569 | INFO    (701236, stable_pretraining.callbacks.cpu_offload) |   - Average time per checkpoint: 0.01s
22:34:55.569 | INFO    (701236, stable_pretraining.callbacks.cpu_offload) | ============================================================
`Trainer.fit` stopped: `max_epochs=1` reached.
22:34:55.581 | INFO    (701236, stable_pretraining.callbacks.cpu_offload) | ============================================================
22:34:55.581 | INFO    (701236, stable_pretraining.callbacks.cpu_offload) | CPUOffloadCallback: Training completed
22:34:55.581 | INFO    (701236, stable_pretraining.callbacks.cpu_offload) | Final statistics:
22:34:55.581 | INFO    (701236, stable_pretraining.callbacks.cpu_offload) |   - Total checkpoints saved: 1
22:34:55.581 | INFO    (701236, stable_pretraining.callbacks.cpu_offload) |   - Total time in offload: 0.01s
22:34:55.581 | INFO    (701236, stable_pretraining.callbacks.cpu_offload) |   - Total GPU memory freed: 0.00 GB
22:34:55.581 | INFO    (701236, stable_pretraining.callbacks.cpu_offload) |   - Average time per checkpoint: 0.01s
22:34:55.581 | INFO    (701236, stable_pretraining.callbacks.cpu_offload) |   - Average memory freed per checkpoint: 0.00 GB
22:34:55.581 | SUCCESS (701236, stable_pretraining.callbacks.cpu_offload) | CPUOffloadCallback: All checkpoints saved successfully
22:34:55.581 | INFO    (701236, stable_pretraining.callbacks.cpu_offload) | ============================================================
22:34:55.761 | SUCCESS (701236, stable_pretraining.callbacks.env_info) |   ✓ NVIDIA Driver: 580.126.09
22:34:55.768 | SUCCESS (701236, stable_pretraining.callbacks.env_info) |   ✓ Git: feature/option-b-sensor-native @ f8bf4503
22:34:55.768 | INFO    (701236, stable_pretraining.callbacks.env_info) |      Remote: git@github.com:LucasStill/le-wm.git
22:34:55.768 | WARNING (701236, stable_pretraining.callbacks.env_info) |      ⚠️  Working directory has uncommitted changes!
22:34:55.768 | SUCCESS (701236, stable_pretraining.callbacks.env_info) |   ✓ Environment: 3 relevant variables captured
22:34:55.769 | INFO    (701236, stable_pretraining.callbacks.env_info) | 🔄 Serializing environment data...
22:34:55.769 | INFO    (701236, stable_pretraining.callbacks.env_info) | 📋 File exists, using version 10: environment_v10.json
22:34:55.769 | INFO    (701236, stable_pretraining.callbacks.env_info) | 📋 File exists, using version 10: requirements_frozen_v10.txt
22:34:55.770 | INFO    (701236, stable_pretraining.callbacks.env_info) | 📁 Save directory: /home/lthil/thesis/le-wm
22:34:55.770 | INFO    (701236, stable_pretraining.callbacks.env_info) | 💾 Writing environment to temp file...
22:34:55.770 | INFO    (701236, stable_pretraining.callbacks.env_info) | 💾 Moving to: environment_v10.json
22:34:55.770 | SUCCESS (701236, stable_pretraining.callbacks.env_info) | ✓ Environment file saved (2.2 KB)
22:34:55.770 | SUCCESS (701236, stable_pretraining.callbacks.env_info) | ✓ Requirements file saved (0.1 KB)
Epoch 0/0  ━━━━━━━━━━━━━━━━━━ 24586/24586 0:47:09 • 0:00:00 8.66it/s v_num: fxtk
22:34:55.886 | INFO    (701236, stable_pretraining.callbacks.cpu_offload) | CPUOffloadCallback: Teardown called for stage 'fit'
[1;34mwandb[0m: 
[1;34mwandb[0m: You can sync this run to the cloud by running:
[1;34mwandb[0m: [1mwandb sync wandb/offline-run-20260424_214501-ms6lfxtk[0m
========================================
Training complete.
========================================
[2026-04-24T22:34:57Z] OK E2_probe finished cleanly
[2026-04-24T22:34:57Z] E2 probe OK — launching 10-epoch E2 training
[2026-04-24T22:34:57Z] ==== START E2  H=32 S=1 P=4 bs=256 accum=2 epochs=10 ====
========================================
Host     : dragon
GPU      : GPU 0: NVIDIA GeForce RTX 5090 (UUID: GPU-85afedf9-1f8b-84b5-334a-931815cde3dc)
Dir      : /home/lthil/thesis/le-wm
STABLEWM : /home/lthil/.stable_worldmodel
========================================
Run name : lewm_s4_sensor_w1_H32_S1_P4
Config   : w=1 H=32 s=1 P=4 bs=256
========================================
[2026-04-24 22:34:59,970][root][INFO] - Cached 'action' from '/home/lthil/.stable_worldmodel/scenario4_train_lewm.h5'
[2026-04-24 22:35:04,970][root][INFO] - Cached 'pixels' from '/home/lthil/.stable_worldmodel/scenario4_train_lewm.h5'
/home/lthil/thesis/le-wm/jepa.py:65: UserWarning: enable_nested_tensor is True, but self.use_nested_tensor is False because encoder_layer.norm_first was True
  self.transformer = nn.TransformerEncoder(encoder_layer, num_layers=num_layers)
[2026-04-24 22:35:05,438][root][INFO] - [Encoder] SensorEncoder — n_sensors=176, d_model=64
[2026-04-24 22:35:05,442][root][INFO] - [HIProbe] Config found: True, enabled: True
[2026-04-24 22:35:05,442][root][INFO] - [HIProbe] data_path = /home/lthil/.stable_worldmodel/scenario4_train_lewm.h5
[2026-04-24 22:35:05,442][root][INFO] - [HIProbe] ✓ Registered — evaluating every 5 epochs
22:35:05.442 | INFO    (702499, stable_pretraining.data.module) | Setting up DataModule
22:35:05.442 | INFO    (702499, stable_pretraining.module) | Initializing Module configuration...
22:35:05.442 | WARNING (702499, stable_pretraining.module) | No hyperparameters provided - hyperparameter logging is disabled.
22:35:05.443 | INFO    (702499, stable_pretraining.module) | Setting custom forward method.
22:35:05.443 | INFO    (702499, stable_pretraining.module) | Setting attribute: self.model = <class 'jepa.JEPA'>
22:35:05.443 | INFO    (702499, stable_pretraining.module) | Setting attribute: self.sigreg = <class 'module.SIGReg'>
22:35:05.443 | INFO    (702499, stable_pretraining.module) | Setting attribute: self.optim = <class 'dict'>
22:35:05.443 | INFO    (702499, stable_pretraining.module) | No metrics configuration provided - automatic metric tracking is disabled.
wandb: WARNING The anonymous setting has no effect and will be removed in a future version.
wandb: WARNING `resume` will be ignored since W&B syncing is set to `offline`. Starting a new run with run id oz81yajr.
wandb: Tracking run with wandb version 0.26.1
wandb: W&B syncing is set to `offline` in this directory. Run `wandb online` or set WANDB_MODE=online to enable cloud syncing.
wandb: Run data is saved locally in wandb/offline-run-20260424_223505-oz81yajr
Using bfloat16 Automatic Mixed Precision (AMP)
22:35:05.858 | INFO    (702499, stable_pretraining.callbacks.env_info) | EnvironmentDumpCallback initialized (filename=environment.json, async=True)
22:35:05.858 | INFO    (702499, stable_pretraining.callbacks.cpu_offload) | ============================================================
22:35:05.858 | INFO    (702499, stable_pretraining.callbacks.cpu_offload) | Initializing CPUOffloadCallback
22:35:05.858 | INFO    (702499, stable_pretraining.callbacks.cpu_offload) | Configuration:
22:35:05.859 | INFO    (702499, stable_pretraining.callbacks.cpu_offload) |   - Offload keys: ['state_dict', 'optimizer_states', 'lr_schedulers']
22:35:05.859 | INFO    (702499, stable_pretraining.callbacks.cpu_offload) |   - Log all skipped objects: False
22:35:05.859 | INFO    (702499, stable_pretraining.callbacks.cpu_offload) |   - Will show first/last 10 skipped objects only
22:35:05.859 | SUCCESS (702499, stable_pretraining.callbacks.cpu_offload) | ✓ CUDA available: 1 GPU(s) detected
22:35:05.978 | INFO    (702499, stable_pretraining.callbacks.cpu_offload) |   - GPU 0: NVIDIA GeForce RTX 5090 (33.7 GB)
22:35:05.979 | SUCCESS (702499, stable_pretraining.callbacks.cpu_offload) | CPUOffloadCallback initialized successfully
22:35:05.979 | INFO    (702499, stable_pretraining.callbacks.cpu_offload) | ============================================================
Adding 10 callbacks from entry point 'stablepretraining_callbacks': ModuleRegistryCallback, LoggingCallback, EnvironmentDumpCallback, TrainerInfo, SklearnCheckpoint, WandbCheckpoint, ModuleSummary, SLURMInfo, LogUnusedParametersOnce, CPUOffloadCallback
GPU available: True (cuda), used: True
TPU available: False, using: 0 TPU cores
💡 Tip: For seamless cloud logging and experiment tracking, try installing [litlogger](https://pypi.org/project/litlogger/) to enable LitLogger, which logs metrics and artifacts automatically to the Lightning Experiments platform.
Seed set to 3072
💡 Tip: For seamless cloud uploads and versioning, try installing [litmodels](https://pypi.org/project/litmodels/) to enable LitModelCheckpoint, which syncs automatically with the Lightning model registry.
You are using a CUDA device ('NVIDIA GeForce RTX 5090') that has Tensor Cores. To properly utilize them, you should set `torch.set_float32_matmul_precision('medium' | 'high')` which will trade-off precision for performance. For more details, read https://pytorch.org/docs/stable/generated/torch.set_float32_matmul_precision.html#torch.set_float32_matmul_precision
22:35:06.052 | INFO    (702499, stable_pretraining.data.module) | dataset for fit loaded!  ✅
22:35:06.052 | INFO    (702499, stable_pretraining.data.module) | 	● setup was done by user
[2026-04-24 22:35:06,052][root][INFO] - [HIProbe] Loading dataset from /home/lthil/.stable_worldmodel/scenario4_train_lewm.h5  (seq_len=32, obs_window=1)
[2026-04-24 22:35:10,951][root][INFO] - [HIProbe] Loading observations from key 'pixels' (encoder_type=sensor, shape=(7010872, 176))
[2026-04-24 22:35:11,102][root][INFO] - [HIProbe] Action-RUL: 80251 maintenance events found (max_horizon=300)
[2026-04-24 22:35:11,107][root][INFO] - [HIProbe] CSV → hi_probe_metrics.csv
[2026-04-24 22:35:11,107][root][INFO] - [HIProbe] 28,342 train / 26,762 test timesteps  (500 episodes, 10 HI dims)
22:35:11.207 | INFO    (702499, stable_pretraining.callbacks.env_info) | ======================================================================
22:35:11.207 | INFO    (702499, stable_pretraining.callbacks.env_info) | 🔍 Starting environment configuration dump...
22:35:11.208 | INFO    (702499, stable_pretraining.callbacks.env_info) | ======================================================================
22:35:11.208 | INFO    (702499, stable_pretraining.callbacks.env_info) | EnvironmentDumpCallback  log_dir=PosixPath('/home/lthil/thesis/le-wm')
22:35:11.208 | INFO    (702499, stable_pretraining.callbacks.env_info) | ⚡ Running environment dump in background thread (non-blocking)
22:35:11.208 | INFO    (702499, stable_pretraining.callbacks.env_info) | 📁 Log directory: /home/lthil/thesis/le-wm
22:35:11.208 | INFO    (702499, stable_pretraining.callbacks.env_info) | 📊 Collecting environment information...
22:35:11.208 | SUCCESS (702499, stable_pretraining.callbacks.env_info) | ✓ Background thread started successfully
22:35:11.208 | SUCCESS (702499, stable_pretraining.callbacks.env_info) |   ✓ Python 3.10.20
22:35:11.209 | INFO    (702499, stable_pretraining.callbacks.trainer_info) | 	 linking trainer to DataModule! 🔧
22:35:11.209 | SUCCESS (702499, stable_pretraining.callbacks.env_info) |   ✓ System: Linux 6.8.0-106-generic (x86_64)
22:35:11.209 | INFO    (702499, stable_pretraining.callbacks.checkpoint_sklearn) | Setting up SklearnCheckpoint callback!
22:35:11.209 | INFO    (702499, stable_pretraining.callbacks.env_info) |      Hostname: dragon
22:35:11.210 | INFO    (702499, stable_pretraining.callbacks.checkpoint_sklearn) | Sklearn Modules:
22:35:11.211 | INFO    (702499, stable_pretraining.callbacks.checkpoint_sklearn) | 
┏━━━━━━━━━━┳━━━━━━━━┳━━━━━━━━┓
┃ Module   ┃ Name   ┃ Type   ┃
┣━━━━━━━━━━╋━━━━━━━━╋━━━━━━━━┫
┗━━━━━━━━━━┻━━━━━━━━┻━━━━━━━━┛
22:35:11.211 | INFO    (702499, stable_pretraining.callbacks.checkpoint_sklearn) | Setting up WandbCheckpoint callback!
22:35:11.211 | INFO    (702499, stable_pretraining.callbacks.trainer_info) | PyTorch Modules:
22:35:11.211 | WARNING (702499, stable_pretraining.module) | You are calling self.parameters which also gives callbacks parameters, to remove then, pass `with_callbacks=False`
22:35:11.215 | INFO    (702499, stable_pretraining.callbacks.trainer_info) | \n+---------------------------------------------------------+----------------------+--------------------------+--------------------------+---------+
| Module                                                  | Trainable parameters | Non Trainable parameters | Uninitialized parameters | Buffers |
+---------------------------------------------------------+----------------------+--------------------------+--------------------------+---------+
|                                                         |               829396 |                        0 |                        0 |    1077 |
| callbacks_modules                                       |                    0 |                        0 |                        0 |       0 |
| callbacks_metrics                                       |                    0 |                        0 |                        0 |       0 |
| model                                                   |               829396 |                        0 |                        0 |    1026 |
| model.encoder                                           |               113024 |                        0 |                        0 |       0 |
| model.encoder.value_proj                                |                  128 |                        0 |                        0 |       0 |
| model.encoder.transformer                               |                99968 |                        0 |                        0 |       0 |
| model.encoder.transformer.layers                        |                99968 |                        0 |                        0 |       0 |
| model.encoder.transformer.layers.0                      |                49984 |                        0 |                        0 |       0 |
| model.encoder.transformer.layers.0.self_attn            |                16640 |                        0 |                        0 |       0 |
| model.encoder.transformer.layers.0.self_attn.out_proj   |                 4160 |                        0 |                        0 |       0 |
| model.encoder.transformer.layers.0.linear1              |                16640 |                        0 |                        0 |       0 |
| model.encoder.transformer.layers.0.dropout              |                    0 |                        0 |                        0 |       0 |
| model.encoder.transformer.layers.0.linear2              |                16448 |                        0 |                        0 |       0 |
| model.encoder.transformer.layers.0.norm1                |                  128 |                        0 |                        0 |       0 |
| model.encoder.transformer.layers.0.norm2                |                  128 |                        0 |                        0 |       0 |
| model.encoder.transformer.layers.0.dropout1             |                    0 |                        0 |                        0 |       0 |
| model.encoder.transformer.layers.0.dropout2             |                    0 |                        0 |                        0 |       0 |
| model.encoder.transformer.layers.1                      |                49984 |                        0 |                        0 |       0 |
| model.encoder.transformer.layers.1.self_attn            |                16640 |                        0 |                        0 |       0 |
| model.encoder.transformer.layers.1.self_attn.out_proj   |                 4160 |                        0 |                        0 |       0 |
| model.encoder.transformer.layers.1.linear1              |                16640 |                        0 |                        0 |       0 |
| model.encoder.transformer.layers.1.dropout              |                    0 |                        0 |                        0 |       0 |
| model.encoder.transformer.layers.1.linear2              |                16448 |                        0 |                        0 |       0 |
| model.encoder.transformer.layers.1.norm1                |                  128 |                        0 |                        0 |       0 |
| model.encoder.transformer.layers.1.norm2                |                  128 |                        0 |                        0 |       0 |
| model.encoder.transformer.layers.1.dropout1             |                    0 |                        0 |                        0 |       0 |
| model.encoder.transformer.layers.1.dropout2             |                    0 |                        0 |                        0 |       0 |
| model.encoder.norm                                      |                  128 |                        0 |                        0 |       0 |
| model.predictor                                         |               629888 |                        0 |                        0 |       0 |
| model.predictor.dropout                                 |                    0 |                        0 |                        0 |       0 |
| model.predictor.transformer                             |               627840 |                        0 |                        0 |       0 |
| model.predictor.transformer.norm                        |                  128 |                        0 |                        0 |       0 |
| model.predictor.transformer.layers                      |               627712 |                        0 |                        0 |       0 |
| model.predictor.transformer.layers.0                    |               156928 |                        0 |                        0 |       0 |
| model.predictor.transformer.layers.0.attn               |                65728 |                        0 |                        0 |       0 |
| model.predictor.transformer.layers.0.attn.norm          |                  128 |                        0 |                        0 |       0 |
| model.predictor.transformer.layers.0.attn.attend        |                    0 |                        0 |                        0 |       0 |
| model.predictor.transformer.layers.0.attn.to_qkv        |                49152 |                        0 |                        0 |       0 |
| model.predictor.transformer.layers.0.attn.to_out        |                16448 |                        0 |                        0 |       0 |
| model.predictor.transformer.layers.0.attn.to_out.0      |                16448 |                        0 |                        0 |       0 |
| model.predictor.transformer.layers.0.attn.to_out.1      |                    0 |                        0 |                        0 |       0 |
| model.predictor.transformer.layers.0.mlp                |                66240 |                        0 |                        0 |       0 |
| model.predictor.transformer.layers.0.mlp.net            |                66240 |                        0 |                        0 |       0 |
| model.predictor.transformer.layers.0.mlp.net.0          |                  128 |                        0 |                        0 |       0 |
| model.predictor.transformer.layers.0.mlp.net.1          |                33280 |                        0 |                        0 |       0 |
| model.predictor.transformer.layers.0.mlp.net.2          |                    0 |                        0 |                        0 |       0 |
| model.predictor.transformer.layers.0.mlp.net.3          |                    0 |                        0 |                        0 |       0 |
| model.predictor.transformer.layers.0.mlp.net.4          |                32832 |                        0 |                        0 |       0 |
| model.predictor.transformer.layers.0.mlp.net.5          |                    0 |                        0 |                        0 |       0 |
| model.predictor.transformer.layers.0.norm1              |                    0 |                        0 |                        0 |       0 |
| model.predictor.transformer.layers.0.norm2              |                    0 |                        0 |                        0 |       0 |
| model.predictor.transformer.layers.0.adaLN_modulation   |                24960 |                        0 |                        0 |       0 |
| model.predictor.transformer.layers.0.adaLN_modulation.0 |                    0 |                        0 |                        0 |       0 |
| model.predictor.transformer.layers.0.adaLN_modulation.1 |                24960 |                        0 |                        0 |       0 |
| model.predictor.transformer.layers.1                    |               156928 |                        0 |                        0 |       0 |
| model.predictor.transformer.layers.1.attn               |                65728 |                        0 |                        0 |       0 |
| model.predictor.transformer.layers.1.attn.norm          |                  128 |                        0 |                        0 |       0 |
| model.predictor.transformer.layers.1.attn.attend        |                    0 |                        0 |                        0 |       0 |
| model.predictor.transformer.layers.1.attn.to_qkv        |                49152 |                        0 |                        0 |       0 |
| model.predictor.transformer.layers.1.attn.to_out        |                16448 |                        0 |                        0 |       0 |
| model.predictor.transformer.layers.1.attn.to_out.0      |                16448 |                        0 |                        0 |       0 |
| model.predictor.transformer.layers.1.attn.to_out.1      |                    0 |                        0 |                        0 |       0 |
| model.predictor.transformer.layers.1.mlp                |                66240 |                        0 |                        0 |       0 |
| model.predictor.transformer.layers.1.mlp.net            |                66240 |                        0 |                        0 |       0 |
| model.predictor.transformer.layers.1.mlp.net.0          |                  128 |                        0 |                        0 |       0 |
| model.predictor.transformer.layers.1.mlp.net.1          |                33280 |                        0 |                        0 |       0 |
| model.predictor.transformer.layers.1.mlp.net.2          |                    0 |                        0 |                        0 |       0 |
| model.predictor.transformer.layers.1.mlp.net.3          |                    0 |                        0 |                        0 |       0 |
| model.predictor.transformer.layers.1.mlp.net.4          |                32832 |                        0 |                        0 |       0 |
| model.predictor.transformer.layers.1.mlp.net.5          |                    0 |                        0 |                        0 |       0 |
| model.predictor.transformer.layers.1.norm1              |                    0 |                        0 |                        0 |       0 |
| model.predictor.transformer.layers.1.norm2              |                    0 |                        0 |                        0 |       0 |
| model.predictor.transformer.layers.1.adaLN_modulation   |                24960 |                        0 |                        0 |       0 |
| model.predictor.transformer.layers.1.adaLN_modulation.0 |                    0 |                        0 |                        0 |       0 |
| model.predictor.transformer.layers.1.adaLN_modulation.1 |                24960 |                        0 |                        0 |       0 |
| model.predictor.transformer.layers.2                    |               156928 |                        0 |                        0 |       0 |
| model.predictor.transformer.layers.2.attn               |                65728 |                        0 |                        0 |       0 |
| model.predictor.transformer.layers.2.attn.norm          |                  128 |                        0 |                        0 |       0 |
| model.predictor.transformer.layers.2.attn.attend        |                    0 |                        0 |                        0 |       0 |
| model.predictor.transformer.layers.2.attn.to_qkv        |                49152 |                        0 |                        0 |       0 |
| model.predictor.transformer.layers.2.attn.to_out        |                16448 |                        0 |                        0 |       0 |
| model.predictor.transformer.layers.2.attn.to_out.0      |                16448 |                        0 |                        0 |       0 |
| model.predictor.transformer.layers.2.attn.to_out.1      |                    0 |                        0 |                        0 |       0 |
| model.predictor.transformer.layers.2.mlp                |                66240 |                        0 |                        0 |       0 |
| model.predictor.transformer.layers.2.mlp.net            |                66240 |                        0 |                        0 |       0 |
| model.predictor.transformer.layers.2.mlp.net.0          |                  128 |                        0 |                        0 |       0 |
| model.predictor.transformer.layers.2.mlp.net.1          |                33280 |                        0 |                        0 |       0 |
| model.predictor.transformer.layers.2.mlp.net.2          |                    0 |                        0 |                        0 |       0 |
| model.predictor.transformer.layers.2.mlp.net.3          |                    0 |                        0 |                        0 |       0 |
| model.predictor.transformer.layers.2.mlp.net.4          |                32832 |                        0 |                        0 |       0 |
| model.predictor.transformer.layers.2.mlp.net.5          |                    0 |                        0 |                        0 |       0 |
| model.predictor.transformer.layers.2.norm1              |                    0 |                        0 |                        0 |       0 |
| model.predictor.transformer.layers.2.norm2              |                    0 |                        0 |                        0 |       0 |
| model.predictor.transformer.layers.2.adaLN_modulation   |                24960 |                        0 |                        0 |       0 |
| model.predictor.transformer.layers.2.adaLN_modulation.0 |                    0 |                        0 |                        0 |       0 |
| model.predictor.transformer.layers.2.adaLN_modulation.1 |                24960 |                        0 |                        0 |       0 |
| model.predictor.transformer.layers.3                    |               156928 |                        0 |                        0 |       0 |
| model.predictor.transformer.layers.3.attn               |                65728 |                        0 |                        0 |       0 |
| model.predictor.transformer.layers.3.attn.norm          |                  128 |                        0 |                        0 |       0 |
| model.predictor.transformer.layers.3.attn.attend        |                    0 |                        0 |                        0 |       0 |
| model.predictor.transformer.layers.3.attn.to_qkv        |                49152 |                        0 |                        0 |       0 |
| model.predictor.transformer.layers.3.attn.to_out        |                16448 |                        0 |                        0 |       0 |
| model.predictor.transformer.layers.3.attn.to_out.0      |                16448 |                        0 |                        0 |       0 |
| model.predictor.transformer.layers.3.attn.to_out.1      |                    0 |                        0 |                        0 |       0 |
| model.predictor.transformer.layers.3.mlp                |                66240 |                        0 |                        0 |       0 |
| model.predictor.transformer.layers.3.mlp.net            |                66240 |                        0 |                        0 |       0 |
| model.predictor.transformer.layers.3.mlp.net.0          |                  128 |                        0 |                        0 |       0 |
| model.predictor.transformer.layers.3.mlp.net.1          |                33280 |                        0 |                        0 |       0 |
| model.predictor.transformer.layers.3.mlp.net.2          |                    0 |                        0 |                        0 |       0 |
| model.predictor.transformer.layers.3.mlp.net.3          |                    0 |                        0 |                        0 |       0 |
| model.predictor.transformer.layers.3.mlp.net.4          |                32832 |                        0 |                        0 |       0 |
| model.predictor.transformer.layers.3.mlp.net.5          |                    0 |                        0 |                        0 |       0 |
| model.predictor.transformer.layers.3.norm1              |                    0 |                        0 |                        0 |       0 |
| model.predictor.transformer.layers.3.norm2              |                    0 |                        0 |                        0 |       0 |
| model.predictor.transformer.layers.3.adaLN_modulation   |                24960 |                        0 |                        0 |       0 |
| model.predictor.transformer.layers.3.adaLN_modulation.0 |                    0 |                        0 |                        0 |       0 |
| model.predictor.transformer.layers.3.adaLN_modulation.1 |                24960 |                        0 |                        0 |       0 |
| model.predictor.transformer.input_proj                  |                    0 |                        0 |                        0 |       0 |
| model.predictor.transformer.cond_proj                   |                    0 |                        0 |                        0 |       0 |
| model.predictor.transformer.output_proj                 |                    0 |                        0 |                        0 |       0 |
| model.action_encoder                                    |                19284 |                        0 |                        0 |       0 |
| model.action_encoder.patch_embed                        |                   20 |                        0 |                        0 |       0 |
| model.action_encoder.embed                              |                19264 |                        0 |                        0 |       0 |
| model.action_encoder.embed.0                            |                 2816 |                        0 |                        0 |       0 |
| model.action_encoder.embed.1                            |                    0 |                        0 |                        0 |       0 |
| model.action_encoder.embed.2                            |                16448 |                        0 |                        0 |       0 |
| model.projector                                         |                33600 |                        0 |                        0 |     513 |
| model.projector.net                                     |                33600 |                        0 |                        0 |     513 |
| model.projector.net.0                                   |                16640 |                        0 |                        0 |       0 |
| model.projector.net.1                                   |                  512 |                        0 |                        0 |     513 |
| model.projector.net.2                                   |                    0 |                        0 |                        0 |       0 |
| model.projector.net.3                                   |                16448 |                        0 |                        0 |       0 |
| model.pred_proj                                         |                33600 |                        0 |                        0 |     513 |
| model.pred_proj.net                                     |                33600 |                        0 |                        0 |     513 |
| model.pred_proj.net.0                                   |                16640 |                        0 |                        0 |       0 |
| model.pred_proj.net.1                                   |                  512 |                        0 |                        0 |     513 |
| model.pred_proj.net.2                                   |                    0 |                        0 |                        0 |       0 |
| model.pred_proj.net.3                                   |                16448 |                        0 |                        0 |       0 |
| sigreg                                                  |                    0 |                        0 |                        0 |      51 |
+---------------------------------------------------------+----------------------+--------------------------+--------------------------+---------+
22:35:11.215 | INFO    (702499, stable_pretraining.callbacks.trainer_info) | ---- SLURM INFO ---- 🔧
22:35:11.215 | INFO    (702499, stable_pretraining.callbacks.trainer_info) | Job ID: N/A
22:35:11.215 | INFO    (702499, stable_pretraining.callbacks.trainer_info) | Task ID: N/A
22:35:11.215 | INFO    (702499, stable_pretraining.callbacks.trainer_info) | Job Name: N/A
22:35:11.215 | INFO    (702499, stable_pretraining.callbacks.trainer_info) | Nodes: N/A
22:35:11.215 | INFO    (702499, stable_pretraining.callbacks.trainer_info) | Tasks: N/A
22:35:11.215 | INFO    (702499, stable_pretraining.callbacks.trainer_info) | CPUs per node: N/A
22:35:11.215 | INFO    (702499, stable_pretraining.callbacks.trainer_info) | CPUs per task: N/A
22:35:11.215 | INFO    (702499, stable_pretraining.callbacks.trainer_info) | Memory per node: N/A
22:35:11.215 | INFO    (702499, stable_pretraining.callbacks.trainer_info) | Memory per CPU: N/A
22:35:11.215 | INFO    (702499, stable_pretraining.callbacks.trainer_info) | Time limit: N/A
22:35:11.215 | INFO    (702499, stable_pretraining.callbacks.trainer_info) | Partition: N/A
22:35:11.215 | INFO    (702499, stable_pretraining.callbacks.trainer_info) | Node List: N/A
22:35:11.215 | INFO    (702499, stable_pretraining.callbacks.trainer_info) | Submit Directory: N/A
22:35:11.216 | INFO    (702499, stable_pretraining.callbacks.cpu_offload) | CPUOffloadCallback: Setup called for stage 'fit'
22:35:11.216 | INFO    (702499, stable_pretraining.callbacks.cpu_offload) |   - Trainer rank: 0/1
22:35:11.216 | INFO    (702499, stable_pretraining.callbacks.cpu_offload) |   - Strategy: SingleDeviceStrategy
22:35:11.216 | SUCCESS (702499, stable_pretraining.callbacks.cpu_offload) | ✓ Strategy 'SingleDeviceStrategy' is compatible with CPU offload
22:35:11.216 | SUCCESS (702499, stable_pretraining.callbacks.cpu_offload) | ✓ CPUOffloadCallback ENABLED for strategy 'SingleDeviceStrategy'
22:35:11.216 | INFO    (702499, stable_pretraining.callbacks.cpu_offload) |   - This rank will handle checkpoint saving and CPU offload
LOCAL_RANK: 0 - CUDA_VISIBLE_DEVICES: [0]
22:35:11.219 | INFO    (702499, stable_pretraining.module) | Configuring optimizers and learning rate schedulers...
22:35:11.219 | INFO    (702499, stable_pretraining.module) | 	Optimizer specified by Dict with keys ['model_opt']... 🔧
22:35:11.220 | INFO    (702499, stable_pretraining.module) | 
┏━━━━━━━━━━━━━┳━━━━━━━━━━━┳━━━━━━━━━━━━━━━━━━━┳━━━━━━━━━━━━━━━━━┳━━━━━━━━━━━━━━━━┳━━━━━━━━━━━━━━━━━━━━━━━━┓
┃ Optimizer   ┃ Pattern   ┃   Matched Modules ┃   Param Tensors ┃   Total Params ┃   RequiresGrad Tensors ┃
┣━━━━━━━━━━━━━╋━━━━━━━━━━━╋━━━━━━━━━━━━━━━━━━━╋━━━━━━━━━━━━━━━━━╋━━━━━━━━━━━━━━━━╋━━━━━━━━━━━━━━━━━━━━━━━━┫
┃ model_opt   ┃ model     ┃               136 ┃             102 ┃         829396 ┃                    102 ┃
┗━━━━━━━━━━━━━┻━━━━━━━━━━━┻━━━━━━━━━━━━━━━━━━━┻━━━━━━━━━━━━━━━━━┻━━━━━━━━━━━━━━━━┻━━━━━━━━━━━━━━━━━━━━━━━━┛
22:35:11.220 | INFO    (702499, stable_pretraining.optim.lr_scheduler) | 	User provided a dict
Loading `train_dataloader` to estimate number of stepping batches.
/home/lthil/thesis/le-wm/.venv/lib/python3.10/site-packages/lightning/pytorch/utilities/_pytree.py:21: `isinstance(treespec, LeafSpec)` is deprecated, use `isinstance(treespec, TreeSpec) and treespec.is_leaf()` instead.
22:35:11.220 | WARNING (702499, stable_pretraining.callbacks.env_info) |      ⚠️  pip freeze failed: Command '['/home/lthil/thesis/le-wm/.venv/bin/python', '-m', 'pip', 'freeze']' returned non-zero exit status 1.
22:35:11.220 | SUCCESS (702499, stable_pretraining.callbacks.env_info) |   ✓ Packages: 0 packages collected in 0.01s
22:35:11.609 | INFO    (702499, stable_pretraining.module) | Configured optimizer 'model_opt' (modules=136, param_tensors=102, total_params=829396) with LinearWarmupCosineAnnealingLR scheduler.
/home/lthil/thesis/le-wm/.venv/lib/python3.10/site-packages/lightning/pytorch/utilities/model_summary/model_summary.py:242: Precision bf16-mixed is not supported by the model summary.  Estimated model size in MB will not be accurate. Using 32 bits instead.
22:35:11.611 | WARNING (702499, stable_pretraining.module) | You are calling self.parameters which also gives callbacks parameters, to remove then, pass `with_callbacks=False`
22:35:11.612 | WARNING (702499, stable_pretraining.module) | You are calling self.parameters which also gives callbacks parameters, to remove then, pass `with_callbacks=False`
22:35:11.612 | WARNING (702499, stable_pretraining.module) | You are calling self.parameters which also gives callbacks parameters, to remove then, pass `with_callbacks=False`
22:35:11.612 | WARNING (702499, stable_pretraining.module) | You are calling self.parameters which also gives callbacks parameters, to remove then, pass `with_callbacks=False`
┏━━━┳━━━━━━━━━━━━━━━━━━━┳━━━━━━━━━━━━┳━━━━━━━━┳━━━━━━━┳━━━━━━━┓
┃   ┃ Name              ┃ Type       ┃ Params ┃ Mode  ┃ FLOPs ┃
┡━━━╇━━━━━━━━━━━━━━━━━━━╇━━━━━━━━━━━━╇━━━━━━━━╇━━━━━━━╇━━━━━━━┩
│ 0 │ callbacks_modules │ ModuleDict │      0 │ train │     0 │
│ 1 │ callbacks_metrics │ ModuleDict │      0 │ train │     0 │
│ 2 │ model             │ JEPA       │  829 K │ train │     0 │
│ 3 │ sigreg            │ SIGReg     │      0 │ train │     0 │
└───┴───────────────────┴────────────┴────────┴───────┴───────┘
Trainable params: 829 K                                                         
Non-trainable params: 0                                                         
Total params: 829 K                                                             
Total estimated model params size (MB): 3                                       
Modules in train mode: 139                                                      
Modules in eval mode: 0                                                         
Total FLOPs: 0                                                                  
22:35:11.621 | WARNING (702499, stable_pretraining.module) | You are calling self.parameters which also gives callbacks parameters, to remove then, pass `with_callbacks=False`
/home/lthil/thesis/le-wm/.venv/lib/python3.10/site-packages/lightning/pytorch/utilities/_pytree.py:21: `isinstance(treespec, LeafSpec)` is deprecated, use `isinstance(treespec, TreeSpec) and treespec.is_leaf()` instead.
/home/lthil/thesis/le-wm/.venv/lib/python3.10/site-packages/lightning/pytorch/utilities/data.py:79: Trying to infer the `batch_size` from an ambiguous collection. The batch size we found is 256. To avoid any miscalculations, use `self.log(..., batch_size=batch_size)`.
22:35:12.134 | INFO    (702499, stable_pretraining.callbacks.trainer_info) | \n+----------------------------+----------------------+
|           Metric           |        Value         |
+----------------------------+----------------------+
|      [0;34;40mvalidate/ar_loss[0m      | [0;32;40m0.054063282907009125[0m |
|   [0;34;40mvalidate/ar_loss_epoch[0m   | [0;32;40m0.054063282907009125[0m |
|       [0;34;40mvalidate/loss[0m        |  [0;32;40m16.490339279174805[0m  |
|    [0;34;40mvalidate/loss_epoch[0m     |  [0;32;40m16.490339279174805[0m  |
|     [0;34;40mvalidate/pred_loss[0m     | [0;32;40m0.11533952504396439[0m  |
|  [0;34;40mvalidate/pred_loss_epoch[0m  | [0;32;40m0.11533952504396439[0m  |
|    [0;34;40mvalidate/sigreg_loss[0m    |        [0;32;40m109.0[0m         |
| [0;34;40mvalidate/sigreg_loss_epoch[0m |        [0;32;40m109.0[0m         |
+----------------------------+----------------------+
22:35:12.135 | INFO    (702499, stable_pretraining.callbacks.cpu_offload) | CPUOffloadCallback: Training started
22:35:12.135 | WARNING (702499, stable_pretraining.module) | You are calling self.parameters which also gives callbacks parameters, to remove then, pass `with_callbacks=False`
22:35:12.136 | WARNING (702499, stable_pretraining.module) | You are calling self.parameters which also gives callbacks parameters, to remove then, pass `with_callbacks=False`
22:35:12.136 | INFO    (702499, stable_pretraining.callbacks.cpu_offload) | Model statistics:
22:35:12.136 | INFO    (702499, stable_pretraining.callbacks.cpu_offload) |   - Total parameters: 829,396
22:35:12.136 | INFO    (702499, stable_pretraining.callbacks.cpu_offload) |   - Trainable parameters: 829,396
22:35:12.136 | INFO    (702499, stable_pretraining.callbacks.cpu_offload) |   - Model size (bf16): ~0.00 GB
22:35:12.136 | INFO    (702499, stable_pretraining.callbacks.cpu_offload) |   - Estimated checkpoint size (with optimizer): ~0.00 GB
22:35:12.136 | INFO    (702499, stable_pretraining.module) | Double checking optimizers!
22:35:12.136 | INFO    (702499, stable_pretraining.module) | `self.optimizers() gave us 1 optimizers
22:35:12.136 | WARNING (702499, stable_pretraining.module) | No clip val found for optimizer default_0
22:35:12.136 | WARNING (702499, stable_pretraining.module) | -> we will use the Trainer's value of 0.3
22:35:12.136 | WARNING (702499, stable_pretraining.module) | No clip algorithm found for optimizer default_0
22:35:12.136 | WARNING (702499, stable_pretraining.module) | -> we will use the Trainer's value of None
22:35:12.136 | SUCCESS (702499, stable_pretraining.module) | We are done checking your optimizers! Here is the summary:
+------------+-----------+----------------+-----------+-----------+
| Opt. Index | Opt. name |      opt       | clip val. | clip alg. |
+------------+-----------+----------------+-----------+-----------+
|     0      | default_0 | LightningAdamW |    0.3    |    None   |
+------------+-----------+----------------+-----------+-----------+
22:35:12.137 | WARNING (702499, stable_pretraining.module) | You are calling self.parameters which also gives callbacks parameters, to remove then, pass `with_callbacks=False`
22:35:12.138 | INFO    (702499, stable_pretraining.callbacks.unused_parameters) | [LogUnusedParametersOnce] Registered hooks on 102 leaf parameters.
22:35:12.241 | WARNING (702499, stable_pretraining.module) | You are calling self.parameters which also gives callbacks parameters, to remove then, pass `with_callbacks=False`
22:35:12.242 | INFO    (702499, stable_pretraining.callbacks.unused_parameters) | [LogUnusedParametersOnce] All tracked parameters received gradients on the first backward pass.
22:35:12.242 | INFO    (702499, stable_pretraining.callbacks.unused_parameters) | [LogUnusedParametersOnce] Hooks removed, callback disabled.
23:22:23.312 | WARNING (702499, stable_pretraining.module) | You are calling self.parameters which also gives callbacks parameters, to remove then, pass `with_callbacks=False`
/home/lthil/thesis/le-wm/.venv/lib/python3.10/site-packages/lightning/pytorch/utilities/data.py:79: Trying to infer the `batch_size` from an ambiguous collection. The batch size we found is 201. To avoid any miscalculations, use `self.log(..., batch_size=batch_size)`.
23:23:52.644 | INFO    (702499, stable_pretraining.callbacks.trainer_info) | \n+----------------------------+---------------------+
|           Metric           |        Value        |
+----------------------------+---------------------+
|        [0;34;40mfit/ar_loss[0m         |  [0;32;40m0.2531428337097168[0m |
|          [0;34;40mfit/loss[0m          |  [0;32;40m1.0658812522888184[0m |
|       [0;34;40mfit/pred_loss[0m        | [0;32;40m0.45259997248649597[0m |
|      [0;34;40mfit/sigreg_loss[0m       |       [0;32;40m4.09375[0m       |
|      [0;34;40mvalidate/ar_loss[0m      |  [0;32;40m0.2987784147262573[0m |
|   [0;34;40mvalidate/ar_loss_epoch[0m   |  [0;32;40m0.2987784147262573[0m |
|       [0;34;40mvalidate/loss[0m        |  [0;32;40m1.9441026449203491[0m |
|    [0;34;40mvalidate/loss_epoch[0m     |  [0;32;40m1.9441026449203491[0m |
|     [0;34;40mvalidate/pred_loss[0m     | [0;32;40m0.49328887462615967[0m |
|  [0;34;40mvalidate/pred_loss_epoch[0m  | [0;32;40m0.49328887462615967[0m |
|    [0;34;40mvalidate/sigreg_loss[0m    |  [0;32;40m9.672148704528809[0m  |
| [0;34;40mvalidate/sigreg_loss_epoch[0m |  [0;32;40m9.672148704528809[0m  |
+----------------------------+---------------------+
23:23:52.653 | INFO    (702499, stable_pretraining.callbacks.checkpoint_sklearn) | Checking for non PyTorch modules to save... 🔧
23:23:52.654 | INFO    (702499, stable_pretraining.callbacks.checkpoint_sklearn) | Checking for Wandb params to save... 🔧
23:23:52.654 | INFO    (702499, stable_pretraining.callbacks.checkpoint_sklearn) | Saving Wandb params {'id': 'oz81yajr'}
23:23:52.654 | INFO    (702499, stable_pretraining.callbacks.checkpoint_sklearn) | Checking for Wandb params to save... Done!
23:23:52.654 | INFO    (702499, stable_pretraining.callbacks.cpu_offload) | ============================================================
23:23:52.654 | INFO    (702499, stable_pretraining.callbacks.cpu_offload) | CPUOffloadCallback: Starting checkpoint CPU offload (#1)
23:23:52.654 | INFO    (702499, stable_pretraining.callbacks.cpu_offload) |   - Global step: 12293
23:23:52.654 | INFO    (702499, stable_pretraining.callbacks.cpu_offload) |   - Epoch: 0
23:23:52.654 | INFO    (702499, stable_pretraining.callbacks.cpu_offload) | Checkpoint contains 11 keys: ['callbacks', 'epoch', 'global_step', 'hparams_name', 'hyper_parameters', 'loops', 'lr_schedulers', 'optimizer_states', 'pytorch-lightning_version', 'state_dict', 'wandb']
23:23:52.654 | INFO    (702499, stable_pretraining.callbacks.cpu_offload) | GPU memory before offload:
23:23:52.654 | INFO    (702499, stable_pretraining.callbacks.cpu_offload) |   - Allocated: 0.03 GB
23:23:52.654 | INFO    (702499, stable_pretraining.callbacks.cpu_offload) |   - Reserved: 13.91 GB
23:23:52.654 | INFO    (702499, stable_pretraining.callbacks.cpu_offload) | Processing checkpoint key: 'state_dict'
23:23:52.656 | SUCCESS (702499, stable_pretraining.callbacks.cpu_offload) | ✓ Completed 'state_dict' in 0.00s
23:23:52.656 | INFO    (702499, stable_pretraining.callbacks.cpu_offload) | Processing checkpoint key: 'optimizer_states'
23:23:52.659 | SUCCESS (702499, stable_pretraining.callbacks.cpu_offload) | ✓ Completed 'optimizer_states' in 0.00s
23:23:52.659 | INFO    (702499, stable_pretraining.callbacks.cpu_offload) | Processing checkpoint key: 'lr_schedulers'
23:23:52.659 | SUCCESS (702499, stable_pretraining.callbacks.cpu_offload) | ✓ Completed 'lr_schedulers' in 0.00s
23:23:52.659 | WARNING (702499, stable_pretraining.callbacks.cpu_offload) | Skipped 125 custom object(s)
23:23:52.659 | WARNING (702499, stable_pretraining.callbacks.cpu_offload) | First 10 skipped objects:
23:23:52.659 | WARNING (702499, stable_pretraining.callbacks.cpu_offload) |   - float at 'optimizer_states[0].param_groups[0].lr'
23:23:52.659 | WARNING (702499, stable_pretraining.callbacks.cpu_offload) |   - float at 'optimizer_states[0].param_groups[0].betas[0]'
23:23:52.659 | WARNING (702499, stable_pretraining.callbacks.cpu_offload) |   - float at 'optimizer_states[0].param_groups[0].betas[1]'
23:23:52.659 | WARNING (702499, stable_pretraining.callbacks.cpu_offload) |   - float at 'optimizer_states[0].param_groups[0].eps'
23:23:52.659 | WARNING (702499, stable_pretraining.callbacks.cpu_offload) |   - float at 'optimizer_states[0].param_groups[0].weight_decay'
23:23:52.659 | WARNING (702499, stable_pretraining.callbacks.cpu_offload) |   - bool at 'optimizer_states[0].param_groups[0].amsgrad'
23:23:52.659 | WARNING (702499, stable_pretraining.callbacks.cpu_offload) |   - bool at 'optimizer_states[0].param_groups[0].maximize'
23:23:52.659 | WARNING (702499, stable_pretraining.callbacks.cpu_offload) |   - NoneType at 'optimizer_states[0].param_groups[0].foreach'
23:23:52.659 | WARNING (702499, stable_pretraining.callbacks.cpu_offload) |   - bool at 'optimizer_states[0].param_groups[0].capturable'
23:23:52.659 | WARNING (702499, stable_pretraining.callbacks.cpu_offload) |   - bool at 'optimizer_states[0].param_groups[0].differentiable'
23:23:52.659 | WARNING (702499, stable_pretraining.callbacks.cpu_offload) | ... (105 more skipped) ...
23:23:52.659 | WARNING (702499, stable_pretraining.callbacks.cpu_offload) | Last 10 skipped objects:
23:23:52.659 | WARNING (702499, stable_pretraining.callbacks.cpu_offload) |   - int at 'lr_schedulers[0].warmup_steps'
23:23:52.660 | WARNING (702499, stable_pretraining.callbacks.cpu_offload) |   - int at 'lr_schedulers[0].max_steps'
23:23:52.660 | WARNING (702499, stable_pretraining.callbacks.cpu_offload) |   - float at 'lr_schedulers[0].warmup_start_lr'
23:23:52.660 | WARNING (702499, stable_pretraining.callbacks.cpu_offload) |   - float at 'lr_schedulers[0].eta_min'
23:23:52.660 | WARNING (702499, stable_pretraining.callbacks.cpu_offload) |   - float at 'lr_schedulers[0].base_lrs[0]'
23:23:52.660 | WARNING (702499, stable_pretraining.callbacks.cpu_offload) |   - int at 'lr_schedulers[0].last_epoch'
23:23:52.660 | WARNING (702499, stable_pretraining.callbacks.cpu_offload) |   - int at 'lr_schedulers[0]._step_count'
23:23:52.660 | WARNING (702499, stable_pretraining.callbacks.cpu_offload) |   - bool at 'lr_schedulers[0]._is_initial'
23:23:52.660 | WARNING (702499, stable_pretraining.callbacks.cpu_offload) |   - bool at 'lr_schedulers[0]._get_lr_called_within_step'
23:23:52.660 | WARNING (702499, stable_pretraining.callbacks.cpu_offload) |   - float at 'lr_schedulers[0]._last_lr[0]'
23:23:52.660 | INFO    (702499, stable_pretraining.callbacks.cpu_offload) | To see all 125 skipped objects, set log_skipped=True
23:23:52.660 | INFO    (702499, stable_pretraining.callbacks.cpu_offload) | GPU memory after offload:
23:23:52.660 | INFO    (702499, stable_pretraining.callbacks.cpu_offload) |   - Allocated: 0.03 GB
23:23:52.660 | INFO    (702499, stable_pretraining.callbacks.cpu_offload) |   - Reserved: 13.91 GB
23:23:52.660 | INFO    (702499, stable_pretraining.callbacks.cpu_offload) | GPU memory freed: 0.00 GB
23:23:52.660 | SUCCESS (702499, stable_pretraining.callbacks.cpu_offload) | CPUOffloadCallback: Checkpoint #1 completed in 0.01s
23:23:52.660 | INFO    (702499, stable_pretraining.callbacks.cpu_offload) | Successfully processed keys: ['state_dict', 'optimizer_states', 'lr_schedulers']
23:23:52.660 | INFO    (702499, stable_pretraining.callbacks.cpu_offload) | Cumulative stats:
23:23:52.660 | INFO    (702499, stable_pretraining.callbacks.cpu_offload) |   - Total checkpoints saved: 1
23:23:52.661 | INFO    (702499, stable_pretraining.callbacks.cpu_offload) |   - Total time in offload: 0.01s
23:23:52.661 | INFO    (702499, stable_pretraining.callbacks.cpu_offload) |   - Total memory freed: 0.00 GB
23:23:52.661 | INFO    (702499, stable_pretraining.callbacks.cpu_offload) |   - Average time per checkpoint: 0.01s
23:23:52.661 | INFO    (702499, stable_pretraining.callbacks.cpu_offload) | ============================================================
00:11:03.749 | WARNING (702499, stable_pretraining.module) | You are calling self.parameters which also gives callbacks parameters, to remove then, pass `with_callbacks=False`
00:12:33.067 | INFO    (702499, stable_pretraining.callbacks.trainer_info) | \n+----------------------------+---------------------+
|           Metric           |        Value        |
+----------------------------+---------------------+
|        [0;34;40mfit/ar_loss[0m         |  [0;32;40m0.1070694550871849[0m |
|          [0;34;40mfit/loss[0m          |  [0;32;40m0.5725744366645813[0m |
|       [0;34;40mfit/pred_loss[0m        |  [0;32;40m0.1741369366645813[0m |
|      [0;34;40mfit/sigreg_loss[0m       |       [0;32;40m2.65625[0m       |
|      [0;34;40mvalidate/ar_loss[0m      | [0;32;40m0.10485618561506271[0m |
|   [0;34;40mvalidate/ar_loss_epoch[0m   | [0;32;40m0.10485618561506271[0m |
|       [0;34;40mvalidate/loss[0m        |  [0;32;40m0.6910362243652344[0m |
|    [0;34;40mvalidate/loss_epoch[0m     |  [0;32;40m0.6910362243652344[0m |
|     [0;34;40mvalidate/pred_loss[0m     |  [0;32;40m0.164452463388443[0m  |
|  [0;34;40mvalidate/pred_loss_epoch[0m  |  [0;32;40m0.164452463388443[0m  |
|    [0;34;40mvalidate/sigreg_loss[0m    |  [0;32;40m3.5104732513427734[0m |
| [0;34;40mvalidate/sigreg_loss_epoch[0m |  [0;32;40m3.5104732513427734[0m |
+----------------------------+---------------------+
00:12:33.074 | INFO    (702499, stable_pretraining.callbacks.checkpoint_sklearn) | Checking for non PyTorch modules to save... 🔧
00:12:33.074 | INFO    (702499, stable_pretraining.callbacks.checkpoint_sklearn) | Checking for Wandb params to save... 🔧
00:12:33.074 | INFO    (702499, stable_pretraining.callbacks.checkpoint_sklearn) | Saving Wandb params {'id': 'oz81yajr'}
00:12:33.074 | INFO    (702499, stable_pretraining.callbacks.checkpoint_sklearn) | Checking for Wandb params to save... Done!
00:12:33.074 | INFO    (702499, stable_pretraining.callbacks.cpu_offload) | ============================================================
00:12:33.074 | INFO    (702499, stable_pretraining.callbacks.cpu_offload) | CPUOffloadCallback: Starting checkpoint CPU offload (#2)
00:12:33.075 | INFO    (702499, stable_pretraining.callbacks.cpu_offload) |   - Global step: 24586
00:12:33.075 | INFO    (702499, stable_pretraining.callbacks.cpu_offload) |   - Epoch: 1
00:12:33.075 | INFO    (702499, stable_pretraining.callbacks.cpu_offload) | Checkpoint contains 11 keys: ['callbacks', 'epoch', 'global_step', 'hparams_name', 'hyper_parameters', 'loops', 'lr_schedulers', 'optimizer_states', 'pytorch-lightning_version', 'state_dict', 'wandb']
00:12:33.075 | INFO    (702499, stable_pretraining.callbacks.cpu_offload) | GPU memory before offload:
00:12:33.075 | INFO    (702499, stable_pretraining.callbacks.cpu_offload) |   - Allocated: 0.03 GB
00:12:33.075 | INFO    (702499, stable_pretraining.callbacks.cpu_offload) |   - Reserved: 13.91 GB
00:12:33.075 | INFO    (702499, stable_pretraining.callbacks.cpu_offload) | Processing checkpoint key: 'state_dict'
00:12:33.077 | SUCCESS (702499, stable_pretraining.callbacks.cpu_offload) | ✓ Completed 'state_dict' in 0.00s
00:12:33.077 | INFO    (702499, stable_pretraining.callbacks.cpu_offload) | Processing checkpoint key: 'optimizer_states'
00:12:33.080 | SUCCESS (702499, stable_pretraining.callbacks.cpu_offload) | ✓ Completed 'optimizer_states' in 0.00s
00:12:33.080 | INFO    (702499, stable_pretraining.callbacks.cpu_offload) | Processing checkpoint key: 'lr_schedulers'
00:12:33.080 | SUCCESS (702499, stable_pretraining.callbacks.cpu_offload) | ✓ Completed 'lr_schedulers' in 0.00s
00:12:33.080 | WARNING (702499, stable_pretraining.callbacks.cpu_offload) | Skipped 125 custom object(s)
00:12:33.080 | WARNING (702499, stable_pretraining.callbacks.cpu_offload) | First 10 skipped objects:
00:12:33.080 | WARNING (702499, stable_pretraining.callbacks.cpu_offload) |   - float at 'optimizer_states[0].param_groups[0].lr'
00:12:33.080 | WARNING (702499, stable_pretraining.callbacks.cpu_offload) |   - float at 'optimizer_states[0].param_groups[0].betas[0]'
00:12:33.080 | WARNING (702499, stable_pretraining.callbacks.cpu_offload) |   - float at 'optimizer_states[0].param_groups[0].betas[1]'
00:12:33.080 | WARNING (702499, stable_pretraining.callbacks.cpu_offload) |   - float at 'optimizer_states[0].param_groups[0].eps'
00:12:33.080 | WARNING (702499, stable_pretraining.callbacks.cpu_offload) |   - float at 'optimizer_states[0].param_groups[0].weight_decay'
00:12:33.080 | WARNING (702499, stable_pretraining.callbacks.cpu_offload) |   - bool at 'optimizer_states[0].param_groups[0].amsgrad'
00:12:33.080 | WARNING (702499, stable_pretraining.callbacks.cpu_offload) |   - bool at 'optimizer_states[0].param_groups[0].maximize'
00:12:33.080 | WARNING (702499, stable_pretraining.callbacks.cpu_offload) |   - NoneType at 'optimizer_states[0].param_groups[0].foreach'
00:12:33.080 | WARNING (702499, stable_pretraining.callbacks.cpu_offload) |   - bool at 'optimizer_states[0].param_groups[0].capturable'
00:12:33.080 | WARNING (702499, stable_pretraining.callbacks.cpu_offload) |   - bool at 'optimizer_states[0].param_groups[0].differentiable'
00:12:33.080 | WARNING (702499, stable_pretraining.callbacks.cpu_offload) | ... (105 more skipped) ...
00:12:33.080 | WARNING (702499, stable_pretraining.callbacks.cpu_offload) | Last 10 skipped objects:
00:12:33.081 | WARNING (702499, stable_pretraining.callbacks.cpu_offload) |   - int at 'lr_schedulers[0].warmup_steps'
00:12:33.081 | WARNING (702499, stable_pretraining.callbacks.cpu_offload) |   - int at 'lr_schedulers[0].max_steps'
00:12:33.081 | WARNING (702499, stable_pretraining.callbacks.cpu_offload) |   - float at 'lr_schedulers[0].warmup_start_lr'
00:12:33.081 | WARNING (702499, stable_pretraining.callbacks.cpu_offload) |   - float at 'lr_schedulers[0].eta_min'
00:12:33.081 | WARNING (702499, stable_pretraining.callbacks.cpu_offload) |   - float at 'lr_schedulers[0].base_lrs[0]'
00:12:33.081 | WARNING (702499, stable_pretraining.callbacks.cpu_offload) |   - int at 'lr_schedulers[0].last_epoch'
00:12:33.081 | WARNING (702499, stable_pretraining.callbacks.cpu_offload) |   - int at 'lr_schedulers[0]._step_count'
00:12:33.081 | WARNING (702499, stable_pretraining.callbacks.cpu_offload) |   - bool at 'lr_schedulers[0]._is_initial'
00:12:33.081 | WARNING (702499, stable_pretraining.callbacks.cpu_offload) |   - bool at 'lr_schedulers[0]._get_lr_called_within_step'
00:12:33.081 | WARNING (702499, stable_pretraining.callbacks.cpu_offload) |   - float at 'lr_schedulers[0]._last_lr[0]'
00:12:33.081 | INFO    (702499, stable_pretraining.callbacks.cpu_offload) | To see all 125 skipped objects, set log_skipped=True
00:12:33.081 | INFO    (702499, stable_pretraining.callbacks.cpu_offload) | GPU memory after offload:
00:12:33.081 | INFO    (702499, stable_pretraining.callbacks.cpu_offload) |   - Allocated: 0.03 GB
00:12:33.081 | INFO    (702499, stable_pretraining.callbacks.cpu_offload) |   - Reserved: 13.91 GB
00:12:33.081 | INFO    (702499, stable_pretraining.callbacks.cpu_offload) | GPU memory freed: 0.00 GB
00:12:33.081 | SUCCESS (702499, stable_pretraining.callbacks.cpu_offload) | CPUOffloadCallback: Checkpoint #2 completed in 0.01s
00:12:33.081 | INFO    (702499, stable_pretraining.callbacks.cpu_offload) | Successfully processed keys: ['state_dict', 'optimizer_states', 'lr_schedulers']
00:12:33.081 | INFO    (702499, stable_pretraining.callbacks.cpu_offload) | Cumulative stats:
00:12:33.081 | INFO    (702499, stable_pretraining.callbacks.cpu_offload) |   - Total checkpoints saved: 2
00:12:33.081 | INFO    (702499, stable_pretraining.callbacks.cpu_offload) |   - Total time in offload: 0.01s
00:12:33.081 | INFO    (702499, stable_pretraining.callbacks.cpu_offload) |   - Total memory freed: 0.00 GB
00:12:33.081 | INFO    (702499, stable_pretraining.callbacks.cpu_offload) |   - Average time per checkpoint: 0.01s
00:12:33.081 | INFO    (702499, stable_pretraining.callbacks.cpu_offload) | ============================================================
00:59:44.209 | WARNING (702499, stable_pretraining.module) | You are calling self.parameters which also gives callbacks parameters, to remove then, pass `with_callbacks=False`
01:01:13.574 | INFO    (702499, stable_pretraining.callbacks.trainer_info) | \n+----------------------------+---------------------+
|           Metric           |        Value        |
+----------------------------+---------------------+
|        [0;34;40mfit/ar_loss[0m         | [0;32;40m0.08035708218812943[0m |
|          [0;34;40mfit/loss[0m          |  [0;32;40m0.4202672243118286[0m |
|       [0;34;40mfit/pred_loss[0m        |  [0;32;40m0.1312047243118286[0m |
|      [0;34;40mfit/sigreg_loss[0m       |       [0;32;40m1.921875[0m      |
|      [0;34;40mvalidate/ar_loss[0m      | [0;32;40m0.07122144848108292[0m |
|   [0;34;40mvalidate/ar_loss_epoch[0m   | [0;32;40m0.07122144848108292[0m |
|       [0;34;40mvalidate/loss[0m        |  [0;32;40m0.550704836845398[0m  |
|    [0;34;40mvalidate/loss_epoch[0m     |  [0;32;40m0.550704836845398[0m  |
|     [0;34;40mvalidate/pred_loss[0m     | [0;32;40m0.11477682739496231[0m |
|  [0;34;40mvalidate/pred_loss_epoch[0m  | [0;32;40m0.11477682739496231[0m |
|    [0;34;40mvalidate/sigreg_loss[0m    |  [0;32;40m2.9061853885650635[0m |
| [0;34;40mvalidate/sigreg_loss_epoch[0m |  [0;32;40m2.9061853885650635[0m |
+----------------------------+---------------------+
01:01:13.581 | INFO    (702499, stable_pretraining.callbacks.checkpoint_sklearn) | Checking for non PyTorch modules to save... 🔧
01:01:13.581 | INFO    (702499, stable_pretraining.callbacks.checkpoint_sklearn) | Checking for Wandb params to save... 🔧
01:01:13.582 | INFO    (702499, stable_pretraining.callbacks.checkpoint_sklearn) | Saving Wandb params {'id': 'oz81yajr'}
01:01:13.582 | INFO    (702499, stable_pretraining.callbacks.checkpoint_sklearn) | Checking for Wandb params to save... Done!
01:01:13.582 | INFO    (702499, stable_pretraining.callbacks.cpu_offload) | ============================================================
01:01:13.582 | INFO    (702499, stable_pretraining.callbacks.cpu_offload) | CPUOffloadCallback: Starting checkpoint CPU offload (#3)
01:01:13.582 | INFO    (702499, stable_pretraining.callbacks.cpu_offload) |   - Global step: 36879
01:01:13.582 | INFO    (702499, stable_pretraining.callbacks.cpu_offload) |   - Epoch: 2
01:01:13.582 | INFO    (702499, stable_pretraining.callbacks.cpu_offload) | Checkpoint contains 11 keys: ['callbacks', 'epoch', 'global_step', 'hparams_name', 'hyper_parameters', 'loops', 'lr_schedulers', 'optimizer_states', 'pytorch-lightning_version', 'state_dict', 'wandb']
01:01:13.582 | INFO    (702499, stable_pretraining.callbacks.cpu_offload) | GPU memory before offload:
01:01:13.582 | INFO    (702499, stable_pretraining.callbacks.cpu_offload) |   - Allocated: 0.03 GB
01:01:13.582 | INFO    (702499, stable_pretraining.callbacks.cpu_offload) |   - Reserved: 13.91 GB
01:01:13.582 | INFO    (702499, stable_pretraining.callbacks.cpu_offload) | Processing checkpoint key: 'state_dict'
01:01:13.584 | SUCCESS (702499, stable_pretraining.callbacks.cpu_offload) | ✓ Completed 'state_dict' in 0.00s
01:01:13.584 | INFO    (702499, stable_pretraining.callbacks.cpu_offload) | Processing checkpoint key: 'optimizer_states'
01:01:13.587 | SUCCESS (702499, stable_pretraining.callbacks.cpu_offload) | ✓ Completed 'optimizer_states' in 0.00s
01:01:13.587 | INFO    (702499, stable_pretraining.callbacks.cpu_offload) | Processing checkpoint key: 'lr_schedulers'
01:01:13.587 | SUCCESS (702499, stable_pretraining.callbacks.cpu_offload) | ✓ Completed 'lr_schedulers' in 0.00s
01:01:13.587 | WARNING (702499, stable_pretraining.callbacks.cpu_offload) | Skipped 125 custom object(s)
01:01:13.587 | WARNING (702499, stable_pretraining.callbacks.cpu_offload) | First 10 skipped objects:
01:01:13.587 | WARNING (702499, stable_pretraining.callbacks.cpu_offload) |   - float at 'optimizer_states[0].param_groups[0].lr'
01:01:13.587 | WARNING (702499, stable_pretraining.callbacks.cpu_offload) |   - float at 'optimizer_states[0].param_groups[0].betas[0]'
01:01:13.587 | WARNING (702499, stable_pretraining.callbacks.cpu_offload) |   - float at 'optimizer_states[0].param_groups[0].betas[1]'
01:01:13.587 | WARNING (702499, stable_pretraining.callbacks.cpu_offload) |   - float at 'optimizer_states[0].param_groups[0].eps'
01:01:13.587 | WARNING (702499, stable_pretraining.callbacks.cpu_offload) |   - float at 'optimizer_states[0].param_groups[0].weight_decay'
01:01:13.587 | WARNING (702499, stable_pretraining.callbacks.cpu_offload) |   - bool at 'optimizer_states[0].param_groups[0].amsgrad'
01:01:13.587 | WARNING (702499, stable_pretraining.callbacks.cpu_offload) |   - bool at 'optimizer_states[0].param_groups[0].maximize'
01:01:13.588 | WARNING (702499, stable_pretraining.callbacks.cpu_offload) |   - NoneType at 'optimizer_states[0].param_groups[0].foreach'
01:01:13.588 | WARNING (702499, stable_pretraining.callbacks.cpu_offload) |   - bool at 'optimizer_states[0].param_groups[0].capturable'
01:01:13.588 | WARNING (702499, stable_pretraining.callbacks.cpu_offload) |   - bool at 'optimizer_states[0].param_groups[0].differentiable'
01:01:13.588 | WARNING (702499, stable_pretraining.callbacks.cpu_offload) | ... (105 more skipped) ...
01:01:13.588 | WARNING (702499, stable_pretraining.callbacks.cpu_offload) | Last 10 skipped objects:
01:01:13.588 | WARNING (702499, stable_pretraining.callbacks.cpu_offload) |   - int at 'lr_schedulers[0].warmup_steps'
01:01:13.588 | WARNING (702499, stable_pretraining.callbacks.cpu_offload) |   - int at 'lr_schedulers[0].max_steps'
01:01:13.588 | WARNING (702499, stable_pretraining.callbacks.cpu_offload) |   - float at 'lr_schedulers[0].warmup_start_lr'
01:01:13.588 | WARNING (702499, stable_pretraining.callbacks.cpu_offload) |   - float at 'lr_schedulers[0].eta_min'
01:01:13.588 | WARNING (702499, stable_pretraining.callbacks.cpu_offload) |   - float at 'lr_schedulers[0].base_lrs[0]'
01:01:13.588 | WARNING (702499, stable_pretraining.callbacks.cpu_offload) |   - int at 'lr_schedulers[0].last_epoch'
01:01:13.588 | WARNING (702499, stable_pretraining.callbacks.cpu_offload) |   - int at 'lr_schedulers[0]._step_count'
01:01:13.588 | WARNING (702499, stable_pretraining.callbacks.cpu_offload) |   - bool at 'lr_schedulers[0]._is_initial'
01:01:13.588 | WARNING (702499, stable_pretraining.callbacks.cpu_offload) |   - bool at 'lr_schedulers[0]._get_lr_called_within_step'
01:01:13.588 | WARNING (702499, stable_pretraining.callbacks.cpu_offload) |   - float at 'lr_schedulers[0]._last_lr[0]'
01:01:13.588 | INFO    (702499, stable_pretraining.callbacks.cpu_offload) | To see all 125 skipped objects, set log_skipped=True
01:01:13.588 | INFO    (702499, stable_pretraining.callbacks.cpu_offload) | GPU memory after offload:
01:01:13.588 | INFO    (702499, stable_pretraining.callbacks.cpu_offload) |   - Allocated: 0.03 GB
01:01:13.588 | INFO    (702499, stable_pretraining.callbacks.cpu_offload) |   - Reserved: 13.91 GB
01:01:13.588 | INFO    (702499, stable_pretraining.callbacks.cpu_offload) | GPU memory freed: 0.00 GB
01:01:13.588 | SUCCESS (702499, stable_pretraining.callbacks.cpu_offload) | CPUOffloadCallback: Checkpoint #3 completed in 0.01s
01:01:13.589 | INFO    (702499, stable_pretraining.callbacks.cpu_offload) | Successfully processed keys: ['state_dict', 'optimizer_states', 'lr_schedulers']
01:01:13.589 | INFO    (702499, stable_pretraining.callbacks.cpu_offload) | Cumulative stats:
01:01:13.589 | INFO    (702499, stable_pretraining.callbacks.cpu_offload) |   - Total checkpoints saved: 3
01:01:13.589 | INFO    (702499, stable_pretraining.callbacks.cpu_offload) |   - Total time in offload: 0.02s
01:01:13.589 | INFO    (702499, stable_pretraining.callbacks.cpu_offload) |   - Total memory freed: 0.00 GB
01:01:13.589 | INFO    (702499, stable_pretraining.callbacks.cpu_offload) |   - Average time per checkpoint: 0.01s
01:01:13.589 | INFO    (702499, stable_pretraining.callbacks.cpu_offload) | ============================================================
01:48:24.852 | WARNING (702499, stable_pretraining.module) | You are calling self.parameters which also gives callbacks parameters, to remove then, pass `with_callbacks=False`
01:49:54.151 | INFO    (702499, stable_pretraining.callbacks.trainer_info) | \n+----------------------------+---------------------+
|           Metric           |        Value        |
+----------------------------+---------------------+
|        [0;34;40mfit/ar_loss[0m         | [0;32;40m0.05507848784327507[0m |
|          [0;34;40mfit/loss[0m          |  [0;32;40m0.327737957239151[0m  |
|       [0;34;40mfit/pred_loss[0m        |  [0;32;40m0.0933629646897316[0m |
|      [0;34;40mfit/sigreg_loss[0m       |        [0;32;40m1.5625[0m       |
|      [0;34;40mvalidate/ar_loss[0m      | [0;32;40m0.05849703028798103[0m |
|   [0;34;40mvalidate/ar_loss_epoch[0m   | [0;32;40m0.05849703028798103[0m |
|       [0;34;40mvalidate/loss[0m        |  [0;32;40m0.4947977364063263[0m |
|    [0;34;40mvalidate/loss_epoch[0m     |  [0;32;40m0.4947977364063263[0m |
|     [0;34;40mvalidate/pred_loss[0m     | [0;32;40m0.09645865857601166[0m |
|  [0;34;40mvalidate/pred_loss_epoch[0m  | [0;32;40m0.09645865857601166[0m |
|    [0;34;40mvalidate/sigreg_loss[0m    |  [0;32;40m2.6555771827697754[0m |
| [0;34;40mvalidate/sigreg_loss_epoch[0m |  [0;32;40m2.6555771827697754[0m |
+----------------------------+---------------------+
01:49:54.158 | INFO    (702499, stable_pretraining.callbacks.checkpoint_sklearn) | Checking for non PyTorch modules to save... 🔧
01:49:54.159 | INFO    (702499, stable_pretraining.callbacks.checkpoint_sklearn) | Checking for Wandb params to save... 🔧
01:49:54.159 | INFO    (702499, stable_pretraining.callbacks.checkpoint_sklearn) | Saving Wandb params {'id': 'oz81yajr'}
01:49:54.159 | INFO    (702499, stable_pretraining.callbacks.checkpoint_sklearn) | Checking for Wandb params to save... Done!
01:49:54.159 | INFO    (702499, stable_pretraining.callbacks.cpu_offload) | ============================================================
01:49:54.159 | INFO    (702499, stable_pretraining.callbacks.cpu_offload) | CPUOffloadCallback: Starting checkpoint CPU offload (#4)
01:49:54.159 | INFO    (702499, stable_pretraining.callbacks.cpu_offload) |   - Global step: 49172
01:49:54.159 | INFO    (702499, stable_pretraining.callbacks.cpu_offload) |   - Epoch: 3
01:49:54.159 | INFO    (702499, stable_pretraining.callbacks.cpu_offload) | Checkpoint contains 11 keys: ['callbacks', 'epoch', 'global_step', 'hparams_name', 'hyper_parameters', 'loops', 'lr_schedulers', 'optimizer_states', 'pytorch-lightning_version', 'state_dict', 'wandb']
01:49:54.159 | INFO    (702499, stable_pretraining.callbacks.cpu_offload) | GPU memory before offload:
01:49:54.159 | INFO    (702499, stable_pretraining.callbacks.cpu_offload) |   - Allocated: 0.03 GB
01:49:54.159 | INFO    (702499, stable_pretraining.callbacks.cpu_offload) |   - Reserved: 13.91 GB
01:49:54.159 | INFO    (702499, stable_pretraining.callbacks.cpu_offload) | Processing checkpoint key: 'state_dict'
01:49:54.161 | SUCCESS (702499, stable_pretraining.callbacks.cpu_offload) | ✓ Completed 'state_dict' in 0.00s
01:49:54.161 | INFO    (702499, stable_pretraining.callbacks.cpu_offload) | Processing checkpoint key: 'optimizer_states'
01:49:54.164 | SUCCESS (702499, stable_pretraining.callbacks.cpu_offload) | ✓ Completed 'optimizer_states' in 0.00s
01:49:54.164 | INFO    (702499, stable_pretraining.callbacks.cpu_offload) | Processing checkpoint key: 'lr_schedulers'
01:49:54.165 | SUCCESS (702499, stable_pretraining.callbacks.cpu_offload) | ✓ Completed 'lr_schedulers' in 0.00s
01:49:54.165 | WARNING (702499, stable_pretraining.callbacks.cpu_offload) | Skipped 125 custom object(s)
01:49:54.165 | WARNING (702499, stable_pretraining.callbacks.cpu_offload) | First 10 skipped objects:
01:49:54.165 | WARNING (702499, stable_pretraining.callbacks.cpu_offload) |   - float at 'optimizer_states[0].param_groups[0].lr'
01:49:54.165 | WARNING (702499, stable_pretraining.callbacks.cpu_offload) |   - float at 'optimizer_states[0].param_groups[0].betas[0]'
01:49:54.165 | WARNING (702499, stable_pretraining.callbacks.cpu_offload) |   - float at 'optimizer_states[0].param_groups[0].betas[1]'
01:49:54.165 | WARNING (702499, stable_pretraining.callbacks.cpu_offload) |   - float at 'optimizer_states[0].param_groups[0].eps'
01:49:54.165 | WARNING (702499, stable_pretraining.callbacks.cpu_offload) |   - float at 'optimizer_states[0].param_groups[0].weight_decay'
01:49:54.165 | WARNING (702499, stable_pretraining.callbacks.cpu_offload) |   - bool at 'optimizer_states[0].param_groups[0].amsgrad'
01:49:54.165 | WARNING (702499, stable_pretraining.callbacks.cpu_offload) |   - bool at 'optimizer_states[0].param_groups[0].maximize'
01:49:54.165 | WARNING (702499, stable_pretraining.callbacks.cpu_offload) |   - NoneType at 'optimizer_states[0].param_groups[0].foreach'
01:49:54.165 | WARNING (702499, stable_pretraining.callbacks.cpu_offload) |   - bool at 'optimizer_states[0].param_groups[0].capturable'
01:49:54.165 | WARNING (702499, stable_pretraining.callbacks.cpu_offload) |   - bool at 'optimizer_states[0].param_groups[0].differentiable'
01:49:54.165 | WARNING (702499, stable_pretraining.callbacks.cpu_offload) | ... (105 more skipped) ...
01:49:54.165 | WARNING (702499, stable_pretraining.callbacks.cpu_offload) | Last 10 skipped objects:
01:49:54.165 | WARNING (702499, stable_pretraining.callbacks.cpu_offload) |   - int at 'lr_schedulers[0].warmup_steps'
01:49:54.165 | WARNING (702499, stable_pretraining.callbacks.cpu_offload) |   - int at 'lr_schedulers[0].max_steps'
01:49:54.165 | WARNING (702499, stable_pretraining.callbacks.cpu_offload) |   - float at 'lr_schedulers[0].warmup_start_lr'
01:49:54.165 | WARNING (702499, stable_pretraining.callbacks.cpu_offload) |   - float at 'lr_schedulers[0].eta_min'
01:49:54.165 | WARNING (702499, stable_pretraining.callbacks.cpu_offload) |   - float at 'lr_schedulers[0].base_lrs[0]'
01:49:54.165 | WARNING (702499, stable_pretraining.callbacks.cpu_offload) |   - int at 'lr_schedulers[0].last_epoch'
01:49:54.165 | WARNING (702499, stable_pretraining.callbacks.cpu_offload) |   - int at 'lr_schedulers[0]._step_count'
01:49:54.165 | WARNING (702499, stable_pretraining.callbacks.cpu_offload) |   - bool at 'lr_schedulers[0]._is_initial'
01:49:54.165 | WARNING (702499, stable_pretraining.callbacks.cpu_offload) |   - bool at 'lr_schedulers[0]._get_lr_called_within_step'
01:49:54.165 | WARNING (702499, stable_pretraining.callbacks.cpu_offload) |   - float at 'lr_schedulers[0]._last_lr[0]'
01:49:54.165 | INFO    (702499, stable_pretraining.callbacks.cpu_offload) | To see all 125 skipped objects, set log_skipped=True
01:49:54.165 | INFO    (702499, stable_pretraining.callbacks.cpu_offload) | GPU memory after offload:
01:49:54.165 | INFO    (702499, stable_pretraining.callbacks.cpu_offload) |   - Allocated: 0.03 GB
01:49:54.166 | INFO    (702499, stable_pretraining.callbacks.cpu_offload) |   - Reserved: 13.91 GB
01:49:54.166 | INFO    (702499, stable_pretraining.callbacks.cpu_offload) | GPU memory freed: 0.00 GB
01:49:54.166 | SUCCESS (702499, stable_pretraining.callbacks.cpu_offload) | CPUOffloadCallback: Checkpoint #4 completed in 0.01s
01:49:54.166 | INFO    (702499, stable_pretraining.callbacks.cpu_offload) | Successfully processed keys: ['state_dict', 'optimizer_states', 'lr_schedulers']
01:49:54.166 | INFO    (702499, stable_pretraining.callbacks.cpu_offload) | Cumulative stats:
01:49:54.166 | INFO    (702499, stable_pretraining.callbacks.cpu_offload) |   - Total checkpoints saved: 4
01:49:54.166 | INFO    (702499, stable_pretraining.callbacks.cpu_offload) |   - Total time in offload: 0.03s
01:49:54.166 | INFO    (702499, stable_pretraining.callbacks.cpu_offload) |   - Total memory freed: 0.00 GB
01:49:54.166 | INFO    (702499, stable_pretraining.callbacks.cpu_offload) |   - Average time per checkpoint: 0.01s
01:49:54.166 | INFO    (702499, stable_pretraining.callbacks.cpu_offload) | ============================================================
02:37:04.924 | WARNING (702499, stable_pretraining.module) | You are calling self.parameters which also gives callbacks parameters, to remove then, pass `with_callbacks=False`
02:38:34.220 | INFO    (702499, stable_pretraining.callbacks.trainer_info) | \n+----------------------------+---------------------+
|           Metric           |        Value        |
+----------------------------+---------------------+
|        [0;34;40mfit/ar_loss[0m         | [0;32;40m0.04896319657564163[0m |
|          [0;34;40mfit/loss[0m          |  [0;32;40m0.2963274121284485[0m |
|       [0;34;40mfit/pred_loss[0m        | [0;32;40m0.08441333472728729[0m |
|      [0;34;40mfit/sigreg_loss[0m       |      [0;32;40m1.4140625[0m      |
|      [0;34;40mvalidate/ar_loss[0m      | [0;32;40m0.05087316781282425[0m |
|   [0;34;40mvalidate/ar_loss_epoch[0m   | [0;32;40m0.05087316781282425[0m |
|       [0;34;40mvalidate/loss[0m        |  [0;32;40m0.4606472849845886[0m |
|    [0;34;40mvalidate/loss_epoch[0m     |  [0;32;40m0.4606472849845886[0m |
|     [0;34;40mvalidate/pred_loss[0m     | [0;32;40m0.08452095091342926[0m |
|  [0;34;40mvalidate/pred_loss_epoch[0m  | [0;32;40m0.08452095091342926[0m |
|    [0;34;40mvalidate/sigreg_loss[0m    |  [0;32;40m2.507572889328003[0m  |
| [0;34;40mvalidate/sigreg_loss_epoch[0m |  [0;32;40m2.507572889328003[0m  |
+----------------------------+---------------------+
02:38:34.228 | INFO    (702499, stable_pretraining.callbacks.checkpoint_sklearn) | Checking for non PyTorch modules to save... 🔧
02:38:34.228 | INFO    (702499, stable_pretraining.callbacks.checkpoint_sklearn) | Checking for Wandb params to save... 🔧
02:38:34.229 | INFO    (702499, stable_pretraining.callbacks.checkpoint_sklearn) | Saving Wandb params {'id': 'oz81yajr'}
02:38:34.229 | INFO    (702499, stable_pretraining.callbacks.checkpoint_sklearn) | Checking for Wandb params to save... Done!
02:38:34.229 | INFO    (702499, stable_pretraining.callbacks.cpu_offload) | ============================================================
02:38:34.229 | INFO    (702499, stable_pretraining.callbacks.cpu_offload) | CPUOffloadCallback: Starting checkpoint CPU offload (#5)
02:38:34.229 | INFO    (702499, stable_pretraining.callbacks.cpu_offload) |   - Global step: 61465
02:38:34.229 | INFO    (702499, stable_pretraining.callbacks.cpu_offload) |   - Epoch: 4
02:38:34.229 | INFO    (702499, stable_pretraining.callbacks.cpu_offload) | Checkpoint contains 11 keys: ['callbacks', 'epoch', 'global_step', 'hparams_name', 'hyper_parameters', 'loops', 'lr_schedulers', 'optimizer_states', 'pytorch-lightning_version', 'state_dict', 'wandb']
02:38:34.229 | INFO    (702499, stable_pretraining.callbacks.cpu_offload) | GPU memory before offload:
02:38:34.229 | INFO    (702499, stable_pretraining.callbacks.cpu_offload) |   - Allocated: 0.03 GB
02:38:34.229 | INFO    (702499, stable_pretraining.callbacks.cpu_offload) |   - Reserved: 13.91 GB
02:38:34.229 | INFO    (702499, stable_pretraining.callbacks.cpu_offload) | Processing checkpoint key: 'state_dict'
02:38:34.231 | SUCCESS (702499, stable_pretraining.callbacks.cpu_offload) | ✓ Completed 'state_dict' in 0.00s
02:38:34.231 | INFO    (702499, stable_pretraining.callbacks.cpu_offload) | Processing checkpoint key: 'optimizer_states'
02:38:34.235 | SUCCESS (702499, stable_pretraining.callbacks.cpu_offload) | ✓ Completed 'optimizer_states' in 0.00s
02:38:34.235 | INFO    (702499, stable_pretraining.callbacks.cpu_offload) | Processing checkpoint key: 'lr_schedulers'
02:38:34.235 | SUCCESS (702499, stable_pretraining.callbacks.cpu_offload) | ✓ Completed 'lr_schedulers' in 0.00s
02:38:34.235 | WARNING (702499, stable_pretraining.callbacks.cpu_offload) | Skipped 125 custom object(s)
02:38:34.235 | WARNING (702499, stable_pretraining.callbacks.cpu_offload) | First 10 skipped objects:
02:38:34.235 | WARNING (702499, stable_pretraining.callbacks.cpu_offload) |   - float at 'optimizer_states[0].param_groups[0].lr'
02:38:34.235 | WARNING (702499, stable_pretraining.callbacks.cpu_offload) |   - float at 'optimizer_states[0].param_groups[0].betas[0]'
02:38:34.235 | WARNING (702499, stable_pretraining.callbacks.cpu_offload) |   - float at 'optimizer_states[0].param_groups[0].betas[1]'
02:38:34.235 | WARNING (702499, stable_pretraining.callbacks.cpu_offload) |   - float at 'optimizer_states[0].param_groups[0].eps'
02:38:34.235 | WARNING (702499, stable_pretraining.callbacks.cpu_offload) |   - float at 'optimizer_states[0].param_groups[0].weight_decay'
02:38:34.235 | WARNING (702499, stable_pretraining.callbacks.cpu_offload) |   - bool at 'optimizer_states[0].param_groups[0].amsgrad'
02:38:34.235 | WARNING (702499, stable_pretraining.callbacks.cpu_offload) |   - bool at 'optimizer_states[0].param_groups[0].maximize'
02:38:34.235 | WARNING (702499, stable_pretraining.callbacks.cpu_offload) |   - NoneType at 'optimizer_states[0].param_groups[0].foreach'
02:38:34.235 | WARNING (702499, stable_pretraining.callbacks.cpu_offload) |   - bool at 'optimizer_states[0].param_groups[0].capturable'
02:38:34.236 | WARNING (702499, stable_pretraining.callbacks.cpu_offload) |   - bool at 'optimizer_states[0].param_groups[0].differentiable'
02:38:34.236 | WARNING (702499, stable_pretraining.callbacks.cpu_offload) | ... (105 more skipped) ...
02:38:34.236 | WARNING (702499, stable_pretraining.callbacks.cpu_offload) | Last 10 skipped objects:
02:38:34.236 | WARNING (702499, stable_pretraining.callbacks.cpu_offload) |   - int at 'lr_schedulers[0].warmup_steps'
02:38:34.236 | WARNING (702499, stable_pretraining.callbacks.cpu_offload) |   - int at 'lr_schedulers[0].max_steps'
02:38:34.236 | WARNING (702499, stable_pretraining.callbacks.cpu_offload) |   - float at 'lr_schedulers[0].warmup_start_lr'
02:38:34.236 | WARNING (702499, stable_pretraining.callbacks.cpu_offload) |   - float at 'lr_schedulers[0].eta_min'
02:38:34.236 | WARNING (702499, stable_pretraining.callbacks.cpu_offload) |   - float at 'lr_schedulers[0].base_lrs[0]'
02:38:34.236 | WARNING (702499, stable_pretraining.callbacks.cpu_offload) |   - int at 'lr_schedulers[0].last_epoch'
02:38:34.236 | WARNING (702499, stable_pretraining.callbacks.cpu_offload) |   - int at 'lr_schedulers[0]._step_count'
02:38:34.236 | WARNING (702499, stable_pretraining.callbacks.cpu_offload) |   - bool at 'lr_schedulers[0]._is_initial'
02:38:34.236 | WARNING (702499, stable_pretraining.callbacks.cpu_offload) |   - bool at 'lr_schedulers[0]._get_lr_called_within_step'
02:38:34.236 | WARNING (702499, stable_pretraining.callbacks.cpu_offload) |   - float at 'lr_schedulers[0]._last_lr[0]'
02:38:34.236 | INFO    (702499, stable_pretraining.callbacks.cpu_offload) | To see all 125 skipped objects, set log_skipped=True
02:38:34.236 | INFO    (702499, stable_pretraining.callbacks.cpu_offload) | GPU memory after offload:
02:38:34.236 | INFO    (702499, stable_pretraining.callbacks.cpu_offload) |   - Allocated: 0.03 GB
02:38:34.236 | INFO    (702499, stable_pretraining.callbacks.cpu_offload) |   - Reserved: 13.91 GB
02:38:34.236 | INFO    (702499, stable_pretraining.callbacks.cpu_offload) | GPU memory freed: 0.00 GB
02:38:34.236 | SUCCESS (702499, stable_pretraining.callbacks.cpu_offload) | CPUOffloadCallback: Checkpoint #5 completed in 0.01s
02:38:34.237 | INFO    (702499, stable_pretraining.callbacks.cpu_offload) | Successfully processed keys: ['state_dict', 'optimizer_states', 'lr_schedulers']
02:38:34.237 | INFO    (702499, stable_pretraining.callbacks.cpu_offload) | Cumulative stats:
02:38:34.237 | INFO    (702499, stable_pretraining.callbacks.cpu_offload) |   - Total checkpoints saved: 5
02:38:34.237 | INFO    (702499, stable_pretraining.callbacks.cpu_offload) |   - Total time in offload: 0.03s
02:38:34.237 | INFO    (702499, stable_pretraining.callbacks.cpu_offload) |   - Total memory freed: 0.00 GB
02:38:34.237 | INFO    (702499, stable_pretraining.callbacks.cpu_offload) |   - Average time per checkpoint: 0.01s
02:38:34.237 | INFO    (702499, stable_pretraining.callbacks.cpu_offload) | ============================================================
03:25:44.211 | WARNING (702499, stable_pretraining.module) | You are calling self.parameters which also gives callbacks parameters, to remove then, pass `with_callbacks=False`
[2026-04-25 03:27:13,557][root][INFO] - [HIProbe] Epoch 5 (seq_len=32, obs_window=1): encoding ...
[2026-04-25 03:27:13,804][root][INFO] - [HIProbe] Embedding std — min=0.6956  mean=0.9809  max=1.3094
[2026-04-25 03:27:13,804][root][INFO] - [HIProbe] Training TransformerProbe (max 150 epochs, patience=20) ...
[2026-04-25 03:27:13,902][root][INFO] - [HIProbe] probe dataset: train=28,280 windows, test=26,700 windows  (seq_len=32)
[2026-04-25 03:27:34,183][root][INFO] - [HIProbe] Early stop at probe epoch 53 (best mean RMSE=0.00317)
[2026-04-25 03:27:34,229][root][INFO] - 
[HIProbe] Epoch 5 | seq_len=32 — results
[2026-04-25 03:27:34,229][root][INFO] - ──────────────────────────────────────────────────────────────────
[2026-04-25 03:27:34,229][root][INFO] -   Component                           R²        RMSE   Pearson-r
[2026-04-25 03:27:34,229][root][INFO] - ──────────────────────────────────────────────────────────────────
[2026-04-25 03:27:34,229][root][INFO] -   HI_0                           -0.0988     0.00294      0.3695
[2026-04-25 03:27:34,230][root][INFO] -   HI_1                           -1.2571     0.00482     -0.1674
[2026-04-25 03:27:34,230][root][INFO] -   HI_2                           -1.4393     0.00625      0.0396
[2026-04-25 03:27:34,230][root][INFO] -   HI_3                            0.0589     0.00404      0.6169
[2026-04-25 03:27:34,230][root][INFO] -   HI_4                           -1.2762     0.00441      0.3297
[2026-04-25 03:27:34,230][root][INFO] -   HI_5                           -5.6634     0.00345      0.0552
[2026-04-25 03:27:34,230][root][INFO] -   HI_6                           -0.5051     0.00114      0.0665
[2026-04-25 03:27:34,230][root][INFO] -   HI_7                           -1.0471     0.00144     -0.1041
[2026-04-25 03:27:34,230][root][INFO] -   HI_8                           -0.2094     0.00134      0.0687
[2026-04-25 03:27:34,230][root][INFO] -   HI_9                           -1.8008     0.00185      0.0849
[2026-04-25 03:27:34,230][root][INFO] - ──────────────────────────────────────────────────────────────────
[2026-04-25 03:27:34,230][root][INFO] -   MEAN                           -1.3238     0.00317      0.1360
[2026-04-25 03:27:34,230][root][INFO] - ──────────────────────────────────────────────────────────────────
[2026-04-25 03:27:34,230][root][INFO] - [HIProbe] Training Action-RUL probe (max_horizon=300) ...
[2026-04-25 03:27:34,328][root][INFO] - [HIProbe] Action-RUL probe dataset: train=28,280, test=26,700 windows
[2026-04-25 03:27:42,329][root][INFO] - [HIProbe] RUL early stop at probe epoch 21
[2026-04-25 03:27:42,365][root][INFO] - [HIProbe] Action-RUL evaluation: 26700/26700 (100.0%) uncensored test samples (tau < 300)
[2026-04-25 03:27:42,373][root][INFO] - [HIProbe] Action-RUL — RMSE=28.39 steps  MAE=22.73 steps  R2=-0.2197  Pearson=0.0038
[2026-04-25 03:27:42,373][root][INFO] - [HIProbe] Appended to hi_probe_metrics.csv
[2026-04-25 03:27:42,373][root][INFO] - [HIProbe] Logged 38 metrics to wandb.
03:27:42.385 | INFO    (702499, stable_pretraining.callbacks.trainer_info) | \n+-----------------------------------+-----------------------+
|               Metric              |         Value         |
+-----------------------------------+-----------------------+
|            [0;34;40mfit/ar_loss[0m            |  [0;32;40m0.043983153998851776[0m |
|              [0;34;40mfit/loss[0m             |   [0;32;40m0.3055109977722168[0m  |
|           [0;34;40mfit/pred_loss[0m           |   [0;32;40m0.0809016078710556[0m  |
|          [0;34;40mfit/sigreg_loss[0m          |          [0;32;40m1.5[0m          |
|    [0;34;40mhi_probe/sl32/HI_0/pearson_r[0m   |  [0;32;40m0.36951637268066406[0m  |
|       [0;34;40mhi_probe/sl32/HI_0/r2[0m       |  [0;32;40m-0.09875452518463135[0m |
|      [0;34;40mhi_probe/sl32/HI_0/rmse[0m      |  [0;32;40m0.00293704099021852[0m  |
|    [0;34;40mhi_probe/sl32/HI_1/pearson_r[0m   |  [0;32;40m-0.16737055778503418[0m |
|       [0;34;40mhi_probe/sl32/HI_1/r2[0m       |   [0;32;40m-1.257066011428833[0m  |
|      [0;34;40mhi_probe/sl32/HI_1/rmse[0m      | [0;32;40m0.0048189060762524605[0m |
|    [0;34;40mhi_probe/sl32/HI_2/pearson_r[0m   |  [0;32;40m0.03963913023471832[0m  |
|       [0;34;40mhi_probe/sl32/HI_2/r2[0m       |  [0;32;40m-1.4392671585083008[0m  |
|      [0;34;40mhi_probe/sl32/HI_2/rmse[0m      |  [0;32;40m0.006250356324017048[0m |
|    [0;34;40mhi_probe/sl32/HI_3/pearson_r[0m   |   [0;32;40m0.6168763637542725[0m  |
|       [0;34;40mhi_probe/sl32/HI_3/r2[0m       |  [0;32;40m0.05887043476104736[0m  |
|      [0;34;40mhi_probe/sl32/HI_3/rmse[0m      |  [0;32;40m0.004038771148771048[0m |
|    [0;34;40mhi_probe/sl32/HI_4/pearson_r[0m   |   [0;32;40m0.3296583592891693[0m  |
|       [0;34;40mhi_probe/sl32/HI_4/r2[0m       |  [0;32;40m-1.2762165069580078[0m  |
|      [0;34;40mhi_probe/sl32/HI_4/rmse[0m      |  [0;32;40m0.004411828238517046[0m |
|    [0;34;40mhi_probe/sl32/HI_5/pearson_r[0m   |  [0;32;40m0.055177100002765656[0m |
|       [0;34;40mhi_probe/sl32/HI_5/r2[0m       |   [0;32;40m-5.663438320159912[0m  |
|      [0;34;40mhi_probe/sl32/HI_5/rmse[0m      | [0;32;40m0.0034467335790395737[0m |
|    [0;34;40mhi_probe/sl32/HI_6/pearson_r[0m   |  [0;32;40m0.06652887165546417[0m  |
|       [0;34;40mhi_probe/sl32/HI_6/r2[0m       |  [0;32;40m-0.5051326751708984[0m  |
|      [0;34;40mhi_probe/sl32/HI_6/rmse[0m      | [0;32;40m0.0011394639732316136[0m |
|    [0;34;40mhi_probe/sl32/HI_7/pearson_r[0m   |  [0;32;40m-0.10414508730173111[0m |
|       [0;34;40mhi_probe/sl32/HI_7/r2[0m       |   [0;32;40m-1.04710054397583[0m   |
|      [0;34;40mhi_probe/sl32/HI_7/rmse[0m      |  [0;32;40m0.001443955348804593[0m |
|    [0;34;40mhi_probe/sl32/HI_8/pearson_r[0m   |   [0;32;40m0.0687478631734848[0m  |
|       [0;34;40mhi_probe/sl32/HI_8/r2[0m       |  [0;32;40m-0.20935463905334473[0m |
|      [0;34;40mhi_probe/sl32/HI_8/rmse[0m      | [0;32;40m0.0013412118423730135[0m |
|    [0;34;40mhi_probe/sl32/HI_9/pearson_r[0m   |  [0;32;40m0.08488515019416809[0m  |
|       [0;34;40mhi_probe/sl32/HI_9/r2[0m       |  [0;32;40m-1.8007500171661377[0m  |
|      [0;34;40mhi_probe/sl32/HI_9/rmse[0m      | [0;32;40m0.0018530500819906592[0m |
|    [0;34;40mhi_probe/sl32/mean_pearson_r[0m   |  [0;32;40m0.13595135509967804[0m  |
|       [0;34;40mhi_probe/sl32/mean_r2[0m       |   [0;32;40m-1.323820948600769[0m  |
|      [0;34;40mhi_probe/sl32/mean_rmse[0m      | [0;32;40m0.0031681316904723644[0m |
| [0;34;40mhi_probe/sl32/rul/frac_uncensored[0m |          [0;32;40m1.0[0m          |
|       [0;34;40mhi_probe/sl32/rul/mae[0m       |   [0;32;40m22.730297088623047[0m  |
|    [0;34;40mhi_probe/sl32/rul/pearson_r[0m    |  [0;32;40m0.003782445564866066[0m |
|        [0;34;40mhi_probe/sl32/rul/r2[0m       |  [0;32;40m-0.21969211101531982[0m |
|       [0;34;40mhi_probe/sl32/rul/rmse[0m      |   [0;32;40m28.38592529296875[0m   |
|          [0;34;40mvalidate/ar_loss[0m         |  [0;32;40m0.04651105776429176[0m  |
|       [0;34;40mvalidate/ar_loss_epoch[0m      |  [0;32;40m0.04651105776429176[0m  |
|           [0;34;40mvalidate/loss[0m           |   [0;32;40m0.4339073598384857[0m  |
|        [0;34;40mvalidate/loss_epoch[0m        |   [0;32;40m0.4339073598384857[0m  |
|         [0;34;40mvalidate/pred_loss[0m        |  [0;32;40m0.07778327167034149[0m  |
|      [0;34;40mvalidate/pred_loss_epoch[0m     |  [0;32;40m0.07778327167034149[0m  |
|        [0;34;40mvalidate/sigreg_loss[0m       |   [0;32;40m2.374101400375366[0m   |
|     [0;34;40mvalidate/sigreg_loss_epoch[0m    |   [0;32;40m2.374101400375366[0m   |
+-----------------------------------+-----------------------+
03:27:42.393 | INFO    (702499, stable_pretraining.callbacks.checkpoint_sklearn) | Checking for non PyTorch modules to save... 🔧
03:27:42.393 | INFO    (702499, stable_pretraining.callbacks.checkpoint_sklearn) | Checking for Wandb params to save... 🔧
03:27:42.393 | INFO    (702499, stable_pretraining.callbacks.checkpoint_sklearn) | Saving Wandb params {'id': 'oz81yajr'}
03:27:42.393 | INFO    (702499, stable_pretraining.callbacks.checkpoint_sklearn) | Checking for Wandb params to save... Done!
03:27:42.393 | INFO    (702499, stable_pretraining.callbacks.cpu_offload) | ============================================================
03:27:42.393 | INFO    (702499, stable_pretraining.callbacks.cpu_offload) | CPUOffloadCallback: Starting checkpoint CPU offload (#6)
03:27:42.393 | INFO    (702499, stable_pretraining.callbacks.cpu_offload) |   - Global step: 73758
03:27:42.393 | INFO    (702499, stable_pretraining.callbacks.cpu_offload) |   - Epoch: 5
03:27:42.393 | INFO    (702499, stable_pretraining.callbacks.cpu_offload) | Checkpoint contains 11 keys: ['callbacks', 'epoch', 'global_step', 'hparams_name', 'hyper_parameters', 'loops', 'lr_schedulers', 'optimizer_states', 'pytorch-lightning_version', 'state_dict', 'wandb']
03:27:42.393 | INFO    (702499, stable_pretraining.callbacks.cpu_offload) | GPU memory before offload:
03:27:42.393 | INFO    (702499, stable_pretraining.callbacks.cpu_offload) |   - Allocated: 0.03 GB
03:27:42.393 | INFO    (702499, stable_pretraining.callbacks.cpu_offload) |   - Reserved: 13.91 GB
03:27:42.393 | INFO    (702499, stable_pretraining.callbacks.cpu_offload) | Processing checkpoint key: 'state_dict'
03:27:42.395 | SUCCESS (702499, stable_pretraining.callbacks.cpu_offload) | ✓ Completed 'state_dict' in 0.00s
03:27:42.395 | INFO    (702499, stable_pretraining.callbacks.cpu_offload) | Processing checkpoint key: 'optimizer_states'
03:27:42.397 | SUCCESS (702499, stable_pretraining.callbacks.cpu_offload) | ✓ Completed 'optimizer_states' in 0.00s
03:27:42.397 | INFO    (702499, stable_pretraining.callbacks.cpu_offload) | Processing checkpoint key: 'lr_schedulers'
03:27:42.397 | SUCCESS (702499, stable_pretraining.callbacks.cpu_offload) | ✓ Completed 'lr_schedulers' in 0.00s
03:27:42.397 | WARNING (702499, stable_pretraining.callbacks.cpu_offload) | Skipped 125 custom object(s)
03:27:42.397 | WARNING (702499, stable_pretraining.callbacks.cpu_offload) | First 10 skipped objects:
03:27:42.397 | WARNING (702499, stable_pretraining.callbacks.cpu_offload) |   - float at 'optimizer_states[0].param_groups[0].lr'
03:27:42.397 | WARNING (702499, stable_pretraining.callbacks.cpu_offload) |   - float at 'optimizer_states[0].param_groups[0].betas[0]'
03:27:42.397 | WARNING (702499, stable_pretraining.callbacks.cpu_offload) |   - float at 'optimizer_states[0].param_groups[0].betas[1]'
03:27:42.397 | WARNING (702499, stable_pretraining.callbacks.cpu_offload) |   - float at 'optimizer_states[0].param_groups[0].eps'
03:27:42.397 | WARNING (702499, stable_pretraining.callbacks.cpu_offload) |   - float at 'optimizer_states[0].param_groups[0].weight_decay'
03:27:42.397 | WARNING (702499, stable_pretraining.callbacks.cpu_offload) |   - bool at 'optimizer_states[0].param_groups[0].amsgrad'
03:27:42.397 | WARNING (702499, stable_pretraining.callbacks.cpu_offload) |   - bool at 'optimizer_states[0].param_groups[0].maximize'
03:27:42.397 | WARNING (702499, stable_pretraining.callbacks.cpu_offload) |   - NoneType at 'optimizer_states[0].param_groups[0].foreach'
03:27:42.397 | WARNING (702499, stable_pretraining.callbacks.cpu_offload) |   - bool at 'optimizer_states[0].param_groups[0].capturable'
03:27:42.397 | WARNING (702499, stable_pretraining.callbacks.cpu_offload) |   - bool at 'optimizer_states[0].param_groups[0].differentiable'
03:27:42.397 | WARNING (702499, stable_pretraining.callbacks.cpu_offload) | ... (105 more skipped) ...
03:27:42.398 | WARNING (702499, stable_pretraining.callbacks.cpu_offload) | Last 10 skipped objects:
03:27:42.398 | WARNING (702499, stable_pretraining.callbacks.cpu_offload) |   - int at 'lr_schedulers[0].warmup_steps'
03:27:42.398 | WARNING (702499, stable_pretraining.callbacks.cpu_offload) |   - int at 'lr_schedulers[0].max_steps'
03:27:42.398 | WARNING (702499, stable_pretraining.callbacks.cpu_offload) |   - float at 'lr_schedulers[0].warmup_start_lr'
03:27:42.398 | WARNING (702499, stable_pretraining.callbacks.cpu_offload) |   - float at 'lr_schedulers[0].eta_min'
03:27:42.398 | WARNING (702499, stable_pretraining.callbacks.cpu_offload) |   - float at 'lr_schedulers[0].base_lrs[0]'
03:27:42.398 | WARNING (702499, stable_pretraining.callbacks.cpu_offload) |   - int at 'lr_schedulers[0].last_epoch'
03:27:42.398 | WARNING (702499, stable_pretraining.callbacks.cpu_offload) |   - int at 'lr_schedulers[0]._step_count'
03:27:42.398 | WARNING (702499, stable_pretraining.callbacks.cpu_offload) |   - bool at 'lr_schedulers[0]._is_initial'
03:27:42.398 | WARNING (702499, stable_pretraining.callbacks.cpu_offload) |   - bool at 'lr_schedulers[0]._get_lr_called_within_step'
03:27:42.398 | WARNING (702499, stable_pretraining.callbacks.cpu_offload) |   - float at 'lr_schedulers[0]._last_lr[0]'
03:27:42.398 | INFO    (702499, stable_pretraining.callbacks.cpu_offload) | To see all 125 skipped objects, set log_skipped=True
03:27:42.398 | INFO    (702499, stable_pretraining.callbacks.cpu_offload) | GPU memory after offload:
03:27:42.398 | INFO    (702499, stable_pretraining.callbacks.cpu_offload) |   - Allocated: 0.03 GB
03:27:42.398 | INFO    (702499, stable_pretraining.callbacks.cpu_offload) |   - Reserved: 13.91 GB
03:27:42.398 | INFO    (702499, stable_pretraining.callbacks.cpu_offload) | GPU memory freed: 0.00 GB
03:27:42.398 | SUCCESS (702499, stable_pretraining.callbacks.cpu_offload) | CPUOffloadCallback: Checkpoint #6 completed in 0.01s
03:27:42.398 | INFO    (702499, stable_pretraining.callbacks.cpu_offload) | Successfully processed keys: ['state_dict', 'optimizer_states', 'lr_schedulers']
03:27:42.398 | INFO    (702499, stable_pretraining.callbacks.cpu_offload) | Cumulative stats:
03:27:42.398 | INFO    (702499, stable_pretraining.callbacks.cpu_offload) |   - Total checkpoints saved: 6
03:27:42.398 | INFO    (702499, stable_pretraining.callbacks.cpu_offload) |   - Total time in offload: 0.04s
03:27:42.398 | INFO    (702499, stable_pretraining.callbacks.cpu_offload) |   - Total memory freed: 0.00 GB
03:27:42.399 | INFO    (702499, stable_pretraining.callbacks.cpu_offload) |   - Average time per checkpoint: 0.01s
03:27:42.399 | INFO    (702499, stable_pretraining.callbacks.cpu_offload) | ============================================================
04:14:52.055 | WARNING (702499, stable_pretraining.module) | You are calling self.parameters which also gives callbacks parameters, to remove then, pass `with_callbacks=False`
04:16:21.348 | INFO    (702499, stable_pretraining.callbacks.trainer_info) | \n+-----------------------------------+-----------------------+
|               Metric              |         Value         |
+-----------------------------------+-----------------------+
|            [0;34;40mfit/ar_loss[0m            |  [0;32;40m0.04293028265237808[0m  |
|              [0;34;40mfit/loss[0m             |  [0;32;40m0.28006699681282043[0m  |
|           [0;34;40mfit/pred_loss[0m           |  [0;32;40m0.07401230931282043[0m  |
|          [0;34;40mfit/sigreg_loss[0m          |         [0;32;40m1.375[0m         |
|    [0;34;40mhi_probe/sl32/HI_0/pearson_r[0m   |  [0;32;40m0.36951637268066406[0m  |
|       [0;34;40mhi_probe/sl32/HI_0/r2[0m       |  [0;32;40m-0.09875452518463135[0m |
|      [0;34;40mhi_probe/sl32/HI_0/rmse[0m      |  [0;32;40m0.00293704099021852[0m  |
|    [0;34;40mhi_probe/sl32/HI_1/pearson_r[0m   |  [0;32;40m-0.16737055778503418[0m |
|       [0;34;40mhi_probe/sl32/HI_1/r2[0m       |   [0;32;40m-1.257066011428833[0m  |
|      [0;34;40mhi_probe/sl32/HI_1/rmse[0m      | [0;32;40m0.0048189060762524605[0m |
|    [0;34;40mhi_probe/sl32/HI_2/pearson_r[0m   |  [0;32;40m0.03963913023471832[0m  |
|       [0;34;40mhi_probe/sl32/HI_2/r2[0m       |  [0;32;40m-1.4392671585083008[0m  |
|      [0;34;40mhi_probe/sl32/HI_2/rmse[0m      |  [0;32;40m0.006250356324017048[0m |
|    [0;34;40mhi_probe/sl32/HI_3/pearson_r[0m   |   [0;32;40m0.6168763637542725[0m  |
|       [0;34;40mhi_probe/sl32/HI_3/r2[0m       |  [0;32;40m0.05887043476104736[0m  |
|      [0;34;40mhi_probe/sl32/HI_3/rmse[0m      |  [0;32;40m0.004038771148771048[0m |
|    [0;34;40mhi_probe/sl32/HI_4/pearson_r[0m   |   [0;32;40m0.3296583592891693[0m  |
|       [0;34;40mhi_probe/sl32/HI_4/r2[0m       |  [0;32;40m-1.2762165069580078[0m  |
|      [0;34;40mhi_probe/sl32/HI_4/rmse[0m      |  [0;32;40m0.004411828238517046[0m |
|    [0;34;40mhi_probe/sl32/HI_5/pearson_r[0m   |  [0;32;40m0.055177100002765656[0m |
|       [0;34;40mhi_probe/sl32/HI_5/r2[0m       |   [0;32;40m-5.663438320159912[0m  |
|      [0;34;40mhi_probe/sl32/HI_5/rmse[0m      | [0;32;40m0.0034467335790395737[0m |
|    [0;34;40mhi_probe/sl32/HI_6/pearson_r[0m   |  [0;32;40m0.06652887165546417[0m  |
|       [0;34;40mhi_probe/sl32/HI_6/r2[0m       |  [0;32;40m-0.5051326751708984[0m  |
|      [0;34;40mhi_probe/sl32/HI_6/rmse[0m      | [0;32;40m0.0011394639732316136[0m |
|    [0;34;40mhi_probe/sl32/HI_7/pearson_r[0m   |  [0;32;40m-0.10414508730173111[0m |
|       [0;34;40mhi_probe/sl32/HI_7/r2[0m       |   [0;32;40m-1.04710054397583[0m   |
|      [0;34;40mhi_probe/sl32/HI_7/rmse[0m      |  [0;32;40m0.001443955348804593[0m |
|    [0;34;40mhi_probe/sl32/HI_8/pearson_r[0m   |   [0;32;40m0.0687478631734848[0m  |
|       [0;34;40mhi_probe/sl32/HI_8/r2[0m       |  [0;32;40m-0.20935463905334473[0m |
|      [0;34;40mhi_probe/sl32/HI_8/rmse[0m      | [0;32;40m0.0013412118423730135[0m |
|    [0;34;40mhi_probe/sl32/HI_9/pearson_r[0m   |  [0;32;40m0.08488515019416809[0m  |
|       [0;34;40mhi_probe/sl32/HI_9/r2[0m       |  [0;32;40m-1.8007500171661377[0m  |
|      [0;34;40mhi_probe/sl32/HI_9/rmse[0m      | [0;32;40m0.0018530500819906592[0m |
|    [0;34;40mhi_probe/sl32/mean_pearson_r[0m   |  [0;32;40m0.13595135509967804[0m  |
|       [0;34;40mhi_probe/sl32/mean_r2[0m       |   [0;32;40m-1.323820948600769[0m  |
|      [0;34;40mhi_probe/sl32/mean_rmse[0m      | [0;32;40m0.0031681316904723644[0m |
| [0;34;40mhi_probe/sl32/rul/frac_uncensored[0m |          [0;32;40m1.0[0m          |
|       [0;34;40mhi_probe/sl32/rul/mae[0m       |   [0;32;40m22.730297088623047[0m  |
|    [0;34;40mhi_probe/sl32/rul/pearson_r[0m    |  [0;32;40m0.003782445564866066[0m |
|        [0;34;40mhi_probe/sl32/rul/r2[0m       |  [0;32;40m-0.21969211101531982[0m |
|       [0;34;40mhi_probe/sl32/rul/rmse[0m      |   [0;32;40m28.38592529296875[0m   |
|          [0;34;40mvalidate/ar_loss[0m         |  [0;32;40m0.04191393777728081[0m  |
|       [0;34;40mvalidate/ar_loss_epoch[0m      |  [0;32;40m0.04191393777728081[0m  |
|           [0;34;40mvalidate/loss[0m           |   [0;32;40m0.4195903241634369[0m  |
|        [0;34;40mvalidate/loss_epoch[0m        |   [0;32;40m0.4195903241634369[0m  |
|         [0;34;40mvalidate/pred_loss[0m        |  [0;32;40m0.07046043872833252[0m  |
|      [0;34;40mvalidate/pred_loss_epoch[0m     |  [0;32;40m0.07046043872833252[0m  |
|        [0;34;40mvalidate/sigreg_loss[0m       |   [0;32;40m2.327570676803589[0m   |
|     [0;34;40mvalidate/sigreg_loss_epoch[0m    |   [0;32;40m2.327570676803589[0m   |
+-----------------------------------+-----------------------+
04:16:21.356 | INFO    (702499, stable_pretraining.callbacks.checkpoint_sklearn) | Checking for non PyTorch modules to save... 🔧
04:16:21.357 | INFO    (702499, stable_pretraining.callbacks.checkpoint_sklearn) | Checking for Wandb params to save... 🔧
04:16:21.357 | INFO    (702499, stable_pretraining.callbacks.checkpoint_sklearn) | Saving Wandb params {'id': 'oz81yajr'}
04:16:21.357 | INFO    (702499, stable_pretraining.callbacks.checkpoint_sklearn) | Checking for Wandb params to save... Done!
04:16:21.357 | INFO    (702499, stable_pretraining.callbacks.cpu_offload) | ============================================================
04:16:21.357 | INFO    (702499, stable_pretraining.callbacks.cpu_offload) | CPUOffloadCallback: Starting checkpoint CPU offload (#7)
04:16:21.357 | INFO    (702499, stable_pretraining.callbacks.cpu_offload) |   - Global step: 86051
04:16:21.357 | INFO    (702499, stable_pretraining.callbacks.cpu_offload) |   - Epoch: 6
04:16:21.357 | INFO    (702499, stable_pretraining.callbacks.cpu_offload) | Checkpoint contains 11 keys: ['callbacks', 'epoch', 'global_step', 'hparams_name', 'hyper_parameters', 'loops', 'lr_schedulers', 'optimizer_states', 'pytorch-lightning_version', 'state_dict', 'wandb']
04:16:21.357 | INFO    (702499, stable_pretraining.callbacks.cpu_offload) | GPU memory before offload:
04:16:21.357 | INFO    (702499, stable_pretraining.callbacks.cpu_offload) |   - Allocated: 0.03 GB
04:16:21.357 | INFO    (702499, stable_pretraining.callbacks.cpu_offload) |   - Reserved: 13.91 GB
04:16:21.357 | INFO    (702499, stable_pretraining.callbacks.cpu_offload) | Processing checkpoint key: 'state_dict'
04:16:21.359 | SUCCESS (702499, stable_pretraining.callbacks.cpu_offload) | ✓ Completed 'state_dict' in 0.00s
04:16:21.359 | INFO    (702499, stable_pretraining.callbacks.cpu_offload) | Processing checkpoint key: 'optimizer_states'
04:16:21.362 | SUCCESS (702499, stable_pretraining.callbacks.cpu_offload) | ✓ Completed 'optimizer_states' in 0.00s
04:16:21.362 | INFO    (702499, stable_pretraining.callbacks.cpu_offload) | Processing checkpoint key: 'lr_schedulers'
04:16:21.362 | SUCCESS (702499, stable_pretraining.callbacks.cpu_offload) | ✓ Completed 'lr_schedulers' in 0.00s
04:16:21.362 | WARNING (702499, stable_pretraining.callbacks.cpu_offload) | Skipped 125 custom object(s)
04:16:21.362 | WARNING (702499, stable_pretraining.callbacks.cpu_offload) | First 10 skipped objects:
04:16:21.362 | WARNING (702499, stable_pretraining.callbacks.cpu_offload) |   - float at 'optimizer_states[0].param_groups[0].lr'
04:16:21.362 | WARNING (702499, stable_pretraining.callbacks.cpu_offload) |   - float at 'optimizer_states[0].param_groups[0].betas[0]'
04:16:21.362 | WARNING (702499, stable_pretraining.callbacks.cpu_offload) |   - float at 'optimizer_states[0].param_groups[0].betas[1]'
04:16:21.362 | WARNING (702499, stable_pretraining.callbacks.cpu_offload) |   - float at 'optimizer_states[0].param_groups[0].eps'
04:16:21.362 | WARNING (702499, stable_pretraining.callbacks.cpu_offload) |   - float at 'optimizer_states[0].param_groups[0].weight_decay'
04:16:21.362 | WARNING (702499, stable_pretraining.callbacks.cpu_offload) |   - bool at 'optimizer_states[0].param_groups[0].amsgrad'
04:16:21.362 | WARNING (702499, stable_pretraining.callbacks.cpu_offload) |   - bool at 'optimizer_states[0].param_groups[0].maximize'
04:16:21.362 | WARNING (702499, stable_pretraining.callbacks.cpu_offload) |   - NoneType at 'optimizer_states[0].param_groups[0].foreach'
04:16:21.363 | WARNING (702499, stable_pretraining.callbacks.cpu_offload) |   - bool at 'optimizer_states[0].param_groups[0].capturable'
04:16:21.363 | WARNING (702499, stable_pretraining.callbacks.cpu_offload) |   - bool at 'optimizer_states[0].param_groups[0].differentiable'
04:16:21.363 | WARNING (702499, stable_pretraining.callbacks.cpu_offload) | ... (105 more skipped) ...
04:16:21.363 | WARNING (702499, stable_pretraining.callbacks.cpu_offload) | Last 10 skipped objects:
04:16:21.363 | WARNING (702499, stable_pretraining.callbacks.cpu_offload) |   - int at 'lr_schedulers[0].warmup_steps'
04:16:21.363 | WARNING (702499, stable_pretraining.callbacks.cpu_offload) |   - int at 'lr_schedulers[0].max_steps'
04:16:21.363 | WARNING (702499, stable_pretraining.callbacks.cpu_offload) |   - float at 'lr_schedulers[0].warmup_start_lr'
04:16:21.363 | WARNING (702499, stable_pretraining.callbacks.cpu_offload) |   - float at 'lr_schedulers[0].eta_min'
04:16:21.363 | WARNING (702499, stable_pretraining.callbacks.cpu_offload) |   - float at 'lr_schedulers[0].base_lrs[0]'
04:16:21.363 | WARNING (702499, stable_pretraining.callbacks.cpu_offload) |   - int at 'lr_schedulers[0].last_epoch'
04:16:21.363 | WARNING (702499, stable_pretraining.callbacks.cpu_offload) |   - int at 'lr_schedulers[0]._step_count'
04:16:21.363 | WARNING (702499, stable_pretraining.callbacks.cpu_offload) |   - bool at 'lr_schedulers[0]._is_initial'
04:16:21.363 | WARNING (702499, stable_pretraining.callbacks.cpu_offload) |   - bool at 'lr_schedulers[0]._get_lr_called_within_step'
04:16:21.363 | WARNING (702499, stable_pretraining.callbacks.cpu_offload) |   - float at 'lr_schedulers[0]._last_lr[0]'
04:16:21.363 | INFO    (702499, stable_pretraining.callbacks.cpu_offload) | To see all 125 skipped objects, set log_skipped=True
04:16:21.363 | INFO    (702499, stable_pretraining.callbacks.cpu_offload) | GPU memory after offload:
04:16:21.363 | INFO    (702499, stable_pretraining.callbacks.cpu_offload) |   - Allocated: 0.03 GB
04:16:21.363 | INFO    (702499, stable_pretraining.callbacks.cpu_offload) |   - Reserved: 13.91 GB
04:16:21.363 | INFO    (702499, stable_pretraining.callbacks.cpu_offload) | GPU memory freed: 0.00 GB
04:16:21.363 | SUCCESS (702499, stable_pretraining.callbacks.cpu_offload) | CPUOffloadCallback: Checkpoint #7 completed in 0.01s
04:16:21.363 | INFO    (702499, stable_pretraining.callbacks.cpu_offload) | Successfully processed keys: ['state_dict', 'optimizer_states', 'lr_schedulers']
04:16:21.363 | INFO    (702499, stable_pretraining.callbacks.cpu_offload) | Cumulative stats:
04:16:21.364 | INFO    (702499, stable_pretraining.callbacks.cpu_offload) |   - Total checkpoints saved: 7
04:16:21.364 | INFO    (702499, stable_pretraining.callbacks.cpu_offload) |   - Total time in offload: 0.05s
04:16:21.364 | INFO    (702499, stable_pretraining.callbacks.cpu_offload) |   - Total memory freed: 0.00 GB
04:16:21.364 | INFO    (702499, stable_pretraining.callbacks.cpu_offload) |   - Average time per checkpoint: 0.01s
04:16:21.364 | INFO    (702499, stable_pretraining.callbacks.cpu_offload) | ============================================================
05:03:31.055 | WARNING (702499, stable_pretraining.module) | You are calling self.parameters which also gives callbacks parameters, to remove then, pass `with_callbacks=False`
05:05:00.313 | INFO    (702499, stable_pretraining.callbacks.trainer_info) | \n+-----------------------------------+-----------------------+
|               Metric              |         Value         |
+-----------------------------------+-----------------------+
|            [0;34;40mfit/ar_loss[0m            |  [0;32;40m0.05435047671198845[0m  |
|              [0;34;40mfit/loss[0m             |  [0;32;40m0.27761539816856384[0m  |
|           [0;34;40mfit/pred_loss[0m           |  [0;32;40m0.08523258566856384[0m  |
|          [0;34;40mfit/sigreg_loss[0m          |        [0;32;40m1.28125[0m        |
|    [0;34;40mhi_probe/sl32/HI_0/pearson_r[0m   |  [0;32;40m0.36951637268066406[0m  |
|       [0;34;40mhi_probe/sl32/HI_0/r2[0m       |  [0;32;40m-0.09875452518463135[0m |
|      [0;34;40mhi_probe/sl32/HI_0/rmse[0m      |  [0;32;40m0.00293704099021852[0m  |
|    [0;34;40mhi_probe/sl32/HI_1/pearson_r[0m   |  [0;32;40m-0.16737055778503418[0m |
|       [0;34;40mhi_probe/sl32/HI_1/r2[0m       |   [0;32;40m-1.257066011428833[0m  |
|      [0;34;40mhi_probe/sl32/HI_1/rmse[0m      | [0;32;40m0.0048189060762524605[0m |
|    [0;34;40mhi_probe/sl32/HI_2/pearson_r[0m   |  [0;32;40m0.03963913023471832[0m  |
|       [0;34;40mhi_probe/sl32/HI_2/r2[0m       |  [0;32;40m-1.4392671585083008[0m  |
|      [0;34;40mhi_probe/sl32/HI_2/rmse[0m      |  [0;32;40m0.006250356324017048[0m |
|    [0;34;40mhi_probe/sl32/HI_3/pearson_r[0m   |   [0;32;40m0.6168763637542725[0m  |
|       [0;34;40mhi_probe/sl32/HI_3/r2[0m       |  [0;32;40m0.05887043476104736[0m  |
|      [0;34;40mhi_probe/sl32/HI_3/rmse[0m      |  [0;32;40m0.004038771148771048[0m |
|    [0;34;40mhi_probe/sl32/HI_4/pearson_r[0m   |   [0;32;40m0.3296583592891693[0m  |
|       [0;34;40mhi_probe/sl32/HI_4/r2[0m       |  [0;32;40m-1.2762165069580078[0m  |
|      [0;34;40mhi_probe/sl32/HI_4/rmse[0m      |  [0;32;40m0.004411828238517046[0m |
|    [0;34;40mhi_probe/sl32/HI_5/pearson_r[0m   |  [0;32;40m0.055177100002765656[0m |
|       [0;34;40mhi_probe/sl32/HI_5/r2[0m       |   [0;32;40m-5.663438320159912[0m  |
|      [0;34;40mhi_probe/sl32/HI_5/rmse[0m      | [0;32;40m0.0034467335790395737[0m |
|    [0;34;40mhi_probe/sl32/HI_6/pearson_r[0m   |  [0;32;40m0.06652887165546417[0m  |
|       [0;34;40mhi_probe/sl32/HI_6/r2[0m       |  [0;32;40m-0.5051326751708984[0m  |
|      [0;34;40mhi_probe/sl32/HI_6/rmse[0m      | [0;32;40m0.0011394639732316136[0m |
|    [0;34;40mhi_probe/sl32/HI_7/pearson_r[0m   |  [0;32;40m-0.10414508730173111[0m |
|       [0;34;40mhi_probe/sl32/HI_7/r2[0m       |   [0;32;40m-1.04710054397583[0m   |
|      [0;34;40mhi_probe/sl32/HI_7/rmse[0m      |  [0;32;40m0.001443955348804593[0m |
|    [0;34;40mhi_probe/sl32/HI_8/pearson_r[0m   |   [0;32;40m0.0687478631734848[0m  |
|       [0;34;40mhi_probe/sl32/HI_8/r2[0m       |  [0;32;40m-0.20935463905334473[0m |
|      [0;34;40mhi_probe/sl32/HI_8/rmse[0m      | [0;32;40m0.0013412118423730135[0m |
|    [0;34;40mhi_probe/sl32/HI_9/pearson_r[0m   |  [0;32;40m0.08488515019416809[0m  |
|       [0;34;40mhi_probe/sl32/HI_9/r2[0m       |  [0;32;40m-1.8007500171661377[0m  |
|      [0;34;40mhi_probe/sl32/HI_9/rmse[0m      | [0;32;40m0.0018530500819906592[0m |
|    [0;34;40mhi_probe/sl32/mean_pearson_r[0m   |  [0;32;40m0.13595135509967804[0m  |
|       [0;34;40mhi_probe/sl32/mean_r2[0m       |   [0;32;40m-1.323820948600769[0m  |
|      [0;34;40mhi_probe/sl32/mean_rmse[0m      | [0;32;40m0.0031681316904723644[0m |
| [0;34;40mhi_probe/sl32/rul/frac_uncensored[0m |          [0;32;40m1.0[0m          |
|       [0;34;40mhi_probe/sl32/rul/mae[0m       |   [0;32;40m22.730297088623047[0m  |
|    [0;34;40mhi_probe/sl32/rul/pearson_r[0m    |  [0;32;40m0.003782445564866066[0m |
|        [0;34;40mhi_probe/sl32/rul/r2[0m       |  [0;32;40m-0.21969211101531982[0m |
|       [0;34;40mhi_probe/sl32/rul/rmse[0m      |   [0;32;40m28.38592529296875[0m   |
|          [0;34;40mvalidate/ar_loss[0m         |  [0;32;40m0.040375251322984695[0m |
|       [0;34;40mvalidate/ar_loss_epoch[0m      |  [0;32;40m0.040375251322984695[0m |
|           [0;34;40mvalidate/loss[0m           |   [0;32;40m0.3948104679584503[0m  |
|        [0;34;40mvalidate/loss_epoch[0m        |   [0;32;40m0.3948104679584503[0m  |
|         [0;34;40mvalidate/pred_loss[0m        |   [0;32;40m0.0677470713853836[0m  |
|      [0;34;40mvalidate/pred_loss_epoch[0m     |   [0;32;40m0.0677470713853836[0m  |
|        [0;34;40mvalidate/sigreg_loss[0m       |   [0;32;40m2.1804122924804688[0m  |
|     [0;34;40mvalidate/sigreg_loss_epoch[0m    |   [0;32;40m2.1804122924804688[0m  |
+-----------------------------------+-----------------------+
05:05:00.321 | INFO    (702499, stable_pretraining.callbacks.checkpoint_sklearn) | Checking for non PyTorch modules to save... 🔧
05:05:00.322 | INFO    (702499, stable_pretraining.callbacks.checkpoint_sklearn) | Checking for Wandb params to save... 🔧
05:05:00.322 | INFO    (702499, stable_pretraining.callbacks.checkpoint_sklearn) | Saving Wandb params {'id': 'oz81yajr'}
05:05:00.322 | INFO    (702499, stable_pretraining.callbacks.checkpoint_sklearn) | Checking for Wandb params to save... Done!
05:05:00.322 | INFO    (702499, stable_pretraining.callbacks.cpu_offload) | ============================================================
05:05:00.322 | INFO    (702499, stable_pretraining.callbacks.cpu_offload) | CPUOffloadCallback: Starting checkpoint CPU offload (#8)
05:05:00.322 | INFO    (702499, stable_pretraining.callbacks.cpu_offload) |   - Global step: 98344
05:05:00.322 | INFO    (702499, stable_pretraining.callbacks.cpu_offload) |   - Epoch: 7
05:05:00.322 | INFO    (702499, stable_pretraining.callbacks.cpu_offload) | Checkpoint contains 11 keys: ['callbacks', 'epoch', 'global_step', 'hparams_name', 'hyper_parameters', 'loops', 'lr_schedulers', 'optimizer_states', 'pytorch-lightning_version', 'state_dict', 'wandb']
05:05:00.322 | INFO    (702499, stable_pretraining.callbacks.cpu_offload) | GPU memory before offload:
05:05:00.322 | INFO    (702499, stable_pretraining.callbacks.cpu_offload) |   - Allocated: 0.03 GB
05:05:00.322 | INFO    (702499, stable_pretraining.callbacks.cpu_offload) |   - Reserved: 13.91 GB
05:05:00.322 | INFO    (702499, stable_pretraining.callbacks.cpu_offload) | Processing checkpoint key: 'state_dict'
05:05:00.324 | SUCCESS (702499, stable_pretraining.callbacks.cpu_offload) | ✓ Completed 'state_dict' in 0.00s
05:05:00.324 | INFO    (702499, stable_pretraining.callbacks.cpu_offload) | Processing checkpoint key: 'optimizer_states'
05:05:00.327 | SUCCESS (702499, stable_pretraining.callbacks.cpu_offload) | ✓ Completed 'optimizer_states' in 0.00s
05:05:00.327 | INFO    (702499, stable_pretraining.callbacks.cpu_offload) | Processing checkpoint key: 'lr_schedulers'
05:05:00.327 | SUCCESS (702499, stable_pretraining.callbacks.cpu_offload) | ✓ Completed 'lr_schedulers' in 0.00s
05:05:00.327 | WARNING (702499, stable_pretraining.callbacks.cpu_offload) | Skipped 125 custom object(s)
05:05:00.327 | WARNING (702499, stable_pretraining.callbacks.cpu_offload) | First 10 skipped objects:
05:05:00.327 | WARNING (702499, stable_pretraining.callbacks.cpu_offload) |   - float at 'optimizer_states[0].param_groups[0].lr'
05:05:00.327 | WARNING (702499, stable_pretraining.callbacks.cpu_offload) |   - float at 'optimizer_states[0].param_groups[0].betas[0]'
05:05:00.327 | WARNING (702499, stable_pretraining.callbacks.cpu_offload) |   - float at 'optimizer_states[0].param_groups[0].betas[1]'
05:05:00.327 | WARNING (702499, stable_pretraining.callbacks.cpu_offload) |   - float at 'optimizer_states[0].param_groups[0].eps'
05:05:00.327 | WARNING (702499, stable_pretraining.callbacks.cpu_offload) |   - float at 'optimizer_states[0].param_groups[0].weight_decay'
05:05:00.327 | WARNING (702499, stable_pretraining.callbacks.cpu_offload) |   - bool at 'optimizer_states[0].param_groups[0].amsgrad'
05:05:00.327 | WARNING (702499, stable_pretraining.callbacks.cpu_offload) |   - bool at 'optimizer_states[0].param_groups[0].maximize'
05:05:00.327 | WARNING (702499, stable_pretraining.callbacks.cpu_offload) |   - NoneType at 'optimizer_states[0].param_groups[0].foreach'
05:05:00.327 | WARNING (702499, stable_pretraining.callbacks.cpu_offload) |   - bool at 'optimizer_states[0].param_groups[0].capturable'
05:05:00.327 | WARNING (702499, stable_pretraining.callbacks.cpu_offload) |   - bool at 'optimizer_states[0].param_groups[0].differentiable'
05:05:00.327 | WARNING (702499, stable_pretraining.callbacks.cpu_offload) | ... (105 more skipped) ...
05:05:00.327 | WARNING (702499, stable_pretraining.callbacks.cpu_offload) | Last 10 skipped objects:
05:05:00.327 | WARNING (702499, stable_pretraining.callbacks.cpu_offload) |   - int at 'lr_schedulers[0].warmup_steps'
05:05:00.327 | WARNING (702499, stable_pretraining.callbacks.cpu_offload) |   - int at 'lr_schedulers[0].max_steps'
05:05:00.327 | WARNING (702499, stable_pretraining.callbacks.cpu_offload) |   - float at 'lr_schedulers[0].warmup_start_lr'
05:05:00.327 | WARNING (702499, stable_pretraining.callbacks.cpu_offload) |   - float at 'lr_schedulers[0].eta_min'
05:05:00.327 | WARNING (702499, stable_pretraining.callbacks.cpu_offload) |   - float at 'lr_schedulers[0].base_lrs[0]'
05:05:00.327 | WARNING (702499, stable_pretraining.callbacks.cpu_offload) |   - int at 'lr_schedulers[0].last_epoch'
05:05:00.327 | WARNING (702499, stable_pretraining.callbacks.cpu_offload) |   - int at 'lr_schedulers[0]._step_count'
05:05:00.328 | WARNING (702499, stable_pretraining.callbacks.cpu_offload) |   - bool at 'lr_schedulers[0]._is_initial'
05:05:00.328 | WARNING (702499, stable_pretraining.callbacks.cpu_offload) |   - bool at 'lr_schedulers[0]._get_lr_called_within_step'
05:05:00.328 | WARNING (702499, stable_pretraining.callbacks.cpu_offload) |   - float at 'lr_schedulers[0]._last_lr[0]'
05:05:00.328 | INFO    (702499, stable_pretraining.callbacks.cpu_offload) | To see all 125 skipped objects, set log_skipped=True
05:05:00.328 | INFO    (702499, stable_pretraining.callbacks.cpu_offload) | GPU memory after offload:
05:05:00.328 | INFO    (702499, stable_pretraining.callbacks.cpu_offload) |   - Allocated: 0.03 GB
05:05:00.328 | INFO    (702499, stable_pretraining.callbacks.cpu_offload) |   - Reserved: 13.91 GB
05:05:00.328 | INFO    (702499, stable_pretraining.callbacks.cpu_offload) | GPU memory freed: 0.00 GB
05:05:00.328 | SUCCESS (702499, stable_pretraining.callbacks.cpu_offload) | CPUOffloadCallback: Checkpoint #8 completed in 0.01s
05:05:00.328 | INFO    (702499, stable_pretraining.callbacks.cpu_offload) | Successfully processed keys: ['state_dict', 'optimizer_states', 'lr_schedulers']
05:05:00.328 | INFO    (702499, stable_pretraining.callbacks.cpu_offload) | Cumulative stats:
05:05:00.328 | INFO    (702499, stable_pretraining.callbacks.cpu_offload) |   - Total checkpoints saved: 8
05:05:00.328 | INFO    (702499, stable_pretraining.callbacks.cpu_offload) |   - Total time in offload: 0.05s
05:05:00.328 | INFO    (702499, stable_pretraining.callbacks.cpu_offload) |   - Total memory freed: 0.00 GB
05:05:00.328 | INFO    (702499, stable_pretraining.callbacks.cpu_offload) |   - Average time per checkpoint: 0.01s
05:05:00.328 | INFO    (702499, stable_pretraining.callbacks.cpu_offload) | ============================================================
05:52:10.863 | WARNING (702499, stable_pretraining.module) | You are calling self.parameters which also gives callbacks parameters, to remove then, pass `with_callbacks=False`
05:53:40.151 | INFO    (702499, stable_pretraining.callbacks.trainer_info) | \n+-----------------------------------+-----------------------+
|               Metric              |         Value         |
+-----------------------------------+-----------------------+
|            [0;34;40mfit/ar_loss[0m            |  [0;32;40m0.04128754138946533[0m  |
|              [0;34;40mfit/loss[0m             |   [0;32;40m0.2542038559913635[0m  |
|           [0;34;40mfit/pred_loss[0m           |  [0;32;40m0.07353978604078293[0m  |
|          [0;34;40mfit/sigreg_loss[0m          |        [0;32;40m1.203125[0m       |
|    [0;34;40mhi_probe/sl32/HI_0/pearson_r[0m   |  [0;32;40m0.36951637268066406[0m  |
|       [0;34;40mhi_probe/sl32/HI_0/r2[0m       |  [0;32;40m-0.09875452518463135[0m |
|      [0;34;40mhi_probe/sl32/HI_0/rmse[0m      |  [0;32;40m0.00293704099021852[0m  |
|    [0;34;40mhi_probe/sl32/HI_1/pearson_r[0m   |  [0;32;40m-0.16737055778503418[0m |
|       [0;34;40mhi_probe/sl32/HI_1/r2[0m       |   [0;32;40m-1.257066011428833[0m  |
|      [0;34;40mhi_probe/sl32/HI_1/rmse[0m      | [0;32;40m0.0048189060762524605[0m |
|    [0;34;40mhi_probe/sl32/HI_2/pearson_r[0m   |  [0;32;40m0.03963913023471832[0m  |
|       [0;34;40mhi_probe/sl32/HI_2/r2[0m       |  [0;32;40m-1.4392671585083008[0m  |
|      [0;34;40mhi_probe/sl32/HI_2/rmse[0m      |  [0;32;40m0.006250356324017048[0m |
|    [0;34;40mhi_probe/sl32/HI_3/pearson_r[0m   |   [0;32;40m0.6168763637542725[0m  |
|       [0;34;40mhi_probe/sl32/HI_3/r2[0m       |  [0;32;40m0.05887043476104736[0m  |
|      [0;34;40mhi_probe/sl32/HI_3/rmse[0m      |  [0;32;40m0.004038771148771048[0m |
|    [0;34;40mhi_probe/sl32/HI_4/pearson_r[0m   |   [0;32;40m0.3296583592891693[0m  |
|       [0;34;40mhi_probe/sl32/HI_4/r2[0m       |  [0;32;40m-1.2762165069580078[0m  |
|      [0;34;40mhi_probe/sl32/HI_4/rmse[0m      |  [0;32;40m0.004411828238517046[0m |
|    [0;34;40mhi_probe/sl32/HI_5/pearson_r[0m   |  [0;32;40m0.055177100002765656[0m |
|       [0;34;40mhi_probe/sl32/HI_5/r2[0m       |   [0;32;40m-5.663438320159912[0m  |
|      [0;34;40mhi_probe/sl32/HI_5/rmse[0m      | [0;32;40m0.0034467335790395737[0m |
|    [0;34;40mhi_probe/sl32/HI_6/pearson_r[0m   |  [0;32;40m0.06652887165546417[0m  |
|       [0;34;40mhi_probe/sl32/HI_6/r2[0m       |  [0;32;40m-0.5051326751708984[0m  |
|      [0;34;40mhi_probe/sl32/HI_6/rmse[0m      | [0;32;40m0.0011394639732316136[0m |
|    [0;34;40mhi_probe/sl32/HI_7/pearson_r[0m   |  [0;32;40m-0.10414508730173111[0m |
|       [0;34;40mhi_probe/sl32/HI_7/r2[0m       |   [0;32;40m-1.04710054397583[0m   |
|      [0;34;40mhi_probe/sl32/HI_7/rmse[0m      |  [0;32;40m0.001443955348804593[0m |
|    [0;34;40mhi_probe/sl32/HI_8/pearson_r[0m   |   [0;32;40m0.0687478631734848[0m  |
|       [0;34;40mhi_probe/sl32/HI_8/r2[0m       |  [0;32;40m-0.20935463905334473[0m |
|      [0;34;40mhi_probe/sl32/HI_8/rmse[0m      | [0;32;40m0.0013412118423730135[0m |
|    [0;34;40mhi_probe/sl32/HI_9/pearson_r[0m   |  [0;32;40m0.08488515019416809[0m  |
|       [0;34;40mhi_probe/sl32/HI_9/r2[0m       |  [0;32;40m-1.8007500171661377[0m  |
|      [0;34;40mhi_probe/sl32/HI_9/rmse[0m      | [0;32;40m0.0018530500819906592[0m |
|    [0;34;40mhi_probe/sl32/mean_pearson_r[0m   |  [0;32;40m0.13595135509967804[0m  |
|       [0;34;40mhi_probe/sl32/mean_r2[0m       |   [0;32;40m-1.323820948600769[0m  |
|      [0;34;40mhi_probe/sl32/mean_rmse[0m      | [0;32;40m0.0031681316904723644[0m |
| [0;34;40mhi_probe/sl32/rul/frac_uncensored[0m |          [0;32;40m1.0[0m          |
|       [0;34;40mhi_probe/sl32/rul/mae[0m       |   [0;32;40m22.730297088623047[0m  |
|    [0;34;40mhi_probe/sl32/rul/pearson_r[0m    |  [0;32;40m0.003782445564866066[0m |
|        [0;34;40mhi_probe/sl32/rul/r2[0m       |  [0;32;40m-0.21969211101531982[0m |
|       [0;34;40mhi_probe/sl32/rul/rmse[0m      |   [0;32;40m28.38592529296875[0m   |
|          [0;34;40mvalidate/ar_loss[0m         |  [0;32;40m0.03793167322874069[0m  |
|       [0;34;40mvalidate/ar_loss_epoch[0m      |  [0;32;40m0.03793167322874069[0m  |
|           [0;34;40mvalidate/loss[0m           |   [0;32;40m0.3863341808319092[0m  |
|        [0;34;40mvalidate/loss_epoch[0m        |   [0;32;40m0.3863341808319092[0m  |
|         [0;34;40mvalidate/pred_loss[0m        |  [0;32;40m0.06401417404413223[0m  |
|      [0;34;40mvalidate/pred_loss_epoch[0m     |  [0;32;40m0.06401417404413223[0m  |
|        [0;34;40mvalidate/sigreg_loss[0m       |   [0;32;40m2.1485989093780518[0m  |
|     [0;34;40mvalidate/sigreg_loss_epoch[0m    |   [0;32;40m2.1485989093780518[0m  |
+-----------------------------------+-----------------------+
05:53:40.159 | INFO    (702499, stable_pretraining.callbacks.checkpoint_sklearn) | Checking for non PyTorch modules to save... 🔧
05:53:40.160 | INFO    (702499, stable_pretraining.callbacks.checkpoint_sklearn) | Checking for Wandb params to save... 🔧
05:53:40.160 | INFO    (702499, stable_pretraining.callbacks.checkpoint_sklearn) | Saving Wandb params {'id': 'oz81yajr'}
05:53:40.160 | INFO    (702499, stable_pretraining.callbacks.checkpoint_sklearn) | Checking for Wandb params to save... Done!
05:53:40.160 | INFO    (702499, stable_pretraining.callbacks.cpu_offload) | ============================================================
05:53:40.160 | INFO    (702499, stable_pretraining.callbacks.cpu_offload) | CPUOffloadCallback: Starting checkpoint CPU offload (#9)
05:53:40.160 | INFO    (702499, stable_pretraining.callbacks.cpu_offload) |   - Global step: 110637
05:53:40.160 | INFO    (702499, stable_pretraining.callbacks.cpu_offload) |   - Epoch: 8
05:53:40.160 | INFO    (702499, stable_pretraining.callbacks.cpu_offload) | Checkpoint contains 11 keys: ['callbacks', 'epoch', 'global_step', 'hparams_name', 'hyper_parameters', 'loops', 'lr_schedulers', 'optimizer_states', 'pytorch-lightning_version', 'state_dict', 'wandb']
05:53:40.160 | INFO    (702499, stable_pretraining.callbacks.cpu_offload) | GPU memory before offload:
05:53:40.160 | INFO    (702499, stable_pretraining.callbacks.cpu_offload) |   - Allocated: 0.03 GB
05:53:40.160 | INFO    (702499, stable_pretraining.callbacks.cpu_offload) |   - Reserved: 13.91 GB
05:53:40.160 | INFO    (702499, stable_pretraining.callbacks.cpu_offload) | Processing checkpoint key: 'state_dict'
05:53:40.162 | SUCCESS (702499, stable_pretraining.callbacks.cpu_offload) | ✓ Completed 'state_dict' in 0.00s
05:53:40.162 | INFO    (702499, stable_pretraining.callbacks.cpu_offload) | Processing checkpoint key: 'optimizer_states'
05:53:40.165 | SUCCESS (702499, stable_pretraining.callbacks.cpu_offload) | ✓ Completed 'optimizer_states' in 0.00s
05:53:40.165 | INFO    (702499, stable_pretraining.callbacks.cpu_offload) | Processing checkpoint key: 'lr_schedulers'
05:53:40.165 | SUCCESS (702499, stable_pretraining.callbacks.cpu_offload) | ✓ Completed 'lr_schedulers' in 0.00s
05:53:40.165 | WARNING (702499, stable_pretraining.callbacks.cpu_offload) | Skipped 125 custom object(s)
05:53:40.165 | WARNING (702499, stable_pretraining.callbacks.cpu_offload) | First 10 skipped objects:
05:53:40.166 | WARNING (702499, stable_pretraining.callbacks.cpu_offload) |   - float at 'optimizer_states[0].param_groups[0].lr'
05:53:40.166 | WARNING (702499, stable_pretraining.callbacks.cpu_offload) |   - float at 'optimizer_states[0].param_groups[0].betas[0]'
05:53:40.166 | WARNING (702499, stable_pretraining.callbacks.cpu_offload) |   - float at 'optimizer_states[0].param_groups[0].betas[1]'
05:53:40.166 | WARNING (702499, stable_pretraining.callbacks.cpu_offload) |   - float at 'optimizer_states[0].param_groups[0].eps'
05:53:40.166 | WARNING (702499, stable_pretraining.callbacks.cpu_offload) |   - float at 'optimizer_states[0].param_groups[0].weight_decay'
05:53:40.166 | WARNING (702499, stable_pretraining.callbacks.cpu_offload) |   - bool at 'optimizer_states[0].param_groups[0].amsgrad'
05:53:40.166 | WARNING (702499, stable_pretraining.callbacks.cpu_offload) |   - bool at 'optimizer_states[0].param_groups[0].maximize'
05:53:40.166 | WARNING (702499, stable_pretraining.callbacks.cpu_offload) |   - NoneType at 'optimizer_states[0].param_groups[0].foreach'
05:53:40.166 | WARNING (702499, stable_pretraining.callbacks.cpu_offload) |   - bool at 'optimizer_states[0].param_groups[0].capturable'
05:53:40.166 | WARNING (702499, stable_pretraining.callbacks.cpu_offload) |   - bool at 'optimizer_states[0].param_groups[0].differentiable'
05:53:40.166 | WARNING (702499, stable_pretraining.callbacks.cpu_offload) | ... (105 more skipped) ...
05:53:40.166 | WARNING (702499, stable_pretraining.callbacks.cpu_offload) | Last 10 skipped objects:
05:53:40.166 | WARNING (702499, stable_pretraining.callbacks.cpu_offload) |   - int at 'lr_schedulers[0].warmup_steps'
05:53:40.166 | WARNING (702499, stable_pretraining.callbacks.cpu_offload) |   - int at 'lr_schedulers[0].max_steps'
05:53:40.166 | WARNING (702499, stable_pretraining.callbacks.cpu_offload) |   - float at 'lr_schedulers[0].warmup_start_lr'
05:53:40.166 | WARNING (702499, stable_pretraining.callbacks.cpu_offload) |   - float at 'lr_schedulers[0].eta_min'
05:53:40.166 | WARNING (702499, stable_pretraining.callbacks.cpu_offload) |   - float at 'lr_schedulers[0].base_lrs[0]'
05:53:40.166 | WARNING (702499, stable_pretraining.callbacks.cpu_offload) |   - int at 'lr_schedulers[0].last_epoch'
05:53:40.166 | WARNING (702499, stable_pretraining.callbacks.cpu_offload) |   - int at 'lr_schedulers[0]._step_count'
05:53:40.166 | WARNING (702499, stable_pretraining.callbacks.cpu_offload) |   - bool at 'lr_schedulers[0]._is_initial'
05:53:40.166 | WARNING (702499, stable_pretraining.callbacks.cpu_offload) |   - bool at 'lr_schedulers[0]._get_lr_called_within_step'
05:53:40.166 | WARNING (702499, stable_pretraining.callbacks.cpu_offload) |   - float at 'lr_schedulers[0]._last_lr[0]'
05:53:40.166 | INFO    (702499, stable_pretraining.callbacks.cpu_offload) | To see all 125 skipped objects, set log_skipped=True
05:53:40.166 | INFO    (702499, stable_pretraining.callbacks.cpu_offload) | GPU memory after offload:
05:53:40.166 | INFO    (702499, stable_pretraining.callbacks.cpu_offload) |   - Allocated: 0.03 GB
05:53:40.167 | INFO    (702499, stable_pretraining.callbacks.cpu_offload) |   - Reserved: 13.91 GB
05:53:40.167 | INFO    (702499, stable_pretraining.callbacks.cpu_offload) | GPU memory freed: 0.00 GB
05:53:40.167 | SUCCESS (702499, stable_pretraining.callbacks.cpu_offload) | CPUOffloadCallback: Checkpoint #9 completed in 0.01s
05:53:40.167 | INFO    (702499, stable_pretraining.callbacks.cpu_offload) | Successfully processed keys: ['state_dict', 'optimizer_states', 'lr_schedulers']
05:53:40.167 | INFO    (702499, stable_pretraining.callbacks.cpu_offload) | Cumulative stats:
05:53:40.167 | INFO    (702499, stable_pretraining.callbacks.cpu_offload) |   - Total checkpoints saved: 9
05:53:40.167 | INFO    (702499, stable_pretraining.callbacks.cpu_offload) |   - Total time in offload: 0.06s
05:53:40.167 | INFO    (702499, stable_pretraining.callbacks.cpu_offload) |   - Total memory freed: 0.00 GB
05:53:40.167 | INFO    (702499, stable_pretraining.callbacks.cpu_offload) |   - Average time per checkpoint: 0.01s
05:53:40.167 | INFO    (702499, stable_pretraining.callbacks.cpu_offload) | ============================================================
06:40:51.480 | WARNING (702499, stable_pretraining.module) | You are calling self.parameters which also gives callbacks parameters, to remove then, pass `with_callbacks=False`
[2026-04-25 06:42:20,823][root][INFO] - [HIProbe] Epoch 9 (seq_len=32, obs_window=1): encoding ...
[2026-04-25 06:42:21,038][root][INFO] - [HIProbe] Embedding std — min=0.6629  mean=0.9691  max=1.4492
[2026-04-25 06:42:21,039][root][INFO] - [HIProbe] Training TransformerProbe (max 150 epochs, patience=20) ...
[2026-04-25 06:42:21,137][root][INFO] - [HIProbe] probe dataset: train=28,280 windows, test=26,700 windows  (seq_len=32)
[2026-04-25 06:42:37,682][root][INFO] - [HIProbe] Early stop at probe epoch 43 (best mean RMSE=0.00291)
[2026-04-25 06:42:37,729][root][INFO] - 
[HIProbe] Epoch 9 | seq_len=32 — results
[2026-04-25 06:42:37,729][root][INFO] - ──────────────────────────────────────────────────────────────────
[2026-04-25 06:42:37,729][root][INFO] -   Component                           R²        RMSE   Pearson-r
[2026-04-25 06:42:37,729][root][INFO] - ──────────────────────────────────────────────────────────────────
[2026-04-25 06:42:37,729][root][INFO] -   HI_0                           -0.0433     0.00286      0.3285
[2026-04-25 06:42:37,729][root][INFO] -   HI_1                           -1.1119     0.00466     -0.0547
[2026-04-25 06:42:37,729][root][INFO] -   HI_2                           -1.1666     0.00589      0.0328
[2026-04-25 06:42:37,729][root][INFO] -   HI_3                            0.0467     0.00406      0.6075
[2026-04-25 06:42:37,729][root][INFO] -   HI_4                           -0.1913     0.00319      0.5487
[2026-04-25 06:42:37,729][root][INFO] -   HI_5                           -3.4961     0.00283      0.0734
[2026-04-25 06:42:37,729][root][INFO] -   HI_6                           -0.4304     0.00111     -0.0487
[2026-04-25 06:42:37,729][root][INFO] -   HI_7                           -1.0664     0.00145     -0.0673
[2026-04-25 06:42:37,729][root][INFO] -   HI_8                           -0.0429     0.00125      0.1950
[2026-04-25 06:42:37,729][root][INFO] -   HI_9                           -1.5724     0.00178      0.1533
[2026-04-25 06:42:37,729][root][INFO] - ──────────────────────────────────────────────────────────────────
[2026-04-25 06:42:37,729][root][INFO] -   MEAN                           -0.9075     0.00291      0.1769
[2026-04-25 06:42:37,729][root][INFO] - ──────────────────────────────────────────────────────────────────
[2026-04-25 06:42:37,729][root][INFO] - [HIProbe] Training Action-RUL probe (max_horizon=300) ...
[2026-04-25 06:42:37,826][root][INFO] - [HIProbe] Action-RUL probe dataset: train=28,280, test=26,700 windows
[2026-04-25 06:42:45,822][root][INFO] - [HIProbe] RUL early stop at probe epoch 21
[2026-04-25 06:42:45,858][root][INFO] - [HIProbe] Action-RUL evaluation: 26700/26700 (100.0%) uncensored test samples (tau < 300)
[2026-04-25 06:42:45,866][root][INFO] - [HIProbe] Action-RUL — RMSE=27.59 steps  MAE=22.27 steps  R2=-0.1524  Pearson=-0.0148
[2026-04-25 06:42:45,866][root][INFO] - [HIProbe] Appended to hi_probe_metrics.csv
[2026-04-25 06:42:45,867][root][INFO] - [HIProbe] Logged 38 metrics to wandb.
06:42:45.875 | INFO    (702499, stable_pretraining.callbacks.trainer_info) | \n+-----------------------------------+-----------------------+
|               Metric              |         Value         |
+-----------------------------------+-----------------------+
|            [0;34;40mfit/ar_loss[0m            |  [0;32;40m0.04804901406168938[0m  |
|              [0;34;40mfit/loss[0m             |   [0;32;40m0.2541393041610718[0m  |
|           [0;34;40mfit/pred_loss[0m           |  [0;32;40m0.07640493661165237[0m  |
|          [0;34;40mfit/sigreg_loss[0m          |         [0;32;40m1.1875[0m        |
|    [0;34;40mhi_probe/sl32/HI_0/pearson_r[0m   |   [0;32;40m0.3284851908683777[0m  |
|       [0;34;40mhi_probe/sl32/HI_0/r2[0m       |  [0;32;40m-0.04333460330963135[0m |
|      [0;34;40mhi_probe/sl32/HI_0/rmse[0m      | [0;32;40m0.0028620122466236353[0m |
|    [0;34;40mhi_probe/sl32/HI_1/pearson_r[0m   | [0;32;40m-0.054708436131477356[0m |
|       [0;34;40mhi_probe/sl32/HI_1/r2[0m       |  [0;32;40m-1.1119463443756104[0m  |
|      [0;34;40mhi_probe/sl32/HI_1/rmse[0m      |  [0;32;40m0.004661415237933397[0m |
|    [0;34;40mhi_probe/sl32/HI_2/pearson_r[0m   |  [0;32;40m0.03280044347047806[0m  |
|       [0;34;40mhi_probe/sl32/HI_2/r2[0m       |  [0;32;40m-1.1665844917297363[0m  |
|      [0;34;40mhi_probe/sl32/HI_2/rmse[0m      |  [0;32;40m0.005890646018087864[0m |
|    [0;34;40mhi_probe/sl32/HI_3/pearson_r[0m   |   [0;32;40m0.607511043548584[0m   |
|       [0;34;40mhi_probe/sl32/HI_3/r2[0m       |  [0;32;40m0.046685218811035156[0m |
|      [0;34;40mhi_probe/sl32/HI_3/rmse[0m      |   [0;32;40m0.0040648328140378[0m  |
|    [0;34;40mhi_probe/sl32/HI_4/pearson_r[0m   |   [0;32;40m0.5486898422241211[0m  |
|       [0;34;40mhi_probe/sl32/HI_4/r2[0m       |  [0;32;40m-0.19128727912902832[0m |
|      [0;34;40mhi_probe/sl32/HI_4/rmse[0m      |  [0;32;40m0.003191685304045677[0m |
|    [0;34;40mhi_probe/sl32/HI_5/pearson_r[0m   |  [0;32;40m0.07344156503677368[0m  |
|       [0;34;40mhi_probe/sl32/HI_5/r2[0m       |   [0;32;40m-3.496126174926758[0m  |
|      [0;34;40mhi_probe/sl32/HI_5/rmse[0m      | [0;32;40m0.0028312469366937876[0m |
|    [0;34;40mhi_probe/sl32/HI_6/pearson_r[0m   | [0;32;40m-0.048655085265636444[0m |
|       [0;34;40mhi_probe/sl32/HI_6/r2[0m       |  [0;32;40m-0.4304412603378296[0m  |
|      [0;34;40mhi_probe/sl32/HI_6/rmse[0m      |  [0;32;40m0.001110831624828279[0m |
|    [0;34;40mhi_probe/sl32/HI_7/pearson_r[0m   |  [0;32;40m-0.06729204207658768[0m |
|       [0;34;40mhi_probe/sl32/HI_7/r2[0m       |  [0;32;40m-1.0664150714874268[0m  |
|      [0;34;40mhi_probe/sl32/HI_7/rmse[0m      |  [0;32;40m0.001450751326046884[0m |
|    [0;34;40mhi_probe/sl32/HI_8/pearson_r[0m   |  [0;32;40m0.19502393901348114[0m  |
|       [0;34;40mhi_probe/sl32/HI_8/r2[0m       | [0;32;40m-0.042888641357421875[0m |
|      [0;34;40mhi_probe/sl32/HI_8/rmse[0m      | [0;32;40m0.0012454879470169544[0m |
|    [0;34;40mhi_probe/sl32/HI_9/pearson_r[0m   |  [0;32;40m0.15331998467445374[0m  |
|       [0;34;40mhi_probe/sl32/HI_9/r2[0m       |  [0;32;40m-1.5723769664764404[0m  |
|      [0;34;40mhi_probe/sl32/HI_9/rmse[0m      | [0;32;40m0.0017758950125426054[0m |
|    [0;34;40mhi_probe/sl32/mean_pearson_r[0m   |  [0;32;40m0.17686164379119873[0m  |
|       [0;34;40mhi_probe/sl32/mean_r2[0m       |  [0;32;40m-0.9074715375900269[0m  |
|      [0;34;40mhi_probe/sl32/mean_rmse[0m      |  [0;32;40m0.002908480353653431[0m |
| [0;34;40mhi_probe/sl32/rul/frac_uncensored[0m |          [0;32;40m1.0[0m          |
|       [0;34;40mhi_probe/sl32/rul/mae[0m       |   [0;32;40m22.274398803710938[0m  |
|    [0;34;40mhi_probe/sl32/rul/pearson_r[0m    | [0;32;40m-0.014831524342298508[0m |
|        [0;34;40mhi_probe/sl32/rul/r2[0m       |  [0;32;40m-0.1523526906967163[0m  |
|       [0;34;40mhi_probe/sl32/rul/rmse[0m      |   [0;32;40m27.591205596923828[0m  |
|          [0;34;40mvalidate/ar_loss[0m         |  [0;32;40m0.033170878887176514[0m |
|       [0;34;40mvalidate/ar_loss_epoch[0m      |  [0;32;40m0.033170878887176514[0m |
|           [0;34;40mvalidate/loss[0m           |   [0;32;40m0.3722911775112152[0m  |
|        [0;34;40mvalidate/loss_epoch[0m        |   [0;32;40m0.3722911775112152[0m  |
|         [0;34;40mvalidate/pred_loss[0m        |  [0;32;40m0.05792676657438278[0m  |
|      [0;34;40mvalidate/pred_loss_epoch[0m     |  [0;32;40m0.05792676657438278[0m  |
|        [0;34;40mvalidate/sigreg_loss[0m       |   [0;32;40m2.0955843925476074[0m  |
|     [0;34;40mvalidate/sigreg_loss_epoch[0m    |   [0;32;40m2.0955843925476074[0m  |
+-----------------------------------+-----------------------+
06:42:45.899 | INFO    (702499, stable_pretraining.callbacks.checkpoint_sklearn) | Checking for non PyTorch modules to save... 🔧
06:42:45.899 | INFO    (702499, stable_pretraining.callbacks.checkpoint_sklearn) | Checking for Wandb params to save... 🔧
06:42:45.899 | INFO    (702499, stable_pretraining.callbacks.checkpoint_sklearn) | Saving Wandb params {'id': 'oz81yajr'}
06:42:45.899 | INFO    (702499, stable_pretraining.callbacks.checkpoint_sklearn) | Checking for Wandb params to save... Done!
06:42:45.899 | INFO    (702499, stable_pretraining.callbacks.cpu_offload) | ============================================================
06:42:45.899 | INFO    (702499, stable_pretraining.callbacks.cpu_offload) | CPUOffloadCallback: Starting checkpoint CPU offload (#10)
06:42:45.899 | INFO    (702499, stable_pretraining.callbacks.cpu_offload) |   - Global step: 122930
06:42:45.899 | INFO    (702499, stable_pretraining.callbacks.cpu_offload) |   - Epoch: 9
06:42:45.899 | INFO    (702499, stable_pretraining.callbacks.cpu_offload) | Checkpoint contains 11 keys: ['callbacks', 'epoch', 'global_step', 'hparams_name', 'hyper_parameters', 'loops', 'lr_schedulers', 'optimizer_states', 'pytorch-lightning_version', 'state_dict', 'wandb']
06:42:45.900 | INFO    (702499, stable_pretraining.callbacks.cpu_offload) | GPU memory before offload:
06:42:45.900 | INFO    (702499, stable_pretraining.callbacks.cpu_offload) |   - Allocated: 0.03 GB
06:42:45.900 | INFO    (702499, stable_pretraining.callbacks.cpu_offload) |   - Reserved: 13.91 GB
06:42:45.900 | INFO    (702499, stable_pretraining.callbacks.cpu_offload) | Processing checkpoint key: 'state_dict'
06:42:45.901 | SUCCESS (702499, stable_pretraining.callbacks.cpu_offload) | ✓ Completed 'state_dict' in 0.00s
06:42:45.901 | INFO    (702499, stable_pretraining.callbacks.cpu_offload) | Processing checkpoint key: 'optimizer_states'
06:42:45.903 | SUCCESS (702499, stable_pretraining.callbacks.cpu_offload) | ✓ Completed 'optimizer_states' in 0.00s
06:42:45.903 | INFO    (702499, stable_pretraining.callbacks.cpu_offload) | Processing checkpoint key: 'lr_schedulers'
06:42:45.903 | SUCCESS (702499, stable_pretraining.callbacks.cpu_offload) | ✓ Completed 'lr_schedulers' in 0.00s
06:42:45.903 | WARNING (702499, stable_pretraining.callbacks.cpu_offload) | Skipped 125 custom object(s)
06:42:45.903 | WARNING (702499, stable_pretraining.callbacks.cpu_offload) | First 10 skipped objects:
06:42:45.903 | WARNING (702499, stable_pretraining.callbacks.cpu_offload) |   - float at 'optimizer_states[0].param_groups[0].lr'
06:42:45.903 | WARNING (702499, stable_pretraining.callbacks.cpu_offload) |   - float at 'optimizer_states[0].param_groups[0].betas[0]'
06:42:45.903 | WARNING (702499, stable_pretraining.callbacks.cpu_offload) |   - float at 'optimizer_states[0].param_groups[0].betas[1]'
06:42:45.904 | WARNING (702499, stable_pretraining.callbacks.cpu_offload) |   - float at 'optimizer_states[0].param_groups[0].eps'
06:42:45.904 | WARNING (702499, stable_pretraining.callbacks.cpu_offload) |   - float at 'optimizer_states[0].param_groups[0].weight_decay'
06:42:45.904 | WARNING (702499, stable_pretraining.callbacks.cpu_offload) |   - bool at 'optimizer_states[0].param_groups[0].amsgrad'
06:42:45.904 | WARNING (702499, stable_pretraining.callbacks.cpu_offload) |   - bool at 'optimizer_states[0].param_groups[0].maximize'
06:42:45.904 | WARNING (702499, stable_pretraining.callbacks.cpu_offload) |   - NoneType at 'optimizer_states[0].param_groups[0].foreach'
06:42:45.904 | WARNING (702499, stable_pretraining.callbacks.cpu_offload) |   - bool at 'optimizer_states[0].param_groups[0].capturable'
06:42:45.904 | WARNING (702499, stable_pretraining.callbacks.cpu_offload) |   - bool at 'optimizer_states[0].param_groups[0].differentiable'
06:42:45.904 | WARNING (702499, stable_pretraining.callbacks.cpu_offload) | ... (105 more skipped) ...
06:42:45.904 | WARNING (702499, stable_pretraining.callbacks.cpu_offload) | Last 10 skipped objects:
06:42:45.904 | WARNING (702499, stable_pretraining.callbacks.cpu_offload) |   - int at 'lr_schedulers[0].warmup_steps'
06:42:45.904 | WARNING (702499, stable_pretraining.callbacks.cpu_offload) |   - int at 'lr_schedulers[0].max_steps'
06:42:45.904 | WARNING (702499, stable_pretraining.callbacks.cpu_offload) |   - float at 'lr_schedulers[0].warmup_start_lr'
06:42:45.904 | WARNING (702499, stable_pretraining.callbacks.cpu_offload) |   - float at 'lr_schedulers[0].eta_min'
06:42:45.904 | WARNING (702499, stable_pretraining.callbacks.cpu_offload) |   - float at 'lr_schedulers[0].base_lrs[0]'
06:42:45.904 | WARNING (702499, stable_pretraining.callbacks.cpu_offload) |   - int at 'lr_schedulers[0].last_epoch'
06:42:45.904 | WARNING (702499, stable_pretraining.callbacks.cpu_offload) |   - int at 'lr_schedulers[0]._step_count'
06:42:45.904 | WARNING (702499, stable_pretraining.callbacks.cpu_offload) |   - bool at 'lr_schedulers[0]._is_initial'
06:42:45.904 | WARNING (702499, stable_pretraining.callbacks.cpu_offload) |   - bool at 'lr_schedulers[0]._get_lr_called_within_step'
06:42:45.904 | WARNING (702499, stable_pretraining.callbacks.cpu_offload) |   - float at 'lr_schedulers[0]._last_lr[0]'
06:42:45.904 | INFO    (702499, stable_pretraining.callbacks.cpu_offload) | To see all 125 skipped objects, set log_skipped=True
06:42:45.904 | INFO    (702499, stable_pretraining.callbacks.cpu_offload) | GPU memory after offload:
06:42:45.904 | INFO    (702499, stable_pretraining.callbacks.cpu_offload) |   - Allocated: 0.03 GB
06:42:45.904 | INFO    (702499, stable_pretraining.callbacks.cpu_offload) |   - Reserved: 13.91 GB
06:42:45.904 | INFO    (702499, stable_pretraining.callbacks.cpu_offload) | GPU memory freed: 0.00 GB
06:42:45.904 | SUCCESS (702499, stable_pretraining.callbacks.cpu_offload) | CPUOffloadCallback: Checkpoint #10 completed in 0.01s
06:42:45.905 | INFO    (702499, stable_pretraining.callbacks.cpu_offload) | Successfully processed keys: ['state_dict', 'optimizer_states', 'lr_schedulers']
06:42:45.905 | INFO    (702499, stable_pretraining.callbacks.cpu_offload) | Cumulative stats:
06:42:45.905 | INFO    (702499, stable_pretraining.callbacks.cpu_offload) |   - Total checkpoints saved: 10
06:42:45.905 | INFO    (702499, stable_pretraining.callbacks.cpu_offload) |   - Total time in offload: 0.06s
06:42:45.905 | INFO    (702499, stable_pretraining.callbacks.cpu_offload) |   - Total memory freed: 0.00 GB
06:42:45.905 | INFO    (702499, stable_pretraining.callbacks.cpu_offload) |   - Average time per checkpoint: 0.01s
06:42:45.905 | INFO    (702499, stable_pretraining.callbacks.cpu_offload) | ============================================================
`Trainer.fit` stopped: `max_epochs=10` reached.
06:42:45.917 | INFO    (702499, stable_pretraining.callbacks.cpu_offload) | ============================================================
06:42:45.917 | INFO    (702499, stable_pretraining.callbacks.cpu_offload) | CPUOffloadCallback: Training completed
06:42:45.917 | INFO    (702499, stable_pretraining.callbacks.cpu_offload) | Final statistics:
06:42:45.917 | INFO    (702499, stable_pretraining.callbacks.cpu_offload) |   - Total checkpoints saved: 10
06:42:45.917 | INFO    (702499, stable_pretraining.callbacks.cpu_offload) |   - Total time in offload: 0.06s
06:42:45.917 | INFO    (702499, stable_pretraining.callbacks.cpu_offload) |   - Total GPU memory freed: 0.00 GB
06:42:45.917 | INFO    (702499, stable_pretraining.callbacks.cpu_offload) |   - Average time per checkpoint: 0.01s
06:42:45.917 | INFO    (702499, stable_pretraining.callbacks.cpu_offload) |   - Average memory freed per checkpoint: 0.00 GB
06:42:45.917 | SUCCESS (702499, stable_pretraining.callbacks.cpu_offload) | CPUOffloadCallback: All checkpoints saved successfully
06:42:45.917 | INFO    (702499, stable_pretraining.callbacks.cpu_offload) | ============================================================
06:42:46.090 | SUCCESS (702499, stable_pretraining.callbacks.env_info) |   ✓ NVIDIA Driver: 580.126.09
06:42:46.096 | SUCCESS (702499, stable_pretraining.callbacks.env_info) |   ✓ Git: feature/option-b-sensor-native @ f8bf4503
06:42:46.096 | INFO    (702499, stable_pretraining.callbacks.env_info) |      Remote: git@github.com:LucasStill/le-wm.git
06:42:46.097 | WARNING (702499, stable_pretraining.callbacks.env_info) |      ⚠️  Working directory has uncommitted changes!
06:42:46.097 | SUCCESS (702499, stable_pretraining.callbacks.env_info) |   ✓ Environment: 3 relevant variables captured
06:42:46.097 | INFO    (702499, stable_pretraining.callbacks.env_info) | 🔄 Serializing environment data...
06:42:46.097 | INFO    (702499, stable_pretraining.callbacks.env_info) | 📋 File exists, using version 11: environment_v11.json
06:42:46.097 | INFO    (702499, stable_pretraining.callbacks.env_info) | 📋 File exists, using version 11: requirements_frozen_v11.txt
06:42:46.097 | INFO    (702499, stable_pretraining.callbacks.env_info) | 📁 Save directory: /home/lthil/thesis/le-wm
06:42:46.097 | INFO    (702499, stable_pretraining.callbacks.env_info) | 💾 Writing environment to temp file...
06:42:46.098 | INFO    (702499, stable_pretraining.callbacks.env_info) | 💾 Moving to: environment_v11.json
06:42:46.098 | SUCCESS (702499, stable_pretraining.callbacks.env_info) | ✓ Environment file saved (2.3 KB)
06:42:46.098 | SUCCESS (702499, stable_pretraining.callbacks.env_info) | ✓ Requirements file saved (0.1 KB)
Epoch 9/9  ━━━━━━━━━━━━━━━━━━ 24586/24586 0:47:11 • 0:00:00 8.66it/s v_num: yajr
06:42:46.221 | INFO    (702499, stable_pretraining.callbacks.cpu_offload) | CPUOffloadCallback: Teardown called for stage 'fit'
[1;34mwandb[0m: 
[1;34mwandb[0m: You can sync this run to the cloud by running:
[1;34mwandb[0m: [1mwandb sync wandb/offline-run-20260424_223505-oz81yajr[0m
========================================
Training complete.
========================================
[2026-04-25T06:42:47Z] OK E2 finished cleanly
[2026-04-25T06:42:47Z] ==== START E3_probe  H=16 S=5 P=4 bs=512 accum=1 epochs=1 ====
========================================
Host     : dragon
GPU      : GPU 0: NVIDIA GeForce RTX 5090 (UUID: GPU-85afedf9-1f8b-84b5-334a-931815cde3dc)
Dir      : /home/lthil/thesis/le-wm
STABLEWM : /home/lthil/.stable_worldmodel
========================================
Run name : lewm_s4_sensor_w1_H16_S5_P4
Config   : w=1 H=16 s=5 P=4 bs=512
========================================
[2026-04-25 06:42:50,312][root][INFO] - Cached 'action' from '/home/lthil/.stable_worldmodel/scenario4_train_lewm.h5'
[2026-04-25 06:42:55,291][root][INFO] - Cached 'pixels' from '/home/lthil/.stable_worldmodel/scenario4_train_lewm.h5'
/home/lthil/thesis/le-wm/jepa.py:65: UserWarning: enable_nested_tensor is True, but self.use_nested_tensor is False because encoder_layer.norm_first was True
  self.transformer = nn.TransformerEncoder(encoder_layer, num_layers=num_layers)
[2026-04-25 06:42:55,752][root][INFO] - [Encoder] SensorEncoder — n_sensors=176, d_model=64
[2026-04-25 06:42:55,756][root][INFO] - [HIProbe] Config found: True, enabled: True
[2026-04-25 06:42:55,756][root][INFO] - [HIProbe] data_path = /home/lthil/.stable_worldmodel/scenario4_train_lewm.h5
[2026-04-25 06:42:55,756][root][INFO] - [HIProbe] ✓ Registered — evaluating every 5 epochs
06:42:55.756 | INFO    (716513, stable_pretraining.data.module) | Setting up DataModule
06:42:55.756 | INFO    (716513, stable_pretraining.module) | Initializing Module configuration...
06:42:55.756 | WARNING (716513, stable_pretraining.module) | No hyperparameters provided - hyperparameter logging is disabled.
06:42:55.757 | INFO    (716513, stable_pretraining.module) | Setting custom forward method.
06:42:55.757 | INFO    (716513, stable_pretraining.module) | Setting attribute: self.model = <class 'jepa.JEPA'>
06:42:55.757 | INFO    (716513, stable_pretraining.module) | Setting attribute: self.sigreg = <class 'module.SIGReg'>
06:42:55.757 | INFO    (716513, stable_pretraining.module) | Setting attribute: self.optim = <class 'dict'>
06:42:55.757 | INFO    (716513, stable_pretraining.module) | No metrics configuration provided - automatic metric tracking is disabled.
wandb: WARNING The anonymous setting has no effect and will be removed in a future version.
wandb: WARNING `resume` will be ignored since W&B syncing is set to `offline`. Starting a new run with run id y60s1i7v.
wandb: Tracking run with wandb version 0.26.1
wandb: W&B syncing is set to `offline` in this directory. Run `wandb online` or set WANDB_MODE=online to enable cloud syncing.
wandb: Run data is saved locally in wandb/offline-run-20260425_064255-y60s1i7v
Using bfloat16 Automatic Mixed Precision (AMP)
06:42:56.159 | INFO    (716513, stable_pretraining.callbacks.env_info) | EnvironmentDumpCallback initialized (filename=environment.json, async=True)
06:42:56.159 | INFO    (716513, stable_pretraining.callbacks.cpu_offload) | ============================================================
06:42:56.159 | INFO    (716513, stable_pretraining.callbacks.cpu_offload) | Initializing CPUOffloadCallback
06:42:56.159 | INFO    (716513, stable_pretraining.callbacks.cpu_offload) | Configuration:
06:42:56.159 | INFO    (716513, stable_pretraining.callbacks.cpu_offload) |   - Offload keys: ['state_dict', 'optimizer_states', 'lr_schedulers']
06:42:56.159 | INFO    (716513, stable_pretraining.callbacks.cpu_offload) |   - Log all skipped objects: False
06:42:56.159 | INFO    (716513, stable_pretraining.callbacks.cpu_offload) |   - Will show first/last 10 skipped objects only
06:42:56.159 | SUCCESS (716513, stable_pretraining.callbacks.cpu_offload) | ✓ CUDA available: 1 GPU(s) detected
06:42:56.274 | INFO    (716513, stable_pretraining.callbacks.cpu_offload) |   - GPU 0: NVIDIA GeForce RTX 5090 (33.7 GB)
06:42:56.274 | SUCCESS (716513, stable_pretraining.callbacks.cpu_offload) | CPUOffloadCallback initialized successfully
06:42:56.274 | INFO    (716513, stable_pretraining.callbacks.cpu_offload) | ============================================================
Adding 10 callbacks from entry point 'stablepretraining_callbacks': ModuleRegistryCallback, LoggingCallback, EnvironmentDumpCallback, TrainerInfo, SklearnCheckpoint, WandbCheckpoint, ModuleSummary, SLURMInfo, LogUnusedParametersOnce, CPUOffloadCallback
GPU available: True (cuda), used: True
TPU available: False, using: 0 TPU cores
💡 Tip: For seamless cloud logging and experiment tracking, try installing [litlogger](https://pypi.org/project/litlogger/) to enable LitLogger, which logs metrics and artifacts automatically to the Lightning Experiments platform.
Seed set to 3072
💡 Tip: For seamless cloud uploads and versioning, try installing [litmodels](https://pypi.org/project/litmodels/) to enable LitModelCheckpoint, which syncs automatically with the Lightning model registry.
You are using a CUDA device ('NVIDIA GeForce RTX 5090') that has Tensor Cores. To properly utilize them, you should set `torch.set_float32_matmul_precision('medium' | 'high')` which will trade-off precision for performance. For more details, read https://pytorch.org/docs/stable/generated/torch.set_float32_matmul_precision.html#torch.set_float32_matmul_precision
06:42:56.344 | INFO    (716513, stable_pretraining.data.module) | dataset for fit loaded!  ✅
06:42:56.344 | INFO    (716513, stable_pretraining.data.module) | 	● setup was done by user
[2026-04-25 06:42:56,344][root][INFO] - [HIProbe] Loading dataset from /home/lthil/.stable_worldmodel/scenario4_train_lewm.h5  (seq_len=16, obs_window=1)
[2026-04-25 06:43:01,275][root][INFO] - [HIProbe] Loading observations from key 'pixels' (encoder_type=sensor, shape=(7010872, 176))
[2026-04-25 06:43:01,426][root][INFO] - [HIProbe] Action-RUL: 80251 maintenance events found (max_horizon=300)
[2026-04-25 06:43:01,431][root][INFO] - [HIProbe] CSV → hi_probe_metrics.csv
[2026-04-25 06:43:01,431][root][INFO] - [HIProbe] 28,342 train / 26,762 test timesteps  (500 episodes, 10 HI dims)
06:43:01.537 | INFO    (716513, stable_pretraining.callbacks.env_info) | ======================================================================
06:43:01.538 | INFO    (716513, stable_pretraining.callbacks.env_info) | 🔍 Starting environment configuration dump...
06:43:01.538 | INFO    (716513, stable_pretraining.callbacks.env_info) | ======================================================================
06:43:01.538 | INFO    (716513, stable_pretraining.callbacks.env_info) | EnvironmentDumpCallback  log_dir=PosixPath('/home/lthil/thesis/le-wm')
06:43:01.538 | INFO    (716513, stable_pretraining.callbacks.env_info) | ⚡ Running environment dump in background thread (non-blocking)
06:43:01.538 | INFO    (716513, stable_pretraining.callbacks.env_info) | 📁 Log directory: /home/lthil/thesis/le-wm
06:43:01.538 | INFO    (716513, stable_pretraining.callbacks.env_info) | 📊 Collecting environment information...
06:43:01.538 | SUCCESS (716513, stable_pretraining.callbacks.env_info) | ✓ Background thread started successfully
06:43:01.539 | SUCCESS (716513, stable_pretraining.callbacks.env_info) |   ✓ Python 3.10.20
06:43:01.539 | INFO    (716513, stable_pretraining.callbacks.trainer_info) | 	 linking trainer to DataModule! 🔧
06:43:01.539 | SUCCESS (716513, stable_pretraining.callbacks.env_info) |   ✓ System: Linux 6.8.0-106-generic (x86_64)
06:43:01.539 | INFO    (716513, stable_pretraining.callbacks.checkpoint_sklearn) | Setting up SklearnCheckpoint callback!
06:43:01.539 | INFO    (716513, stable_pretraining.callbacks.env_info) |      Hostname: dragon
06:43:01.539 | INFO    (716513, stable_pretraining.callbacks.checkpoint_sklearn) | Sklearn Modules:
06:43:01.540 | INFO    (716513, stable_pretraining.callbacks.checkpoint_sklearn) | 
┏━━━━━━━━━━┳━━━━━━━━┳━━━━━━━━┓
┃ Module   ┃ Name   ┃ Type   ┃
┣━━━━━━━━━━╋━━━━━━━━╋━━━━━━━━┫
┗━━━━━━━━━━┻━━━━━━━━┻━━━━━━━━┛
06:43:01.540 | INFO    (716513, stable_pretraining.callbacks.checkpoint_sklearn) | Setting up WandbCheckpoint callback!
06:43:01.540 | INFO    (716513, stable_pretraining.callbacks.trainer_info) | PyTorch Modules:
06:43:01.540 | WARNING (716513, stable_pretraining.module) | You are calling self.parameters which also gives callbacks parameters, to remove then, pass `with_callbacks=False`
06:43:01.544 | INFO    (716513, stable_pretraining.callbacks.trainer_info) | \n+---------------------------------------------------------+----------------------+--------------------------+--------------------------+---------+
| Module                                                  | Trainable parameters | Non Trainable parameters | Uninitialized parameters | Buffers |
+---------------------------------------------------------+----------------------+--------------------------+--------------------------+---------+
|                                                         |               828372 |                        0 |                        0 |    1077 |
| callbacks_modules                                       |                    0 |                        0 |                        0 |       0 |
| callbacks_metrics                                       |                    0 |                        0 |                        0 |       0 |
| model                                                   |               828372 |                        0 |                        0 |    1026 |
| model.encoder                                           |               113024 |                        0 |                        0 |       0 |
| model.encoder.value_proj                                |                  128 |                        0 |                        0 |       0 |
| model.encoder.transformer                               |                99968 |                        0 |                        0 |       0 |
| model.encoder.transformer.layers                        |                99968 |                        0 |                        0 |       0 |
| model.encoder.transformer.layers.0                      |                49984 |                        0 |                        0 |       0 |
| model.encoder.transformer.layers.0.self_attn            |                16640 |                        0 |                        0 |       0 |
| model.encoder.transformer.layers.0.self_attn.out_proj   |                 4160 |                        0 |                        0 |       0 |
| model.encoder.transformer.layers.0.linear1              |                16640 |                        0 |                        0 |       0 |
| model.encoder.transformer.layers.0.dropout              |                    0 |                        0 |                        0 |       0 |
| model.encoder.transformer.layers.0.linear2              |                16448 |                        0 |                        0 |       0 |
| model.encoder.transformer.layers.0.norm1                |                  128 |                        0 |                        0 |       0 |
| model.encoder.transformer.layers.0.norm2                |                  128 |                        0 |                        0 |       0 |
| model.encoder.transformer.layers.0.dropout1             |                    0 |                        0 |                        0 |       0 |
| model.encoder.transformer.layers.0.dropout2             |                    0 |                        0 |                        0 |       0 |
| model.encoder.transformer.layers.1                      |                49984 |                        0 |                        0 |       0 |
| model.encoder.transformer.layers.1.self_attn            |                16640 |                        0 |                        0 |       0 |
| model.encoder.transformer.layers.1.self_attn.out_proj   |                 4160 |                        0 |                        0 |       0 |
| model.encoder.transformer.layers.1.linear1              |                16640 |                        0 |                        0 |       0 |
| model.encoder.transformer.layers.1.dropout              |                    0 |                        0 |                        0 |       0 |
| model.encoder.transformer.layers.1.linear2              |                16448 |                        0 |                        0 |       0 |
| model.encoder.transformer.layers.1.norm1                |                  128 |                        0 |                        0 |       0 |
| model.encoder.transformer.layers.1.norm2                |                  128 |                        0 |                        0 |       0 |
| model.encoder.transformer.layers.1.dropout1             |                    0 |                        0 |                        0 |       0 |
| model.encoder.transformer.layers.1.dropout2             |                    0 |                        0 |                        0 |       0 |
| model.encoder.norm                                      |                  128 |                        0 |                        0 |       0 |
| model.predictor                                         |               628864 |                        0 |                        0 |       0 |
| model.predictor.dropout                                 |                    0 |                        0 |                        0 |       0 |
| model.predictor.transformer                             |               627840 |                        0 |                        0 |       0 |
| model.predictor.transformer.norm                        |                  128 |                        0 |                        0 |       0 |
| model.predictor.transformer.layers                      |               627712 |                        0 |                        0 |       0 |
| model.predictor.transformer.layers.0                    |               156928 |                        0 |                        0 |       0 |
| model.predictor.transformer.layers.0.attn               |                65728 |                        0 |                        0 |       0 |
| model.predictor.transformer.layers.0.attn.norm          |                  128 |                        0 |                        0 |       0 |
| model.predictor.transformer.layers.0.attn.attend        |                    0 |                        0 |                        0 |       0 |
| model.predictor.transformer.layers.0.attn.to_qkv        |                49152 |                        0 |                        0 |       0 |
| model.predictor.transformer.layers.0.attn.to_out        |                16448 |                        0 |                        0 |       0 |
| model.predictor.transformer.layers.0.attn.to_out.0      |                16448 |                        0 |                        0 |       0 |
| model.predictor.transformer.layers.0.attn.to_out.1      |                    0 |                        0 |                        0 |       0 |
| model.predictor.transformer.layers.0.mlp                |                66240 |                        0 |                        0 |       0 |
| model.predictor.transformer.layers.0.mlp.net            |                66240 |                        0 |                        0 |       0 |
| model.predictor.transformer.layers.0.mlp.net.0          |                  128 |                        0 |                        0 |       0 |
| model.predictor.transformer.layers.0.mlp.net.1          |                33280 |                        0 |                        0 |       0 |
| model.predictor.transformer.layers.0.mlp.net.2          |                    0 |                        0 |                        0 |       0 |
| model.predictor.transformer.layers.0.mlp.net.3          |                    0 |                        0 |                        0 |       0 |
| model.predictor.transformer.layers.0.mlp.net.4          |                32832 |                        0 |                        0 |       0 |
| model.predictor.transformer.layers.0.mlp.net.5          |                    0 |                        0 |                        0 |       0 |
| model.predictor.transformer.layers.0.norm1              |                    0 |                        0 |                        0 |       0 |
| model.predictor.transformer.layers.0.norm2              |                    0 |                        0 |                        0 |       0 |
| model.predictor.transformer.layers.0.adaLN_modulation   |                24960 |                        0 |                        0 |       0 |
| model.predictor.transformer.layers.0.adaLN_modulation.0 |                    0 |                        0 |                        0 |       0 |
| model.predictor.transformer.layers.0.adaLN_modulation.1 |                24960 |                        0 |                        0 |       0 |
| model.predictor.transformer.layers.1                    |               156928 |                        0 |                        0 |       0 |
| model.predictor.transformer.layers.1.attn               |                65728 |                        0 |                        0 |       0 |
| model.predictor.transformer.layers.1.attn.norm          |                  128 |                        0 |                        0 |       0 |
| model.predictor.transformer.layers.1.attn.attend        |                    0 |                        0 |                        0 |       0 |
| model.predictor.transformer.layers.1.attn.to_qkv        |                49152 |                        0 |                        0 |       0 |
| model.predictor.transformer.layers.1.attn.to_out        |                16448 |                        0 |                        0 |       0 |
| model.predictor.transformer.layers.1.attn.to_out.0      |                16448 |                        0 |                        0 |       0 |
| model.predictor.transformer.layers.1.attn.to_out.1      |                    0 |                        0 |                        0 |       0 |
| model.predictor.transformer.layers.1.mlp                |                66240 |                        0 |                        0 |       0 |
| model.predictor.transformer.layers.1.mlp.net            |                66240 |                        0 |                        0 |       0 |
| model.predictor.transformer.layers.1.mlp.net.0          |                  128 |                        0 |                        0 |       0 |
| model.predictor.transformer.layers.1.mlp.net.1          |                33280 |                        0 |                        0 |       0 |
| model.predictor.transformer.layers.1.mlp.net.2          |                    0 |                        0 |                        0 |       0 |
| model.predictor.transformer.layers.1.mlp.net.3          |                    0 |                        0 |                        0 |       0 |
| model.predictor.transformer.layers.1.mlp.net.4          |                32832 |                        0 |                        0 |       0 |
| model.predictor.transformer.layers.1.mlp.net.5          |                    0 |                        0 |                        0 |       0 |
| model.predictor.transformer.layers.1.norm1              |                    0 |                        0 |                        0 |       0 |
| model.predictor.transformer.layers.1.norm2              |                    0 |                        0 |                        0 |       0 |
| model.predictor.transformer.layers.1.adaLN_modulation   |                24960 |                        0 |                        0 |       0 |
| model.predictor.transformer.layers.1.adaLN_modulation.0 |                    0 |                        0 |                        0 |       0 |
| model.predictor.transformer.layers.1.adaLN_modulation.1 |                24960 |                        0 |                        0 |       0 |
| model.predictor.transformer.layers.2                    |               156928 |                        0 |                        0 |       0 |
| model.predictor.transformer.layers.2.attn               |                65728 |                        0 |                        0 |       0 |
| model.predictor.transformer.layers.2.attn.norm          |                  128 |                        0 |                        0 |       0 |
| model.predictor.transformer.layers.2.attn.attend        |                    0 |                        0 |                        0 |       0 |
| model.predictor.transformer.layers.2.attn.to_qkv        |                49152 |                        0 |                        0 |       0 |
| model.predictor.transformer.layers.2.attn.to_out        |                16448 |                        0 |                        0 |       0 |
| model.predictor.transformer.layers.2.attn.to_out.0      |                16448 |                        0 |                        0 |       0 |
| model.predictor.transformer.layers.2.attn.to_out.1      |                    0 |                        0 |                        0 |       0 |
| model.predictor.transformer.layers.2.mlp                |                66240 |                        0 |                        0 |       0 |
| model.predictor.transformer.layers.2.mlp.net            |                66240 |                        0 |                        0 |       0 |
| model.predictor.transformer.layers.2.mlp.net.0          |                  128 |                        0 |                        0 |       0 |
| model.predictor.transformer.layers.2.mlp.net.1          |                33280 |                        0 |                        0 |       0 |
| model.predictor.transformer.layers.2.mlp.net.2          |                    0 |                        0 |                        0 |       0 |
| model.predictor.transformer.layers.2.mlp.net.3          |                    0 |                        0 |                        0 |       0 |
| model.predictor.transformer.layers.2.mlp.net.4          |                32832 |                        0 |                        0 |       0 |
| model.predictor.transformer.layers.2.mlp.net.5          |                    0 |                        0 |                        0 |       0 |
| model.predictor.transformer.layers.2.norm1              |                    0 |                        0 |                        0 |       0 |
| model.predictor.transformer.layers.2.norm2              |                    0 |                        0 |                        0 |       0 |
| model.predictor.transformer.layers.2.adaLN_modulation   |                24960 |                        0 |                        0 |       0 |
| model.predictor.transformer.layers.2.adaLN_modulation.0 |                    0 |                        0 |                        0 |       0 |
| model.predictor.transformer.layers.2.adaLN_modulation.1 |                24960 |                        0 |                        0 |       0 |
| model.predictor.transformer.layers.3                    |               156928 |                        0 |                        0 |       0 |
| model.predictor.transformer.layers.3.attn               |                65728 |                        0 |                        0 |       0 |
| model.predictor.transformer.layers.3.attn.norm          |                  128 |                        0 |                        0 |       0 |
| model.predictor.transformer.layers.3.attn.attend        |                    0 |                        0 |                        0 |       0 |
| model.predictor.transformer.layers.3.attn.to_qkv        |                49152 |                        0 |                        0 |       0 |
| model.predictor.transformer.layers.3.attn.to_out        |                16448 |                        0 |                        0 |       0 |
| model.predictor.transformer.layers.3.attn.to_out.0      |                16448 |                        0 |                        0 |       0 |
| model.predictor.transformer.layers.3.attn.to_out.1      |                    0 |                        0 |                        0 |       0 |
| model.predictor.transformer.layers.3.mlp                |                66240 |                        0 |                        0 |       0 |
| model.predictor.transformer.layers.3.mlp.net            |                66240 |                        0 |                        0 |       0 |
| model.predictor.transformer.layers.3.mlp.net.0          |                  128 |                        0 |                        0 |       0 |
| model.predictor.transformer.layers.3.mlp.net.1          |                33280 |                        0 |                        0 |       0 |
| model.predictor.transformer.layers.3.mlp.net.2          |                    0 |                        0 |                        0 |       0 |
| model.predictor.transformer.layers.3.mlp.net.3          |                    0 |                        0 |                        0 |       0 |
| model.predictor.transformer.layers.3.mlp.net.4          |                32832 |                        0 |                        0 |       0 |
| model.predictor.transformer.layers.3.mlp.net.5          |                    0 |                        0 |                        0 |       0 |
| model.predictor.transformer.layers.3.norm1              |                    0 |                        0 |                        0 |       0 |
| model.predictor.transformer.layers.3.norm2              |                    0 |                        0 |                        0 |       0 |
| model.predictor.transformer.layers.3.adaLN_modulation   |                24960 |                        0 |                        0 |       0 |
| model.predictor.transformer.layers.3.adaLN_modulation.0 |                    0 |                        0 |                        0 |       0 |
| model.predictor.transformer.layers.3.adaLN_modulation.1 |                24960 |                        0 |                        0 |       0 |
| model.predictor.transformer.input_proj                  |                    0 |                        0 |                        0 |       0 |
| model.predictor.transformer.cond_proj                   |                    0 |                        0 |                        0 |       0 |
| model.predictor.transformer.output_proj                 |                    0 |                        0 |                        0 |       0 |
| model.action_encoder                                    |                19284 |                        0 |                        0 |       0 |
| model.action_encoder.patch_embed                        |                   20 |                        0 |                        0 |       0 |
| model.action_encoder.embed                              |                19264 |                        0 |                        0 |       0 |
| model.action_encoder.embed.0                            |                 2816 |                        0 |                        0 |       0 |
| model.action_encoder.embed.1                            |                    0 |                        0 |                        0 |       0 |
| model.action_encoder.embed.2                            |                16448 |                        0 |                        0 |       0 |
| model.projector                                         |                33600 |                        0 |                        0 |     513 |
| model.projector.net                                     |                33600 |                        0 |                        0 |     513 |
| model.projector.net.0                                   |                16640 |                        0 |                        0 |       0 |
| model.projector.net.1                                   |                  512 |                        0 |                        0 |     513 |
| model.projector.net.2                                   |                    0 |                        0 |                        0 |       0 |
| model.projector.net.3                                   |                16448 |                        0 |                        0 |       0 |
| model.pred_proj                                         |                33600 |                        0 |                        0 |     513 |
| model.pred_proj.net                                     |                33600 |                        0 |                        0 |     513 |
| model.pred_proj.net.0                                   |                16640 |                        0 |                        0 |       0 |
| model.pred_proj.net.1                                   |                  512 |                        0 |                        0 |     513 |
| model.pred_proj.net.2                                   |                    0 |                        0 |                        0 |       0 |
| model.pred_proj.net.3                                   |                16448 |                        0 |                        0 |       0 |
| sigreg                                                  |                    0 |                        0 |                        0 |      51 |
+---------------------------------------------------------+----------------------+--------------------------+--------------------------+---------+
06:43:01.544 | INFO    (716513, stable_pretraining.callbacks.trainer_info) | ---- SLURM INFO ---- 🔧
06:43:01.544 | INFO    (716513, stable_pretraining.callbacks.trainer_info) | Job ID: N/A
06:43:01.544 | INFO    (716513, stable_pretraining.callbacks.trainer_info) | Task ID: N/A
06:43:01.544 | INFO    (716513, stable_pretraining.callbacks.trainer_info) | Job Name: N/A
06:43:01.544 | INFO    (716513, stable_pretraining.callbacks.trainer_info) | Nodes: N/A
06:43:01.544 | INFO    (716513, stable_pretraining.callbacks.trainer_info) | Tasks: N/A
06:43:01.544 | INFO    (716513, stable_pretraining.callbacks.trainer_info) | CPUs per node: N/A
06:43:01.544 | INFO    (716513, stable_pretraining.callbacks.trainer_info) | CPUs per task: N/A
06:43:01.544 | INFO    (716513, stable_pretraining.callbacks.trainer_info) | Memory per node: N/A
06:43:01.544 | INFO    (716513, stable_pretraining.callbacks.trainer_info) | Memory per CPU: N/A
06:43:01.544 | INFO    (716513, stable_pretraining.callbacks.trainer_info) | Time limit: N/A
06:43:01.544 | INFO    (716513, stable_pretraining.callbacks.trainer_info) | Partition: N/A
06:43:01.544 | INFO    (716513, stable_pretraining.callbacks.trainer_info) | Node List: N/A
06:43:01.544 | INFO    (716513, stable_pretraining.callbacks.trainer_info) | Submit Directory: N/A
06:43:01.544 | INFO    (716513, stable_pretraining.callbacks.cpu_offload) | CPUOffloadCallback: Setup called for stage 'fit'
06:43:01.544 | INFO    (716513, stable_pretraining.callbacks.cpu_offload) |   - Trainer rank: 0/1
06:43:01.544 | INFO    (716513, stable_pretraining.callbacks.cpu_offload) |   - Strategy: SingleDeviceStrategy
06:43:01.544 | SUCCESS (716513, stable_pretraining.callbacks.cpu_offload) | ✓ Strategy 'SingleDeviceStrategy' is compatible with CPU offload
06:43:01.544 | SUCCESS (716513, stable_pretraining.callbacks.cpu_offload) | ✓ CPUOffloadCallback ENABLED for strategy 'SingleDeviceStrategy'
06:43:01.544 | INFO    (716513, stable_pretraining.callbacks.cpu_offload) |   - This rank will handle checkpoint saving and CPU offload
LOCAL_RANK: 0 - CUDA_VISIBLE_DEVICES: [0]
06:43:01.547 | INFO    (716513, stable_pretraining.module) | Configuring optimizers and learning rate schedulers...
06:43:01.547 | INFO    (716513, stable_pretraining.module) | 	Optimizer specified by Dict with keys ['model_opt']... 🔧
06:43:01.548 | INFO    (716513, stable_pretraining.module) | 
┏━━━━━━━━━━━━━┳━━━━━━━━━━━┳━━━━━━━━━━━━━━━━━━━┳━━━━━━━━━━━━━━━━━┳━━━━━━━━━━━━━━━━┳━━━━━━━━━━━━━━━━━━━━━━━━┓
┃ Optimizer   ┃ Pattern   ┃   Matched Modules ┃   Param Tensors ┃   Total Params ┃   RequiresGrad Tensors ┃
┣━━━━━━━━━━━━━╋━━━━━━━━━━━╋━━━━━━━━━━━━━━━━━━━╋━━━━━━━━━━━━━━━━━╋━━━━━━━━━━━━━━━━╋━━━━━━━━━━━━━━━━━━━━━━━━┫
┃ model_opt   ┃ model     ┃               136 ┃             102 ┃         828372 ┃                    102 ┃
┗━━━━━━━━━━━━━┻━━━━━━━━━━━┻━━━━━━━━━━━━━━━━━━━┻━━━━━━━━━━━━━━━━━┻━━━━━━━━━━━━━━━━┻━━━━━━━━━━━━━━━━━━━━━━━━┛
06:43:01.548 | INFO    (716513, stable_pretraining.optim.lr_scheduler) | 	User provided a dict
Loading `train_dataloader` to estimate number of stepping batches.
/home/lthil/thesis/le-wm/.venv/lib/python3.10/site-packages/lightning/pytorch/utilities/_pytree.py:21: `isinstance(treespec, LeafSpec)` is deprecated, use `isinstance(treespec, TreeSpec) and treespec.is_leaf()` instead.
06:43:01.550 | WARNING (716513, stable_pretraining.callbacks.env_info) |      ⚠️  pip freeze failed: Command '['/home/lthil/thesis/le-wm/.venv/bin/python', '-m', 'pip', 'freeze']' returned non-zero exit status 1.
06:43:01.551 | SUCCESS (716513, stable_pretraining.callbacks.env_info) |   ✓ Packages: 0 packages collected in 0.01s
06:43:01.940 | INFO    (716513, stable_pretraining.module) | Configured optimizer 'model_opt' (modules=136, param_tensors=102, total_params=828372) with LinearWarmupCosineAnnealingLR scheduler.
/home/lthil/thesis/le-wm/.venv/lib/python3.10/site-packages/lightning/pytorch/utilities/model_summary/model_summary.py:242: Precision bf16-mixed is not supported by the model summary.  Estimated model size in MB will not be accurate. Using 32 bits instead.
06:43:01.942 | WARNING (716513, stable_pretraining.module) | You are calling self.parameters which also gives callbacks parameters, to remove then, pass `with_callbacks=False`
06:43:01.943 | WARNING (716513, stable_pretraining.module) | You are calling self.parameters which also gives callbacks parameters, to remove then, pass `with_callbacks=False`
06:43:01.943 | WARNING (716513, stable_pretraining.module) | You are calling self.parameters which also gives callbacks parameters, to remove then, pass `with_callbacks=False`
06:43:01.943 | WARNING (716513, stable_pretraining.module) | You are calling self.parameters which also gives callbacks parameters, to remove then, pass `with_callbacks=False`
┏━━━┳━━━━━━━━━━━━━━━━━━━┳━━━━━━━━━━━━┳━━━━━━━━┳━━━━━━━┳━━━━━━━┓
┃   ┃ Name              ┃ Type       ┃ Params ┃ Mode  ┃ FLOPs ┃
┡━━━╇━━━━━━━━━━━━━━━━━━━╇━━━━━━━━━━━━╇━━━━━━━━╇━━━━━━━╇━━━━━━━┩
│ 0 │ callbacks_modules │ ModuleDict │      0 │ train │     0 │
│ 1 │ callbacks_metrics │ ModuleDict │      0 │ train │     0 │
│ 2 │ model             │ JEPA       │  828 K │ train │     0 │
│ 3 │ sigreg            │ SIGReg     │      0 │ train │     0 │
└───┴───────────────────┴────────────┴────────┴───────┴───────┘
Trainable params: 828 K                                                         
Non-trainable params: 0                                                         
Total params: 828 K                                                             
Total estimated model params size (MB): 3                                       
Modules in train mode: 139                                                      
Modules in eval mode: 0                                                         
Total FLOPs: 0                                                                  
06:43:01.950 | WARNING (716513, stable_pretraining.module) | You are calling self.parameters which also gives callbacks parameters, to remove then, pass `with_callbacks=False`
/home/lthil/thesis/le-wm/.venv/lib/python3.10/site-packages/lightning/pytorch/utilities/_pytree.py:21: `isinstance(treespec, LeafSpec)` is deprecated, use `isinstance(treespec, TreeSpec) and treespec.is_leaf()` instead.
/home/lthil/thesis/le-wm/.venv/lib/python3.10/site-packages/lightning/pytorch/utilities/data.py:79: Trying to infer the `batch_size` from an ambiguous collection. The batch size we found is 512. To avoid any miscalculations, use `self.log(..., batch_size=batch_size)`.
[2026-04-25 06:43:03,064][root][INFO] - [HIProbe] Epoch 0 (seq_len=16, obs_window=1): encoding ...
[2026-04-25 06:43:03,316][root][INFO] - [HIProbe] Embedding std — min=0.0005  mean=0.0030  max=0.0110
[2026-04-25 06:43:03,316][root][INFO] - [HIProbe] Training TransformerProbe (max 150 epochs, patience=20) ...
[2026-04-25 06:43:03,383][root][INFO] - [HIProbe] probe dataset: train=28,312 windows, test=26,732 windows  (seq_len=16)
[2026-04-25 06:43:34,964][root][INFO] - [HIProbe] Early stop at probe epoch 99 (best mean RMSE=0.00237)
[2026-04-25 06:43:34,995][root][INFO] - 
[HIProbe] Epoch 0 | seq_len=16 — results
[2026-04-25 06:43:34,996][root][INFO] - ──────────────────────────────────────────────────────────────────
[2026-04-25 06:43:34,996][root][INFO] -   Component                           R²        RMSE   Pearson-r
[2026-04-25 06:43:34,996][root][INFO] - ──────────────────────────────────────────────────────────────────
[2026-04-25 06:43:34,996][root][INFO] -   HI_0                            0.1975     0.00252      0.4518
[2026-04-25 06:43:34,996][root][INFO] -   HI_1                           -0.6200     0.00409      0.1165
[2026-04-25 06:43:34,996][root][INFO] -   HI_2                           -0.0453     0.00410      0.4234
[2026-04-25 06:43:34,996][root][INFO] -   HI_3                            0.5713     0.00274      0.7796
[2026-04-25 06:43:34,996][root][INFO] -   HI_4                           -0.0515     0.00300      0.3031
[2026-04-25 06:43:34,996][root][INFO] -   HI_5                           -1.1807     0.00198      0.1598
[2026-04-25 06:43:34,996][root][INFO] -   HI_6                           -0.4234     0.00111      0.0720
[2026-04-25 06:43:34,996][root][INFO] -   HI_7                           -0.4207     0.00121     -0.0296
[2026-04-25 06:43:34,996][root][INFO] -   HI_8                           -0.0777     0.00127     -0.0238
[2026-04-25 06:43:34,996][root][INFO] -   HI_9                           -1.2295     0.00166      0.2076
[2026-04-25 06:43:34,996][root][INFO] - ──────────────────────────────────────────────────────────────────
[2026-04-25 06:43:34,996][root][INFO] -   MEAN                           -0.3280     0.00237      0.2461
[2026-04-25 06:43:34,996][root][INFO] - ──────────────────────────────────────────────────────────────────
[2026-04-25 06:43:34,996][root][INFO] - [HIProbe] Training Action-RUL probe (max_horizon=300) ...
[2026-04-25 06:43:35,063][root][INFO] - [HIProbe] Action-RUL probe dataset: train=28,312, test=26,732 windows
[2026-04-25 06:43:48,822][root][INFO] - [HIProbe] RUL early stop at probe epoch 43
[2026-04-25 06:43:48,844][root][INFO] - [HIProbe] Action-RUL evaluation: 26732/26732 (100.0%) uncensored test samples (tau < 300)
[2026-04-25 06:43:48,849][root][INFO] - [HIProbe] Action-RUL — RMSE=27.73 steps  MAE=22.34 steps  R2=-0.1635  Pearson=0.0130
[2026-04-25 06:43:48,850][root][INFO] - [HIProbe] Appended to hi_probe_metrics.csv
[2026-04-25 06:43:48,850][root][INFO] - [HIProbe] Logged 38 metrics to wandb.
06:43:48.861 | INFO    (716513, stable_pretraining.callbacks.trainer_info) | \n+-----------------------------------+-----------------------+
|               Metric              |         Value         |
+-----------------------------------+-----------------------+
|    [0;34;40mhi_probe/sl16/HI_0/pearson_r[0m   |   [0;32;40m0.4517577886581421[0m  |
|       [0;34;40mhi_probe/sl16/HI_0/r2[0m       |   [0;32;40m0.1975427269935608[0m  |
|      [0;34;40mhi_probe/sl16/HI_0/rmse[0m      | [0;32;40m0.0025207852013409138[0m |
|    [0;34;40mhi_probe/sl16/HI_1/pearson_r[0m   |  [0;32;40m0.11652147769927979[0m  |
|       [0;34;40mhi_probe/sl16/HI_1/r2[0m       |  [0;32;40m-0.6199538707733154[0m  |
|      [0;34;40mhi_probe/sl16/HI_1/rmse[0m      |  [0;32;40m0.004093787167221308[0m |
|    [0;34;40mhi_probe/sl16/HI_2/pearson_r[0m   |   [0;32;40m0.4234143793582916[0m  |
|       [0;34;40mhi_probe/sl16/HI_2/r2[0m       |  [0;32;40m-0.04530167579650879[0m |
|      [0;34;40mhi_probe/sl16/HI_2/rmse[0m      |  [0;32;40m0.004102048929780722[0m |
|    [0;34;40mhi_probe/sl16/HI_3/pearson_r[0m   |   [0;32;40m0.7795895934104919[0m  |
|       [0;34;40mhi_probe/sl16/HI_3/r2[0m       |   [0;32;40m0.5712881684303284[0m  |
|      [0;34;40mhi_probe/sl16/HI_3/rmse[0m      |  [0;32;40m0.002735939109697938[0m |
|    [0;34;40mhi_probe/sl16/HI_4/pearson_r[0m   |  [0;32;40m0.30313819646835327[0m  |
|       [0;34;40mhi_probe/sl16/HI_4/r2[0m       |  [0;32;40m-0.05147242546081543[0m |
|      [0;34;40mhi_probe/sl16/HI_4/rmse[0m      | [0;32;40m0.0030019613914191723[0m |
|    [0;34;40mhi_probe/sl16/HI_5/pearson_r[0m   |   [0;32;40m0.1598200798034668[0m  |
|       [0;34;40mhi_probe/sl16/HI_5/r2[0m       |  [0;32;40m-1.1807384490966797[0m  |
|      [0;34;40mhi_probe/sl16/HI_5/rmse[0m      | [0;32;40m0.0019766457844525576[0m |
|    [0;34;40mhi_probe/sl16/HI_6/pearson_r[0m   |  [0;32;40m0.07201164215803146[0m  |
|       [0;34;40mhi_probe/sl16/HI_6/r2[0m       |  [0;32;40m-0.42339539527893066[0m |
|      [0;34;40mhi_probe/sl16/HI_6/rmse[0m      |  [0;32;40m0.001110005658119917[0m |
|    [0;34;40mhi_probe/sl16/HI_7/pearson_r[0m   |  [0;32;40m-0.02955719083547592[0m |
|       [0;34;40mhi_probe/sl16/HI_7/r2[0m       |  [0;32;40m-0.4206506013870239[0m  |
|      [0;34;40mhi_probe/sl16/HI_7/rmse[0m      |  [0;32;40m0.001205327338539064[0m |
|    [0;34;40mhi_probe/sl16/HI_8/pearson_r[0m   | [0;32;40m-0.023829076439142227[0m |
|       [0;34;40mhi_probe/sl16/HI_8/r2[0m       |  [0;32;40m-0.07771635055541992[0m |
|      [0;34;40mhi_probe/sl16/HI_8/rmse[0m      | [0;32;40m0.0012707702117040753[0m |
|    [0;34;40mhi_probe/sl16/HI_9/pearson_r[0m   |  [0;32;40m0.20763900876045227[0m  |
|       [0;34;40mhi_probe/sl16/HI_9/r2[0m       |   [0;32;40m-1.229482889175415[0m  |
|      [0;34;40mhi_probe/sl16/HI_9/rmse[0m      | [0;32;40m0.0016607665456831455[0m |
|    [0;34;40mhi_probe/sl16/mean_pearson_r[0m   |  [0;32;40m0.24605059623718262[0m  |
|       [0;34;40mhi_probe/sl16/mean_r2[0m       |  [0;32;40m-0.3279880881309509[0m  |
|      [0;34;40mhi_probe/sl16/mean_rmse[0m      | [0;32;40m0.0023678038269281387[0m |
| [0;34;40mhi_probe/sl16/rul/frac_uncensored[0m |          [0;32;40m1.0[0m          |
|       [0;34;40mhi_probe/sl16/rul/mae[0m       |    [0;32;40m22.3372802734375[0m   |
|    [0;34;40mhi_probe/sl16/rul/pearson_r[0m    |  [0;32;40m0.013041122816503048[0m |
|        [0;34;40mhi_probe/sl16/rul/r2[0m       |  [0;32;40m-0.16350233554840088[0m |
|       [0;34;40mhi_probe/sl16/rul/rmse[0m      |   [0;32;40m27.727306365966797[0m  |
|          [0;34;40mvalidate/ar_loss[0m         |  [0;32;40m0.060808196663856506[0m |
|       [0;34;40mvalidate/ar_loss_epoch[0m      |  [0;32;40m0.060808196663856506[0m |
|           [0;34;40mvalidate/loss[0m           |     [0;32;40m32.87353515625[0m    |
|        [0;34;40mvalidate/loss_epoch[0m        |     [0;32;40m32.87353515625[0m    |
|         [0;34;40mvalidate/pred_loss[0m        |  [0;32;40m0.12353576719760895[0m  |
|      [0;34;40mvalidate/pred_loss_epoch[0m     |  [0;32;40m0.12353576719760895[0m  |
|        [0;34;40mvalidate/sigreg_loss[0m       |         [0;32;40m218.0[0m         |
|     [0;34;40mvalidate/sigreg_loss_epoch[0m    |         [0;32;40m218.0[0m         |
+-----------------------------------+-----------------------+
06:43:48.862 | INFO    (716513, stable_pretraining.callbacks.cpu_offload) | CPUOffloadCallback: Training started
06:43:48.862 | WARNING (716513, stable_pretraining.module) | You are calling self.parameters which also gives callbacks parameters, to remove then, pass `with_callbacks=False`
06:43:48.863 | WARNING (716513, stable_pretraining.module) | You are calling self.parameters which also gives callbacks parameters, to remove then, pass `with_callbacks=False`
06:43:48.863 | INFO    (716513, stable_pretraining.callbacks.cpu_offload) | Model statistics:
06:43:48.863 | INFO    (716513, stable_pretraining.callbacks.cpu_offload) |   - Total parameters: 828,372
06:43:48.863 | INFO    (716513, stable_pretraining.callbacks.cpu_offload) |   - Trainable parameters: 828,372
06:43:48.863 | INFO    (716513, stable_pretraining.callbacks.cpu_offload) |   - Model size (bf16): ~0.00 GB
06:43:48.863 | INFO    (716513, stable_pretraining.callbacks.cpu_offload) |   - Estimated checkpoint size (with optimizer): ~0.00 GB
06:43:48.863 | INFO    (716513, stable_pretraining.module) | Double checking optimizers!
06:43:48.863 | INFO    (716513, stable_pretraining.module) | `self.optimizers() gave us 1 optimizers
06:43:48.863 | WARNING (716513, stable_pretraining.module) | No clip val found for optimizer default_0
06:43:48.863 | WARNING (716513, stable_pretraining.module) | -> we will use the Trainer's value of 0.3
06:43:48.863 | WARNING (716513, stable_pretraining.module) | No clip algorithm found for optimizer default_0
06:43:48.863 | WARNING (716513, stable_pretraining.module) | -> we will use the Trainer's value of None
06:43:48.863 | SUCCESS (716513, stable_pretraining.module) | We are done checking your optimizers! Here is the summary:
+------------+-----------+----------------+-----------+-----------+
| Opt. Index | Opt. name |      opt       | clip val. | clip alg. |
+------------+-----------+----------------+-----------+-----------+
|     0      | default_0 | LightningAdamW |    0.3    |    None   |
+------------+-----------+----------------+-----------+-----------+
06:43:48.864 | WARNING (716513, stable_pretraining.module) | You are calling self.parameters which also gives callbacks parameters, to remove then, pass `with_callbacks=False`
06:43:48.865 | INFO    (716513, stable_pretraining.callbacks.unused_parameters) | [LogUnusedParametersOnce] Registered hooks on 102 leaf parameters.
06:43:48.986 | ERROR   (716513, contextlib) | 
================================================================================
💥 EXCEPTION CAUGHT
================================================================================
Type: OutOfMemoryError
Message: CUDA out of memory. Tried to allocate 3.09 GiB. GPU 0 has a total capacity of 31.36 GiB of which 2.44 GiB is free. Including non-PyTorch memory, this process has 28.90 GiB memory in use. Of the allocated memory 28.23 GiB is allocated by PyTorch, and 73.68 MiB is reserved by PyTorch but unallocated. If reserved but unallocated memory is large try setting PYTORCH_CUDA_ALLOC_CONF=expandable_segments:True to avoid fragmentation.  See documentation for Memory Management  (https://docs.pytorch.org/docs/stable/notes/cuda.html#optimizing-memory-usage-with-pytorch-cuda-alloc-conf)
================================================================================
TRACEBACK:
Traceback (most recent call last):
  File "/home/lthil/thesis/le-wm/.venv/lib/python3.10/site-packages/stable_pretraining/utils/error_handling.py", line 36, in catch_errors
    yield
  File "/home/lthil/thesis/le-wm/.venv/lib/python3.10/site-packages/stable_pretraining/utils/error_handling.py", line 98, in wrapper
    return func(*args, **kwargs)
  File "/home/lthil/thesis/le-wm/.venv/lib/python3.10/site-packages/stable_pretraining/module.py", line 212, in training_step
    state = self(batch, stage="fit")
  File "/home/lthil/thesis/le-wm/.venv/lib/python3.10/site-packages/torch/nn/modules/module.py", line 1779, in _wrapped_call_impl
    return self._call_impl(*args, **kwargs)
  File "/home/lthil/thesis/le-wm/.venv/lib/python3.10/site-packages/torch/nn/modules/module.py", line 1790, in _call_impl
    return forward_call(*args, **kwargs)
  File "/home/lthil/thesis/le-wm/train.py", line 121, in lejepa_forward
    output = self.model.encode(batch)
  File "/home/lthil/thesis/le-wm/jepa.py", line 155, in encode
    return self._encode_sensor(info)
  File "/home/lthil/thesis/le-wm/jepa.py", line 194, in _encode_sensor
    frame_emb = self.encoder(sensors_flat)                  # (B*T_raw, d_model)
  File "/home/lthil/thesis/le-wm/.venv/lib/python3.10/site-packages/torch/nn/modules/module.py", line 1779, in _wrapped_call_impl
    return self._call_impl(*args, **kwargs)
  File "/home/lthil/thesis/le-wm/.venv/lib/python3.10/site-packages/torch/nn/modules/module.py", line 1790, in _call_impl
    return forward_call(*args, **kwargs)
  File "/home/lthil/thesis/le-wm/jepa.py", line 72, in forward
    out    = self.transformer(tokens)                                  # (N, n, d_model)
  File "/home/lthil/thesis/le-wm/.venv/lib/python3.10/site-packages/torch/nn/modules/module.py", line 1779, in _wrapped_call_impl
    return self._call_impl(*args, **kwargs)
  File "/home/lthil/thesis/le-wm/.venv/lib/python3.10/site-packages/torch/nn/modules/module.py", line 1790, in _call_impl
    return forward_call(*args, **kwargs)
  File "/home/lthil/thesis/le-wm/.venv/lib/python3.10/site-packages/torch/nn/modules/transformer.py", line 540, in forward
    output = mod(
  File "/home/lthil/thesis/le-wm/.venv/lib/python3.10/site-packages/torch/nn/modules/module.py", line 1779, in _wrapped_call_impl
    return self._call_impl(*args, **kwargs)
  File "/home/lthil/thesis/le-wm/.venv/lib/python3.10/site-packages/torch/nn/modules/module.py", line 1790, in _call_impl
    return forward_call(*args, **kwargs)
  File "/home/lthil/thesis/le-wm/.venv/lib/python3.10/site-packages/torch/nn/modules/transformer.py", line 947, in forward
    x = x + self._sa_block(
  File "/home/lthil/thesis/le-wm/.venv/lib/python3.10/site-packages/torch/nn/modules/transformer.py", line 968, in _sa_block
    x = self.self_attn(
  File "/home/lthil/thesis/le-wm/.venv/lib/python3.10/site-packages/torch/nn/modules/module.py", line 1779, in _wrapped_call_impl
    return self._call_impl(*args, **kwargs)
  File "/home/lthil/thesis/le-wm/.venv/lib/python3.10/site-packages/torch/nn/modules/module.py", line 1790, in _call_impl
    return forward_call(*args, **kwargs)
  File "/home/lthil/thesis/le-wm/.venv/lib/python3.10/site-packages/torch/nn/modules/activation.py", line 1492, in forward
    attn_output, attn_output_weights = F.multi_head_attention_forward(
  File "/home/lthil/thesis/le-wm/.venv/lib/python3.10/site-packages/torch/nn/functional.py", line 6478, in multi_head_attention_forward
    q, k, v = _in_projection_packed(query, key, value, in_proj_weight, in_proj_bias)
  File "/home/lthil/thesis/le-wm/.venv/lib/python3.10/site-packages/torch/nn/functional.py", line 5836, in _in_projection_packed
    proj = linear(q, w, b)
torch.OutOfMemoryError: CUDA out of memory. Tried to allocate 3.09 GiB. GPU 0 has a total capacity of 31.36 GiB of which 2.44 GiB is free. Including non-PyTorch memory, this process has 28.90 GiB memory in use. Of the allocated memory 28.23 GiB is allocated by PyTorch, and 73.68 MiB is reserved by PyTorch but unallocated. If reserved but unallocated memory is large try setting PYTORCH_CUDA_ALLOC_CONF=expandable_segments:True to avoid fragmentation.  See documentation for Memory Management  (https://docs.pytorch.org/docs/stable/notes/cuda.html#optimizing-memory-usage-with-pytorch-cuda-alloc-conf)
================================================================================


================================================================================
💥 EXCEPTION CAUGHT
================================================================================
Type: OutOfMemoryError
Message: CUDA out of memory. Tried to allocate 3.09 GiB. GPU 0 has a total capacity of 31.36 GiB of which 2.44 GiB is free. Including non-PyTorch memory, this process has 28.90 GiB memory in use. Of the allocated memory 28.23 GiB is allocated by PyTorch, and 73.68 MiB is reserved by PyTorch but unallocated. If reserved but unallocated memory is large try setting PYTORCH_CUDA_ALLOC_CONF=expandable_segments:True to avoid fragmentation.  See documentation for Memory Management  (https://docs.pytorch.org/docs/stable/notes/cuda.html#optimizing-memory-usage-with-pytorch-cuda-alloc-conf)
================================================================================
TRACEBACK:
Traceback (most recent call last):
  File "/home/lthil/thesis/le-wm/.venv/lib/python3.10/site-packages/stable_pretraining/utils/error_handling.py", line 36, in catch_errors
    yield
  File "/home/lthil/thesis/le-wm/.venv/lib/python3.10/site-packages/stable_pretraining/utils/error_handling.py", line 98, in wrapper
    return func(*args, **kwargs)
  File "/home/lthil/thesis/le-wm/.venv/lib/python3.10/site-packages/stable_pretraining/module.py", line 212, in training_step
    state = self(batch, stage="fit")
  File "/home/lthil/thesis/le-wm/.venv/lib/python3.10/site-packages/torch/nn/modules/module.py", line 1779, in _wrapped_call_impl
    return self._call_impl(*args, **kwargs)
  File "/home/lthil/thesis/le-wm/.venv/lib/python3.10/site-packages/torch/nn/modules/module.py", line 1790, in _call_impl
    return forward_call(*args, **kwargs)
  File "/home/lthil/thesis/le-wm/train.py", line 121, in lejepa_forward
    output = self.model.encode(batch)
  File "/home/lthil/thesis/le-wm/jepa.py", line 155, in encode
    return self._encode_sensor(info)
  File "/home/lthil/thesis/le-wm/jepa.py", line 194, in _encode_sensor
    frame_emb = self.encoder(sensors_flat)                  # (B*T_raw, d_model)
  File "/home/lthil/thesis/le-wm/.venv/lib/python3.10/site-packages/torch/nn/modules/module.py", line 1779, in _wrapped_call_impl
    return self._call_impl(*args, **kwargs)
  File "/home/lthil/thesis/le-wm/.venv/lib/python3.10/site-packages/torch/nn/modules/module.py", line 1790, in _call_impl
    return forward_call(*args, **kwargs)
  File "/home/lthil/thesis/le-wm/jepa.py", line 72, in forward
    out    = self.transformer(tokens)                                  # (N, n, d_model)
  File "/home/lthil/thesis/le-wm/.venv/lib/python3.10/site-packages/torch/nn/modules/module.py", line 1779, in _wrapped_call_impl
    return self._call_impl(*args, **kwargs)
  File "/home/lthil/thesis/le-wm/.venv/lib/python3.10/site-packages/torch/nn/modules/module.py", line 1790, in _call_impl
    return forward_call(*args, **kwargs)
  File "/home/lthil/thesis/le-wm/.venv/lib/python3.10/site-packages/torch/nn/modules/transformer.py", line 540, in forward
    output = mod(
  File "/home/lthil/thesis/le-wm/.venv/lib/python3.10/site-packages/torch/nn/modules/module.py", line 1779, in _wrapped_call_impl
    return self._call_impl(*args, **kwargs)
  File "/home/lthil/thesis/le-wm/.venv/lib/python3.10/site-packages/torch/nn/modules/module.py", line 1790, in _call_impl
    return forward_call(*args, **kwargs)
  File "/home/lthil/thesis/le-wm/.venv/lib/python3.10/site-packages/torch/nn/modules/transformer.py", line 947, in forward
    x = x + self._sa_block(
  File "/home/lthil/thesis/le-wm/.venv/lib/python3.10/site-packages/torch/nn/modules/transformer.py", line 968, in _sa_block
    x = self.self_attn(
  File "/home/lthil/thesis/le-wm/.venv/lib/python3.10/site-packages/torch/nn/modules/module.py", line 1779, in _wrapped_call_impl
    return self._call_impl(*args, **kwargs)
  File "/home/lthil/thesis/le-wm/.venv/lib/python3.10/site-packages/torch/nn/modules/module.py", line 1790, in _call_impl
    return forward_call(*args, **kwargs)
  File "/home/lthil/thesis/le-wm/.venv/lib/python3.10/site-packages/torch/nn/modules/activation.py", line 1492, in forward
    attn_output, attn_output_weights = F.multi_head_attention_forward(
  File "/home/lthil/thesis/le-wm/.venv/lib/python3.10/site-packages/torch/nn/functional.py", line 6478, in multi_head_attention_forward
    q, k, v = _in_projection_packed(query, key, value, in_proj_weight, in_proj_bias)
  File "/home/lthil/thesis/le-wm/.venv/lib/python3.10/site-packages/torch/nn/functional.py", line 5836, in _in_projection_packed
    proj = linear(q, w, b)
torch.OutOfMemoryError: CUDA out of memory. Tried to allocate 3.09 GiB. GPU 0 has a total capacity of 31.36 GiB of which 2.44 GiB is free. Including non-PyTorch memory, this process has 28.90 GiB memory in use. Of the allocated memory 28.23 GiB is allocated by PyTorch, and 73.68 MiB is reserved by PyTorch but unallocated. If reserved but unallocated memory is large try setting PYTORCH_CUDA_ALLOC_CONF=expandable_segments:True to avoid fragmentation.  See documentation for Memory Management  (https://docs.pytorch.org/docs/stable/notes/cuda.html#optimizing-memory-usage-with-pytorch-cuda-alloc-conf)
================================================================================


================================================================================
💥 EXCEPTION CAUGHT
================================================================================
Type: OutOfMemoryError
Message: CUDA out of memory. Tried to allocate 3.09 GiB. GPU 0 has a total capacity of 31.36 GiB of which 2.44 GiB is free. Including non-PyTorch memory, this process has 28.90 GiB memory in use. Of the allocated memory 28.23 GiB is allocated by PyTorch, and 73.68 MiB is reserved by PyTorch but unallocated. If reserved but unallocated memory is large try setting PYTORCH_CUDA_ALLOC_CONF=expandable_segments:True to avoid fragmentation.  See documentation for Memory Management  (https://docs.pytorch.org/docs/stable/notes/cuda.html#optimizing-memory-usage-with-pytorch-cuda-alloc-conf)
================================================================================
TRACEBACK:
Traceback (most recent call last):
  File "/home/lthil/thesis/le-wm/.venv/lib/python3.10/site-packages/stable_pretraining/utils/error_handling.py", line 36, in catch_errors
    yield
  File "/home/lthil/thesis/le-wm/.venv/lib/python3.10/site-packages/stable_pretraining/utils/error_handling.py", line 98, in wrapper
    return func(*args, **kwargs)
  File "/home/lthil/thesis/le-wm/.venv/lib/python3.10/site-packages/stable_pretraining/module.py", line 212, in training_step
    state = self(batch, stage="fit")
  File "/home/lthil/thesis/le-wm/.venv/lib/python3.10/site-packages/torch/nn/modules/module.py", line 1779, in _wrapped_call_impl
    return self._call_impl(*args, **kwargs)
  File "/home/lthil/thesis/le-wm/.venv/lib/python3.10/site-packages/torch/nn/modules/module.py", line 1790, in _call_impl
    return forward_call(*args, **kwargs)
  File "/home/lthil/thesis/le-wm/train.py", line 121, in lejepa_forward
    output = self.model.encode(batch)
  File "/home/lthil/thesis/le-wm/jepa.py", line 155, in encode
    return self._encode_sensor(info)
  File "/home/lthil/thesis/le-wm/jepa.py", line 194, in _encode_sensor
    frame_emb = self.encoder(sensors_flat)                  # (B*T_raw, d_model)
  File "/home/lthil/thesis/le-wm/.venv/lib/python3.10/site-packages/torch/nn/modules/module.py", line 1779, in _wrapped_call_impl
    return self._call_impl(*args, **kwargs)
  File "/home/lthil/thesis/le-wm/.venv/lib/python3.10/site-packages/torch/nn/modules/module.py", line 1790, in _call_impl
    return forward_call(*args, **kwargs)
  File "/home/lthil/thesis/le-wm/jepa.py", line 72, in forward
    out    = self.transformer(tokens)                                  # (N, n, d_model)
  File "/home/lthil/thesis/le-wm/.venv/lib/python3.10/site-packages/torch/nn/modules/module.py", line 1779, in _wrapped_call_impl
    return self._call_impl(*args, **kwargs)
  File "/home/lthil/thesis/le-wm/.venv/lib/python3.10/site-packages/torch/nn/modules/module.py", line 1790, in _call_impl
    return forward_call(*args, **kwargs)
  File "/home/lthil/thesis/le-wm/.venv/lib/python3.10/site-packages/torch/nn/modules/transformer.py", line 540, in forward
    output = mod(
  File "/home/lthil/thesis/le-wm/.venv/lib/python3.10/site-packages/torch/nn/modules/module.py", line 1779, in _wrapped_call_impl
    return self._call_impl(*args, **kwargs)
  File "/home/lthil/thesis/le-wm/.venv/lib/python3.10/site-packages/torch/nn/modules/module.py", line 1790, in _call_impl
    return forward_call(*args, **kwargs)
  File "/home/lthil/thesis/le-wm/.venv/lib/python3.10/site-packages/torch/nn/modules/transformer.py", line 947, in forward
    x = x + self._sa_block(
  File "/home/lthil/thesis/le-wm/.venv/lib/python3.10/site-packages/torch/nn/modules/transformer.py", line 968, in _sa_block
    x = self.self_attn(
  File "/home/lthil/thesis/le-wm/.venv/lib/python3.10/site-packages/torch/nn/modules/module.py", line 1779, in _wrapped_call_impl
    return self._call_impl(*args, **kwargs)
  File "/home/lthil/thesis/le-wm/.venv/lib/python3.10/site-packages/torch/nn/modules/module.py", line 1790, in _call_impl
    return forward_call(*args, **kwargs)
  File "/home/lthil/thesis/le-wm/.venv/lib/python3.10/site-packages/torch/nn/modules/activation.py", line 1492, in forward
    attn_output, attn_output_weights = F.multi_head_attention_forward(
  File "/home/lthil/thesis/le-wm/.venv/lib/python3.10/site-packages/torch/nn/functional.py", line 6478, in multi_head_attention_forward
    q, k, v = _in_projection_packed(query, key, value, in_proj_weight, in_proj_bias)
  File "/home/lthil/thesis/le-wm/.venv/lib/python3.10/site-packages/torch/nn/functional.py", line 5836, in _in_projection_packed
    proj = linear(q, w, b)
torch.OutOfMemoryError: CUDA out of memory. Tried to allocate 3.09 GiB. GPU 0 has a total capacity of 31.36 GiB of which 2.44 GiB is free. Including non-PyTorch memory, this process has 28.90 GiB memory in use. Of the allocated memory 28.23 GiB is allocated by PyTorch, and 73.68 MiB is reserved by PyTorch but unallocated. If reserved but unallocated memory is large try setting PYTORCH_CUDA_ALLOC_CONF=expandable_segments:True to avoid fragmentation.  See documentation for Memory Management  (https://docs.pytorch.org/docs/stable/notes/cuda.html#optimizing-memory-usage-with-pytorch-cuda-alloc-conf)
================================================================================

wandb: 
wandb: Run history:
wandb:         hi_probe/emb_std_max ▁
wandb:        hi_probe/emb_std_mean ▁
wandb:         hi_probe/emb_std_min ▁
wandb: hi_probe/sl16/HI_0/pearson_r ▁
wandb:        hi_probe/sl16/HI_0/r2 ▁
wandb:      hi_probe/sl16/HI_0/rmse ▁
wandb: hi_probe/sl16/HI_1/pearson_r ▁
wandb:        hi_probe/sl16/HI_1/r2 ▁
wandb:      hi_probe/sl16/HI_1/rmse ▁
wandb: hi_probe/sl16/HI_2/pearson_r ▁
wandb:                          +32 ...
wandb: 
wandb: Run summary:
wandb:                error_message CUDA out of memory. ...
wandb:                   error_type OutOfMemoryError
wandb:         hi_probe/emb_std_max 0.01102
wandb:        hi_probe/emb_std_mean 0.00298
wandb:         hi_probe/emb_std_min 0.00051
wandb: hi_probe/sl16/HI_0/pearson_r 0.45176
wandb:        hi_probe/sl16/HI_0/r2 0.19754
wandb:      hi_probe/sl16/HI_0/rmse 0.00252
wandb: hi_probe/sl16/HI_1/pearson_r 0.11652
wandb:        hi_probe/sl16/HI_1/r2 -0.61995
wandb:                          +35 ...
wandb: 
wandb: You can sync this run to the cloud by running:
wandb: wandb sync wandb/offline-run-20260425_064255-y60s1i7v
wandb: Find logs at: wandb/offline-run-20260425_064255-y60s1i7v/logs
Epoch 0/0                         0/12240 0:00:00 • -:--:-- 0.00it/s v_num: 1i7v
06:43:48.991 | ERROR   (716513, stable_pretraining.callbacks.cpu_offload) | ============================================================
06:43:48.991 | ERROR   (716513, stable_pretraining.callbacks.cpu_offload) | CPUOffloadCallback: Exception occurred during training
06:43:48.991 | ERROR   (716513, stable_pretraining.callbacks.cpu_offload) | Exception: OutOfMemoryError: CUDA out of memory. Tried to allocate 3.09 GiB. GPU 0 has a total capacity of 31.36 GiB of which 2.44 GiB is free. Including non-PyTorch memory, this process has 28.90 GiB memory in use. Of the allocated memory 28.23 GiB is allocated by PyTorch, and 73.68 MiB is reserved by PyTorch but unallocated. If reserved but unallocated memory is large try setting PYTORCH_CUDA_ALLOC_CONF=expandable_segments:True to avoid fragmentation.  See documentation for Memory Management  (https://docs.pytorch.org/docs/stable/notes/cuda.html#optimizing-memory-usage-with-pytorch-cuda-alloc-conf)
06:43:48.991 | ERROR   (716513, stable_pretraining.callbacks.cpu_offload) | Callback was enabled: True
06:43:48.991 | ERROR   (716513, stable_pretraining.callbacks.cpu_offload) | Checkpoints saved before exception: 0
06:43:48.991 | ERROR   (716513, stable_pretraining.callbacks.cpu_offload) | ============================================================
06:43:49.132 | SUCCESS (716513, stable_pretraining.callbacks.env_info) |   ✓ NVIDIA Driver: 580.126.09
06:43:49.137 | SUCCESS (716513, stable_pretraining.callbacks.env_info) |   ✓ Git: feature/option-b-sensor-native @ f8bf4503
06:43:49.137 | INFO    (716513, stable_pretraining.callbacks.env_info) |      Remote: git@github.com:LucasStill/le-wm.git
06:43:49.137 | WARNING (716513, stable_pretraining.callbacks.env_info) |      ⚠️  Working directory has uncommitted changes!
06:43:49.137 | SUCCESS (716513, stable_pretraining.callbacks.env_info) |   ✓ Environment: 3 relevant variables captured
06:43:49.137 | INFO    (716513, stable_pretraining.callbacks.env_info) | 🔄 Serializing environment data...
06:43:49.138 | INFO    (716513, stable_pretraining.callbacks.env_info) | 📋 File exists, using version 12: environment_v12.json
06:43:49.138 | INFO    (716513, stable_pretraining.callbacks.env_info) | 📋 File exists, using version 12: requirements_frozen_v12.txt
06:43:49.138 | INFO    (716513, stable_pretraining.callbacks.env_info) | 📁 Save directory: /home/lthil/thesis/le-wm
06:43:49.138 | INFO    (716513, stable_pretraining.callbacks.env_info) | 💾 Writing environment to temp file...
06:43:49.138 | INFO    (716513, stable_pretraining.callbacks.env_info) | 💾 Moving to: environment_v12.json
06:43:49.138 | SUCCESS (716513, stable_pretraining.callbacks.env_info) | ✓ Environment file saved (2.3 KB)
06:43:49.138 | SUCCESS (716513, stable_pretraining.callbacks.env_info) | ✓ Requirements file saved (0.1 KB)
Error executing job with overrides: ['data=scenario4', 'encoder_type=sensor', 'n_sensors=176', '+sensor_encoder.max_sensors=200', 'obs_window_size=1', 'wm.history_size=16', 'wm.h_step=5', 'wm.num_preds=4', 'wm.zero_pad_prob=0.0', 'num_workers=4', 'loader.batch_size=512', 'loader.persistent_workers=True', 'loader.pin_memory=True', 'trainer.precision=bf16-mixed', 'data.dataset.cache_dir=/home/lthil/.stable_worldmodel', 'wandb.config.project=turbofan_S4', 'subdir=scenario4_sensor_w1_H16_S5_P4', 'output_model_name=lewm_s4_sensor_w1_H16_S5_P4', 'hi_probe.enabled=true', 'hi_probe.probe_seq_len=16', 'trainer.max_epochs=1', '+trainer.accumulate_grad_batches=1']
Traceback (most recent call last):
  File "/home/lthil/thesis/le-wm/train.py", line 404, in run
    trainer.fit(world_model, datamodule=data_module)
  File "/home/lthil/thesis/le-wm/.venv/lib/python3.10/site-packages/lightning/pytorch/trainer/trainer.py", line 584, in fit
    call._call_and_handle_interrupt(
  File "/home/lthil/thesis/le-wm/.venv/lib/python3.10/site-packages/lightning/pytorch/trainer/call.py", line 49, in _call_and_handle_interrupt
    return trainer_fn(*args, **kwargs)
  File "/home/lthil/thesis/le-wm/.venv/lib/python3.10/site-packages/lightning/pytorch/trainer/trainer.py", line 630, in _fit_impl
    self._run(model, ckpt_path=ckpt_path, weights_only=weights_only)
  File "/home/lthil/thesis/le-wm/.venv/lib/python3.10/site-packages/lightning/pytorch/trainer/trainer.py", line 1079, in _run
    results = self._run_stage()
  File "/home/lthil/thesis/le-wm/.venv/lib/python3.10/site-packages/lightning/pytorch/trainer/trainer.py", line 1123, in _run_stage
    self.fit_loop.run()
  File "/home/lthil/thesis/le-wm/.venv/lib/python3.10/site-packages/lightning/pytorch/loops/fit_loop.py", line 217, in run
    self.advance()
  File "/home/lthil/thesis/le-wm/.venv/lib/python3.10/site-packages/lightning/pytorch/loops/fit_loop.py", line 465, in advance
    self.epoch_loop.run(self._data_fetcher)
  File "/home/lthil/thesis/le-wm/.venv/lib/python3.10/site-packages/lightning/pytorch/loops/training_epoch_loop.py", line 153, in run
    self.advance(data_fetcher)
  File "/home/lthil/thesis/le-wm/.venv/lib/python3.10/site-packages/lightning/pytorch/loops/training_epoch_loop.py", line 354, in advance
    batch_output = self.manual_optimization.run(kwargs)
  File "/home/lthil/thesis/le-wm/.venv/lib/python3.10/site-packages/lightning/pytorch/loops/optimization/manual.py", line 95, in run
    self.advance(kwargs)
  File "/home/lthil/thesis/le-wm/.venv/lib/python3.10/site-packages/lightning/pytorch/loops/optimization/manual.py", line 115, in advance
    training_step_output = call._call_strategy_hook(trainer, "training_step", *kwargs.values())
  File "/home/lthil/thesis/le-wm/.venv/lib/python3.10/site-packages/lightning/pytorch/trainer/call.py", line 329, in _call_strategy_hook
    output = fn(*args, **kwargs)
  File "/home/lthil/thesis/le-wm/.venv/lib/python3.10/site-packages/lightning/pytorch/strategies/strategy.py", line 391, in training_step
    return self.lightning_module.training_step(*args, **kwargs)
  File "/home/lthil/thesis/le-wm/.venv/lib/python3.10/site-packages/stable_pretraining/utils/error_handling.py", line 98, in wrapper
    return func(*args, **kwargs)
  File "/home/lthil/thesis/le-wm/.venv/lib/python3.10/site-packages/stable_pretraining/module.py", line 212, in training_step
    state = self(batch, stage="fit")
  File "/home/lthil/thesis/le-wm/.venv/lib/python3.10/site-packages/torch/nn/modules/module.py", line 1779, in _wrapped_call_impl
    return self._call_impl(*args, **kwargs)
  File "/home/lthil/thesis/le-wm/.venv/lib/python3.10/site-packages/torch/nn/modules/module.py", line 1790, in _call_impl
    return forward_call(*args, **kwargs)
  File "/home/lthil/thesis/le-wm/train.py", line 121, in lejepa_forward
    output = self.model.encode(batch)
  File "/home/lthil/thesis/le-wm/jepa.py", line 155, in encode
    return self._encode_sensor(info)
  File "/home/lthil/thesis/le-wm/jepa.py", line 194, in _encode_sensor
    frame_emb = self.encoder(sensors_flat)                  # (B*T_raw, d_model)
  File "/home/lthil/thesis/le-wm/.venv/lib/python3.10/site-packages/torch/nn/modules/module.py", line 1779, in _wrapped_call_impl
    return self._call_impl(*args, **kwargs)
  File "/home/lthil/thesis/le-wm/.venv/lib/python3.10/site-packages/torch/nn/modules/module.py", line 1790, in _call_impl
    return forward_call(*args, **kwargs)
  File "/home/lthil/thesis/le-wm/jepa.py", line 72, in forward
    out    = self.transformer(tokens)                                  # (N, n, d_model)
  File "/home/lthil/thesis/le-wm/.venv/lib/python3.10/site-packages/torch/nn/modules/module.py", line 1779, in _wrapped_call_impl
    return self._call_impl(*args, **kwargs)
  File "/home/lthil/thesis/le-wm/.venv/lib/python3.10/site-packages/torch/nn/modules/module.py", line 1790, in _call_impl
    return forward_call(*args, **kwargs)
  File "/home/lthil/thesis/le-wm/.venv/lib/python3.10/site-packages/torch/nn/modules/transformer.py", line 540, in forward
    output = mod(
  File "/home/lthil/thesis/le-wm/.venv/lib/python3.10/site-packages/torch/nn/modules/module.py", line 1779, in _wrapped_call_impl
    return self._call_impl(*args, **kwargs)
  File "/home/lthil/thesis/le-wm/.venv/lib/python3.10/site-packages/torch/nn/modules/module.py", line 1790, in _call_impl
    return forward_call(*args, **kwargs)
  File "/home/lthil/thesis/le-wm/.venv/lib/python3.10/site-packages/torch/nn/modules/transformer.py", line 947, in forward
    x = x + self._sa_block(
  File "/home/lthil/thesis/le-wm/.venv/lib/python3.10/site-packages/torch/nn/modules/transformer.py", line 968, in _sa_block
    x = self.self_attn(
  File "/home/lthil/thesis/le-wm/.venv/lib/python3.10/site-packages/torch/nn/modules/module.py", line 1779, in _wrapped_call_impl
    return self._call_impl(*args, **kwargs)
  File "/home/lthil/thesis/le-wm/.venv/lib/python3.10/site-packages/torch/nn/modules/module.py", line 1790, in _call_impl
    return forward_call(*args, **kwargs)
  File "/home/lthil/thesis/le-wm/.venv/lib/python3.10/site-packages/torch/nn/modules/activation.py", line 1492, in forward
    attn_output, attn_output_weights = F.multi_head_attention_forward(
  File "/home/lthil/thesis/le-wm/.venv/lib/python3.10/site-packages/torch/nn/functional.py", line 6478, in multi_head_attention_forward
    q, k, v = _in_projection_packed(query, key, value, in_proj_weight, in_proj_bias)
  File "/home/lthil/thesis/le-wm/.venv/lib/python3.10/site-packages/torch/nn/functional.py", line 5836, in _in_projection_packed
    proj = linear(q, w, b)
torch.OutOfMemoryError: CUDA out of memory. Tried to allocate 3.09 GiB. GPU 0 has a total capacity of 31.36 GiB of which 2.44 GiB is free. Including non-PyTorch memory, this process has 28.90 GiB memory in use. Of the allocated memory 28.23 GiB is allocated by PyTorch, and 73.68 MiB is reserved by PyTorch but unallocated. If reserved but unallocated memory is large try setting PYTORCH_CUDA_ALLOC_CONF=expandable_segments:True to avoid fragmentation.  See documentation for Memory Management  (https://docs.pytorch.org/docs/stable/notes/cuda.html#optimizing-memory-usage-with-pytorch-cuda-alloc-conf)

Set the environment variable HYDRA_FULL_ERROR=1 for a complete stack trace.
[2026-04-25T06:43:50Z] XX E3_probe OOM'd
[2026-04-25T06:43:50Z] E3 probe failed (unexpected); trying bs=256 accum=2
[2026-04-25T06:43:50Z] ==== START E3_probe_fallback  H=16 S=5 P=4 bs=256 accum=2 epochs=1 ====
========================================
Host     : dragon
GPU      : GPU 0: NVIDIA GeForce RTX 5090 (UUID: GPU-85afedf9-1f8b-84b5-334a-931815cde3dc)
Dir      : /home/lthil/thesis/le-wm
STABLEWM : /home/lthil/.stable_worldmodel
========================================
Run name : lewm_s4_sensor_w1_H16_S5_P4
Config   : w=1 H=16 s=5 P=4 bs=256
========================================
[2026-04-25 06:43:53,477][root][INFO] - Cached 'action' from '/home/lthil/.stable_worldmodel/scenario4_train_lewm.h5'
[2026-04-25 06:43:58,448][root][INFO] - Cached 'pixels' from '/home/lthil/.stable_worldmodel/scenario4_train_lewm.h5'
/home/lthil/thesis/le-wm/jepa.py:65: UserWarning: enable_nested_tensor is True, but self.use_nested_tensor is False because encoder_layer.norm_first was True
  self.transformer = nn.TransformerEncoder(encoder_layer, num_layers=num_layers)
[2026-04-25 06:43:58,925][root][INFO] - [Encoder] SensorEncoder — n_sensors=176, d_model=64
[2026-04-25 06:43:58,928][root][INFO] - [HIProbe] Config found: True, enabled: True
[2026-04-25 06:43:58,928][root][INFO] - [HIProbe] data_path = /home/lthil/.stable_worldmodel/scenario4_train_lewm.h5
[2026-04-25 06:43:58,928][root][INFO] - [HIProbe] ✓ Registered — evaluating every 5 epochs
06:43:58.928 | INFO    (716749, stable_pretraining.data.module) | Setting up DataModule
06:43:58.929 | INFO    (716749, stable_pretraining.module) | Initializing Module configuration...
06:43:58.929 | WARNING (716749, stable_pretraining.module) | No hyperparameters provided - hyperparameter logging is disabled.
06:43:58.929 | INFO    (716749, stable_pretraining.module) | Setting custom forward method.
06:43:58.929 | INFO    (716749, stable_pretraining.module) | Setting attribute: self.model = <class 'jepa.JEPA'>
06:43:58.929 | INFO    (716749, stable_pretraining.module) | Setting attribute: self.sigreg = <class 'module.SIGReg'>
06:43:58.929 | INFO    (716749, stable_pretraining.module) | Setting attribute: self.optim = <class 'dict'>
06:43:58.929 | INFO    (716749, stable_pretraining.module) | No metrics configuration provided - automatic metric tracking is disabled.
wandb: WARNING The anonymous setting has no effect and will be removed in a future version.
wandb: WARNING `resume` will be ignored since W&B syncing is set to `offline`. Starting a new run with run id yjteioi2.
wandb: Tracking run with wandb version 0.26.1
wandb: W&B syncing is set to `offline` in this directory. Run `wandb online` or set WANDB_MODE=online to enable cloud syncing.
wandb: Run data is saved locally in wandb/offline-run-20260425_064358-yjteioi2
Using bfloat16 Automatic Mixed Precision (AMP)
06:43:59.328 | INFO    (716749, stable_pretraining.callbacks.env_info) | EnvironmentDumpCallback initialized (filename=environment.json, async=True)
06:43:59.328 | INFO    (716749, stable_pretraining.callbacks.cpu_offload) | ============================================================
06:43:59.329 | INFO    (716749, stable_pretraining.callbacks.cpu_offload) | Initializing CPUOffloadCallback
06:43:59.329 | INFO    (716749, stable_pretraining.callbacks.cpu_offload) | Configuration:
06:43:59.329 | INFO    (716749, stable_pretraining.callbacks.cpu_offload) |   - Offload keys: ['state_dict', 'optimizer_states', 'lr_schedulers']
06:43:59.329 | INFO    (716749, stable_pretraining.callbacks.cpu_offload) |   - Log all skipped objects: False
06:43:59.329 | INFO    (716749, stable_pretraining.callbacks.cpu_offload) |   - Will show first/last 10 skipped objects only
06:43:59.329 | SUCCESS (716749, stable_pretraining.callbacks.cpu_offload) | ✓ CUDA available: 1 GPU(s) detected
06:43:59.445 | INFO    (716749, stable_pretraining.callbacks.cpu_offload) |   - GPU 0: NVIDIA GeForce RTX 5090 (33.7 GB)
06:43:59.445 | SUCCESS (716749, stable_pretraining.callbacks.cpu_offload) | CPUOffloadCallback initialized successfully
06:43:59.445 | INFO    (716749, stable_pretraining.callbacks.cpu_offload) | ============================================================
Adding 10 callbacks from entry point 'stablepretraining_callbacks': ModuleRegistryCallback, LoggingCallback, EnvironmentDumpCallback, TrainerInfo, SklearnCheckpoint, WandbCheckpoint, ModuleSummary, SLURMInfo, LogUnusedParametersOnce, CPUOffloadCallback
GPU available: True (cuda), used: True
TPU available: False, using: 0 TPU cores
💡 Tip: For seamless cloud logging and experiment tracking, try installing [litlogger](https://pypi.org/project/litlogger/) to enable LitLogger, which logs metrics and artifacts automatically to the Lightning Experiments platform.
Seed set to 3072
💡 Tip: For seamless cloud uploads and versioning, try installing [litmodels](https://pypi.org/project/litmodels/) to enable LitModelCheckpoint, which syncs automatically with the Lightning model registry.
You are using a CUDA device ('NVIDIA GeForce RTX 5090') that has Tensor Cores. To properly utilize them, you should set `torch.set_float32_matmul_precision('medium' | 'high')` which will trade-off precision for performance. For more details, read https://pytorch.org/docs/stable/generated/torch.set_float32_matmul_precision.html#torch.set_float32_matmul_precision
06:43:59.517 | INFO    (716749, stable_pretraining.data.module) | dataset for fit loaded!  ✅
06:43:59.518 | INFO    (716749, stable_pretraining.data.module) | 	● setup was done by user
[2026-04-25 06:43:59,518][root][INFO] - [HIProbe] Loading dataset from /home/lthil/.stable_worldmodel/scenario4_train_lewm.h5  (seq_len=16, obs_window=1)
[2026-04-25 06:44:04,431][root][INFO] - [HIProbe] Loading observations from key 'pixels' (encoder_type=sensor, shape=(7010872, 176))
[2026-04-25 06:44:04,591][root][INFO] - [HIProbe] Action-RUL: 80251 maintenance events found (max_horizon=300)
[2026-04-25 06:44:04,596][root][INFO] - [HIProbe] CSV → hi_probe_metrics.csv
[2026-04-25 06:44:04,596][root][INFO] - [HIProbe] 28,342 train / 26,762 test timesteps  (500 episodes, 10 HI dims)
06:44:04.700 | INFO    (716749, stable_pretraining.callbacks.env_info) | ======================================================================
06:44:04.701 | INFO    (716749, stable_pretraining.callbacks.env_info) | 🔍 Starting environment configuration dump...
06:44:04.701 | INFO    (716749, stable_pretraining.callbacks.env_info) | ======================================================================
06:44:04.701 | INFO    (716749, stable_pretraining.callbacks.env_info) | EnvironmentDumpCallback  log_dir=PosixPath('/home/lthil/thesis/le-wm')
06:44:04.701 | INFO    (716749, stable_pretraining.callbacks.env_info) | ⚡ Running environment dump in background thread (non-blocking)
06:44:04.701 | INFO    (716749, stable_pretraining.callbacks.env_info) | 📁 Log directory: /home/lthil/thesis/le-wm
06:44:04.701 | INFO    (716749, stable_pretraining.callbacks.env_info) | 📊 Collecting environment information...
06:44:04.702 | SUCCESS (716749, stable_pretraining.callbacks.env_info) | ✓ Background thread started successfully
06:44:04.702 | SUCCESS (716749, stable_pretraining.callbacks.env_info) |   ✓ Python 3.10.20
06:44:04.702 | INFO    (716749, stable_pretraining.callbacks.trainer_info) | 	 linking trainer to DataModule! 🔧
06:44:04.702 | SUCCESS (716749, stable_pretraining.callbacks.env_info) |   ✓ System: Linux 6.8.0-106-generic (x86_64)
06:44:04.702 | INFO    (716749, stable_pretraining.callbacks.checkpoint_sklearn) | Setting up SklearnCheckpoint callback!
06:44:04.702 | INFO    (716749, stable_pretraining.callbacks.env_info) |      Hostname: dragon
06:44:04.703 | INFO    (716749, stable_pretraining.callbacks.checkpoint_sklearn) | Sklearn Modules:
06:44:04.703 | INFO    (716749, stable_pretraining.callbacks.checkpoint_sklearn) | 
┏━━━━━━━━━━┳━━━━━━━━┳━━━━━━━━┓
┃ Module   ┃ Name   ┃ Type   ┃
┣━━━━━━━━━━╋━━━━━━━━╋━━━━━━━━┫
┗━━━━━━━━━━┻━━━━━━━━┻━━━━━━━━┛
06:44:04.703 | INFO    (716749, stable_pretraining.callbacks.checkpoint_sklearn) | Setting up WandbCheckpoint callback!
06:44:04.703 | INFO    (716749, stable_pretraining.callbacks.trainer_info) | PyTorch Modules:
06:44:04.704 | WARNING (716749, stable_pretraining.module) | You are calling self.parameters which also gives callbacks parameters, to remove then, pass `with_callbacks=False`
06:44:04.707 | INFO    (716749, stable_pretraining.callbacks.trainer_info) | \n+---------------------------------------------------------+----------------------+--------------------------+--------------------------+---------+
| Module                                                  | Trainable parameters | Non Trainable parameters | Uninitialized parameters | Buffers |
+---------------------------------------------------------+----------------------+--------------------------+--------------------------+---------+
|                                                         |               828372 |                        0 |                        0 |    1077 |
| callbacks_modules                                       |                    0 |                        0 |                        0 |       0 |
| callbacks_metrics                                       |                    0 |                        0 |                        0 |       0 |
| model                                                   |               828372 |                        0 |                        0 |    1026 |
| model.encoder                                           |               113024 |                        0 |                        0 |       0 |
| model.encoder.value_proj                                |                  128 |                        0 |                        0 |       0 |
| model.encoder.transformer                               |                99968 |                        0 |                        0 |       0 |
| model.encoder.transformer.layers                        |                99968 |                        0 |                        0 |       0 |
| model.encoder.transformer.layers.0                      |                49984 |                        0 |                        0 |       0 |
| model.encoder.transformer.layers.0.self_attn            |                16640 |                        0 |                        0 |       0 |
| model.encoder.transformer.layers.0.self_attn.out_proj   |                 4160 |                        0 |                        0 |       0 |
| model.encoder.transformer.layers.0.linear1              |                16640 |                        0 |                        0 |       0 |
| model.encoder.transformer.layers.0.dropout              |                    0 |                        0 |                        0 |       0 |
| model.encoder.transformer.layers.0.linear2              |                16448 |                        0 |                        0 |       0 |
| model.encoder.transformer.layers.0.norm1                |                  128 |                        0 |                        0 |       0 |
| model.encoder.transformer.layers.0.norm2                |                  128 |                        0 |                        0 |       0 |
| model.encoder.transformer.layers.0.dropout1             |                    0 |                        0 |                        0 |       0 |
| model.encoder.transformer.layers.0.dropout2             |                    0 |                        0 |                        0 |       0 |
| model.encoder.transformer.layers.1                      |                49984 |                        0 |                        0 |       0 |
| model.encoder.transformer.layers.1.self_attn            |                16640 |                        0 |                        0 |       0 |
| model.encoder.transformer.layers.1.self_attn.out_proj   |                 4160 |                        0 |                        0 |       0 |
| model.encoder.transformer.layers.1.linear1              |                16640 |                        0 |                        0 |       0 |
| model.encoder.transformer.layers.1.dropout              |                    0 |                        0 |                        0 |       0 |
| model.encoder.transformer.layers.1.linear2              |                16448 |                        0 |                        0 |       0 |
| model.encoder.transformer.layers.1.norm1                |                  128 |                        0 |                        0 |       0 |
| model.encoder.transformer.layers.1.norm2                |                  128 |                        0 |                        0 |       0 |
| model.encoder.transformer.layers.1.dropout1             |                    0 |                        0 |                        0 |       0 |
| model.encoder.transformer.layers.1.dropout2             |                    0 |                        0 |                        0 |       0 |
| model.encoder.norm                                      |                  128 |                        0 |                        0 |       0 |
| model.predictor                                         |               628864 |                        0 |                        0 |       0 |
| model.predictor.dropout                                 |                    0 |                        0 |                        0 |       0 |
| model.predictor.transformer                             |               627840 |                        0 |                        0 |       0 |
| model.predictor.transformer.norm                        |                  128 |                        0 |                        0 |       0 |
| model.predictor.transformer.layers                      |               627712 |                        0 |                        0 |       0 |
| model.predictor.transformer.layers.0                    |               156928 |                        0 |                        0 |       0 |
| model.predictor.transformer.layers.0.attn               |                65728 |                        0 |                        0 |       0 |
| model.predictor.transformer.layers.0.attn.norm          |                  128 |                        0 |                        0 |       0 |
| model.predictor.transformer.layers.0.attn.attend        |                    0 |                        0 |                        0 |       0 |
| model.predictor.transformer.layers.0.attn.to_qkv        |                49152 |                        0 |                        0 |       0 |
| model.predictor.transformer.layers.0.attn.to_out        |                16448 |                        0 |                        0 |       0 |
| model.predictor.transformer.layers.0.attn.to_out.0      |                16448 |                        0 |                        0 |       0 |
| model.predictor.transformer.layers.0.attn.to_out.1      |                    0 |                        0 |                        0 |       0 |
| model.predictor.transformer.layers.0.mlp                |                66240 |                        0 |                        0 |       0 |
| model.predictor.transformer.layers.0.mlp.net            |                66240 |                        0 |                        0 |       0 |
| model.predictor.transformer.layers.0.mlp.net.0          |                  128 |                        0 |                        0 |       0 |
| model.predictor.transformer.layers.0.mlp.net.1          |                33280 |                        0 |                        0 |       0 |
| model.predictor.transformer.layers.0.mlp.net.2          |                    0 |                        0 |                        0 |       0 |
| model.predictor.transformer.layers.0.mlp.net.3          |                    0 |                        0 |                        0 |       0 |
| model.predictor.transformer.layers.0.mlp.net.4          |                32832 |                        0 |                        0 |       0 |
| model.predictor.transformer.layers.0.mlp.net.5          |                    0 |                        0 |                        0 |       0 |
| model.predictor.transformer.layers.0.norm1              |                    0 |                        0 |                        0 |       0 |
| model.predictor.transformer.layers.0.norm2              |                    0 |                        0 |                        0 |       0 |
| model.predictor.transformer.layers.0.adaLN_modulation   |                24960 |                        0 |                        0 |       0 |
| model.predictor.transformer.layers.0.adaLN_modulation.0 |                    0 |                        0 |                        0 |       0 |
| model.predictor.transformer.layers.0.adaLN_modulation.1 |                24960 |                        0 |                        0 |       0 |
| model.predictor.transformer.layers.1                    |               156928 |                        0 |                        0 |       0 |
| model.predictor.transformer.layers.1.attn               |                65728 |                        0 |                        0 |       0 |
| model.predictor.transformer.layers.1.attn.norm          |                  128 |                        0 |                        0 |       0 |
| model.predictor.transformer.layers.1.attn.attend        |                    0 |                        0 |                        0 |       0 |
| model.predictor.transformer.layers.1.attn.to_qkv        |                49152 |                        0 |                        0 |       0 |
| model.predictor.transformer.layers.1.attn.to_out        |                16448 |                        0 |                        0 |       0 |
| model.predictor.transformer.layers.1.attn.to_out.0      |                16448 |                        0 |                        0 |       0 |
| model.predictor.transformer.layers.1.attn.to_out.1      |                    0 |                        0 |                        0 |       0 |
| model.predictor.transformer.layers.1.mlp                |                66240 |                        0 |                        0 |       0 |
| model.predictor.transformer.layers.1.mlp.net            |                66240 |                        0 |                        0 |       0 |
| model.predictor.transformer.layers.1.mlp.net.0          |                  128 |                        0 |                        0 |       0 |
| model.predictor.transformer.layers.1.mlp.net.1          |                33280 |                        0 |                        0 |       0 |
| model.predictor.transformer.layers.1.mlp.net.2          |                    0 |                        0 |                        0 |       0 |
| model.predictor.transformer.layers.1.mlp.net.3          |                    0 |                        0 |                        0 |       0 |
| model.predictor.transformer.layers.1.mlp.net.4          |                32832 |                        0 |                        0 |       0 |
| model.predictor.transformer.layers.1.mlp.net.5          |                    0 |                        0 |                        0 |       0 |
| model.predictor.transformer.layers.1.norm1              |                    0 |                        0 |                        0 |       0 |
| model.predictor.transformer.layers.1.norm2              |                    0 |                        0 |                        0 |       0 |
| model.predictor.transformer.layers.1.adaLN_modulation   |                24960 |                        0 |                        0 |       0 |
| model.predictor.transformer.layers.1.adaLN_modulation.0 |                    0 |                        0 |                        0 |       0 |
| model.predictor.transformer.layers.1.adaLN_modulation.1 |                24960 |                        0 |                        0 |       0 |
| model.predictor.transformer.layers.2                    |               156928 |                        0 |                        0 |       0 |
| model.predictor.transformer.layers.2.attn               |                65728 |                        0 |                        0 |       0 |
| model.predictor.transformer.layers.2.attn.norm          |                  128 |                        0 |                        0 |       0 |
| model.predictor.transformer.layers.2.attn.attend        |                    0 |                        0 |                        0 |       0 |
| model.predictor.transformer.layers.2.attn.to_qkv        |                49152 |                        0 |                        0 |       0 |
| model.predictor.transformer.layers.2.attn.to_out        |                16448 |                        0 |                        0 |       0 |
| model.predictor.transformer.layers.2.attn.to_out.0      |                16448 |                        0 |                        0 |       0 |
| model.predictor.transformer.layers.2.attn.to_out.1      |                    0 |                        0 |                        0 |       0 |
| model.predictor.transformer.layers.2.mlp                |                66240 |                        0 |                        0 |       0 |
| model.predictor.transformer.layers.2.mlp.net            |                66240 |                        0 |                        0 |       0 |
| model.predictor.transformer.layers.2.mlp.net.0          |                  128 |                        0 |                        0 |       0 |
| model.predictor.transformer.layers.2.mlp.net.1          |                33280 |                        0 |                        0 |       0 |
| model.predictor.transformer.layers.2.mlp.net.2          |                    0 |                        0 |                        0 |       0 |
| model.predictor.transformer.layers.2.mlp.net.3          |                    0 |                        0 |                        0 |       0 |
| model.predictor.transformer.layers.2.mlp.net.4          |                32832 |                        0 |                        0 |       0 |
| model.predictor.transformer.layers.2.mlp.net.5          |                    0 |                        0 |                        0 |       0 |
| model.predictor.transformer.layers.2.norm1              |                    0 |                        0 |                        0 |       0 |
| model.predictor.transformer.layers.2.norm2              |                    0 |                        0 |                        0 |       0 |
| model.predictor.transformer.layers.2.adaLN_modulation   |                24960 |                        0 |                        0 |       0 |
| model.predictor.transformer.layers.2.adaLN_modulation.0 |                    0 |                        0 |                        0 |       0 |
| model.predictor.transformer.layers.2.adaLN_modulation.1 |                24960 |                        0 |                        0 |       0 |
| model.predictor.transformer.layers.3                    |               156928 |                        0 |                        0 |       0 |
| model.predictor.transformer.layers.3.attn               |                65728 |                        0 |                        0 |       0 |
| model.predictor.transformer.layers.3.attn.norm          |                  128 |                        0 |                        0 |       0 |
| model.predictor.transformer.layers.3.attn.attend        |                    0 |                        0 |                        0 |       0 |
| model.predictor.transformer.layers.3.attn.to_qkv        |                49152 |                        0 |                        0 |       0 |
| model.predictor.transformer.layers.3.attn.to_out        |                16448 |                        0 |                        0 |       0 |
| model.predictor.transformer.layers.3.attn.to_out.0      |                16448 |                        0 |                        0 |       0 |
| model.predictor.transformer.layers.3.attn.to_out.1      |                    0 |                        0 |                        0 |       0 |
| model.predictor.transformer.layers.3.mlp                |                66240 |                        0 |                        0 |       0 |
| model.predictor.transformer.layers.3.mlp.net            |                66240 |                        0 |                        0 |       0 |
| model.predictor.transformer.layers.3.mlp.net.0          |                  128 |                        0 |                        0 |       0 |
| model.predictor.transformer.layers.3.mlp.net.1          |                33280 |                        0 |                        0 |       0 |
| model.predictor.transformer.layers.3.mlp.net.2          |                    0 |                        0 |                        0 |       0 |
| model.predictor.transformer.layers.3.mlp.net.3          |                    0 |                        0 |                        0 |       0 |
| model.predictor.transformer.layers.3.mlp.net.4          |                32832 |                        0 |                        0 |       0 |
| model.predictor.transformer.layers.3.mlp.net.5          |                    0 |                        0 |                        0 |       0 |
| model.predictor.transformer.layers.3.norm1              |                    0 |                        0 |                        0 |       0 |
| model.predictor.transformer.layers.3.norm2              |                    0 |                        0 |                        0 |       0 |
| model.predictor.transformer.layers.3.adaLN_modulation   |                24960 |                        0 |                        0 |       0 |
| model.predictor.transformer.layers.3.adaLN_modulation.0 |                    0 |                        0 |                        0 |       0 |
| model.predictor.transformer.layers.3.adaLN_modulation.1 |                24960 |                        0 |                        0 |       0 |
| model.predictor.transformer.input_proj                  |                    0 |                        0 |                        0 |       0 |
| model.predictor.transformer.cond_proj                   |                    0 |                        0 |                        0 |       0 |
| model.predictor.transformer.output_proj                 |                    0 |                        0 |                        0 |       0 |
| model.action_encoder                                    |                19284 |                        0 |                        0 |       0 |
| model.action_encoder.patch_embed                        |                   20 |                        0 |                        0 |       0 |
| model.action_encoder.embed                              |                19264 |                        0 |                        0 |       0 |
| model.action_encoder.embed.0                            |                 2816 |                        0 |                        0 |       0 |
| model.action_encoder.embed.1                            |                    0 |                        0 |                        0 |       0 |
| model.action_encoder.embed.2                            |                16448 |                        0 |                        0 |       0 |
| model.projector                                         |                33600 |                        0 |                        0 |     513 |
| model.projector.net                                     |                33600 |                        0 |                        0 |     513 |
| model.projector.net.0                                   |                16640 |                        0 |                        0 |       0 |
| model.projector.net.1                                   |                  512 |                        0 |                        0 |     513 |
| model.projector.net.2                                   |                    0 |                        0 |                        0 |       0 |
| model.projector.net.3                                   |                16448 |                        0 |                        0 |       0 |
| model.pred_proj                                         |                33600 |                        0 |                        0 |     513 |
| model.pred_proj.net                                     |                33600 |                        0 |                        0 |     513 |
| model.pred_proj.net.0                                   |                16640 |                        0 |                        0 |       0 |
| model.pred_proj.net.1                                   |                  512 |                        0 |                        0 |     513 |
| model.pred_proj.net.2                                   |                    0 |                        0 |                        0 |       0 |
| model.pred_proj.net.3                                   |                16448 |                        0 |                        0 |       0 |
| sigreg                                                  |                    0 |                        0 |                        0 |      51 |
+---------------------------------------------------------+----------------------+--------------------------+--------------------------+---------+
06:44:04.707 | INFO    (716749, stable_pretraining.callbacks.trainer_info) | ---- SLURM INFO ---- 🔧
06:44:04.707 | INFO    (716749, stable_pretraining.callbacks.trainer_info) | Job ID: N/A
06:44:04.707 | INFO    (716749, stable_pretraining.callbacks.trainer_info) | Task ID: N/A
06:44:04.707 | INFO    (716749, stable_pretraining.callbacks.trainer_info) | Job Name: N/A
06:44:04.707 | INFO    (716749, stable_pretraining.callbacks.trainer_info) | Nodes: N/A
06:44:04.707 | INFO    (716749, stable_pretraining.callbacks.trainer_info) | Tasks: N/A
06:44:04.707 | INFO    (716749, stable_pretraining.callbacks.trainer_info) | CPUs per node: N/A
06:44:04.707 | INFO    (716749, stable_pretraining.callbacks.trainer_info) | CPUs per task: N/A
06:44:04.707 | INFO    (716749, stable_pretraining.callbacks.trainer_info) | Memory per node: N/A
06:44:04.707 | INFO    (716749, stable_pretraining.callbacks.trainer_info) | Memory per CPU: N/A
06:44:04.707 | INFO    (716749, stable_pretraining.callbacks.trainer_info) | Time limit: N/A
06:44:04.707 | INFO    (716749, stable_pretraining.callbacks.trainer_info) | Partition: N/A
06:44:04.707 | INFO    (716749, stable_pretraining.callbacks.trainer_info) | Node List: N/A
06:44:04.707 | INFO    (716749, stable_pretraining.callbacks.trainer_info) | Submit Directory: N/A
06:44:04.708 | INFO    (716749, stable_pretraining.callbacks.cpu_offload) | CPUOffloadCallback: Setup called for stage 'fit'
06:44:04.708 | INFO    (716749, stable_pretraining.callbacks.cpu_offload) |   - Trainer rank: 0/1
06:44:04.708 | INFO    (716749, stable_pretraining.callbacks.cpu_offload) |   - Strategy: SingleDeviceStrategy
06:44:04.708 | SUCCESS (716749, stable_pretraining.callbacks.cpu_offload) | ✓ Strategy 'SingleDeviceStrategy' is compatible with CPU offload
06:44:04.708 | SUCCESS (716749, stable_pretraining.callbacks.cpu_offload) | ✓ CPUOffloadCallback ENABLED for strategy 'SingleDeviceStrategy'
06:44:04.708 | INFO    (716749, stable_pretraining.callbacks.cpu_offload) |   - This rank will handle checkpoint saving and CPU offload
LOCAL_RANK: 0 - CUDA_VISIBLE_DEVICES: [0]
06:44:04.711 | INFO    (716749, stable_pretraining.module) | Configuring optimizers and learning rate schedulers...
06:44:04.711 | INFO    (716749, stable_pretraining.module) | 	Optimizer specified by Dict with keys ['model_opt']... 🔧
06:44:04.711 | INFO    (716749, stable_pretraining.module) | 
┏━━━━━━━━━━━━━┳━━━━━━━━━━━┳━━━━━━━━━━━━━━━━━━━┳━━━━━━━━━━━━━━━━━┳━━━━━━━━━━━━━━━━┳━━━━━━━━━━━━━━━━━━━━━━━━┓
┃ Optimizer   ┃ Pattern   ┃   Matched Modules ┃   Param Tensors ┃   Total Params ┃   RequiresGrad Tensors ┃
┣━━━━━━━━━━━━━╋━━━━━━━━━━━╋━━━━━━━━━━━━━━━━━━━╋━━━━━━━━━━━━━━━━━╋━━━━━━━━━━━━━━━━╋━━━━━━━━━━━━━━━━━━━━━━━━┫
┃ model_opt   ┃ model     ┃               136 ┃             102 ┃         828372 ┃                    102 ┃
┗━━━━━━━━━━━━━┻━━━━━━━━━━━┻━━━━━━━━━━━━━━━━━━━┻━━━━━━━━━━━━━━━━━┻━━━━━━━━━━━━━━━━┻━━━━━━━━━━━━━━━━━━━━━━━━┛
06:44:04.711 | INFO    (716749, stable_pretraining.optim.lr_scheduler) | 	User provided a dict
Loading `train_dataloader` to estimate number of stepping batches.
/home/lthil/thesis/le-wm/.venv/lib/python3.10/site-packages/lightning/pytorch/utilities/_pytree.py:21: `isinstance(treespec, LeafSpec)` is deprecated, use `isinstance(treespec, TreeSpec) and treespec.is_leaf()` instead.
06:44:04.713 | WARNING (716749, stable_pretraining.callbacks.env_info) |      ⚠️  pip freeze failed: Command '['/home/lthil/thesis/le-wm/.venv/bin/python', '-m', 'pip', 'freeze']' returned non-zero exit status 1.
06:44:04.713 | SUCCESS (716749, stable_pretraining.callbacks.env_info) |   ✓ Packages: 0 packages collected in 0.01s
06:44:05.105 | INFO    (716749, stable_pretraining.module) | Configured optimizer 'model_opt' (modules=136, param_tensors=102, total_params=828372) with LinearWarmupCosineAnnealingLR scheduler.
/home/lthil/thesis/le-wm/.venv/lib/python3.10/site-packages/lightning/pytorch/utilities/model_summary/model_summary.py:242: Precision bf16-mixed is not supported by the model summary.  Estimated model size in MB will not be accurate. Using 32 bits instead.
06:44:05.106 | WARNING (716749, stable_pretraining.module) | You are calling self.parameters which also gives callbacks parameters, to remove then, pass `with_callbacks=False`
06:44:05.107 | WARNING (716749, stable_pretraining.module) | You are calling self.parameters which also gives callbacks parameters, to remove then, pass `with_callbacks=False`
06:44:05.107 | WARNING (716749, stable_pretraining.module) | You are calling self.parameters which also gives callbacks parameters, to remove then, pass `with_callbacks=False`
06:44:05.107 | WARNING (716749, stable_pretraining.module) | You are calling self.parameters which also gives callbacks parameters, to remove then, pass `with_callbacks=False`
┏━━━┳━━━━━━━━━━━━━━━━━━━┳━━━━━━━━━━━━┳━━━━━━━━┳━━━━━━━┳━━━━━━━┓
┃   ┃ Name              ┃ Type       ┃ Params ┃ Mode  ┃ FLOPs ┃
┡━━━╇━━━━━━━━━━━━━━━━━━━╇━━━━━━━━━━━━╇━━━━━━━━╇━━━━━━━╇━━━━━━━┩
│ 0 │ callbacks_modules │ ModuleDict │      0 │ train │     0 │
│ 1 │ callbacks_metrics │ ModuleDict │      0 │ train │     0 │
│ 2 │ model             │ JEPA       │  828 K │ train │     0 │
│ 3 │ sigreg            │ SIGReg     │      0 │ train │     0 │
└───┴───────────────────┴────────────┴────────┴───────┴───────┘
Trainable params: 828 K                                                         
Non-trainable params: 0                                                         
Total params: 828 K                                                             
Total estimated model params size (MB): 3                                       
Modules in train mode: 139                                                      
Modules in eval mode: 0                                                         
Total FLOPs: 0                                                                  
06:44:05.114 | WARNING (716749, stable_pretraining.module) | You are calling self.parameters which also gives callbacks parameters, to remove then, pass `with_callbacks=False`
/home/lthil/thesis/le-wm/.venv/lib/python3.10/site-packages/lightning/pytorch/utilities/_pytree.py:21: `isinstance(treespec, LeafSpec)` is deprecated, use `isinstance(treespec, TreeSpec) and treespec.is_leaf()` instead.
/home/lthil/thesis/le-wm/.venv/lib/python3.10/site-packages/lightning/pytorch/utilities/data.py:79: Trying to infer the `batch_size` from an ambiguous collection. The batch size we found is 256. To avoid any miscalculations, use `self.log(..., batch_size=batch_size)`.
[2026-04-25 06:44:06,017][root][INFO] - [HIProbe] Epoch 0 (seq_len=16, obs_window=1): encoding ...
[2026-04-25 06:44:06,268][root][INFO] - [HIProbe] Embedding std — min=0.0001  mean=0.0042  max=0.0153
[2026-04-25 06:44:06,268][root][INFO] - [HIProbe] Training TransformerProbe (max 150 epochs, patience=20) ...
[2026-04-25 06:44:06,335][root][INFO] - [HIProbe] probe dataset: train=28,312 windows, test=26,732 windows  (seq_len=16)
06:44:14.859 | WARNING (716749, stable_pretraining.callbacks.env_info) |      ⚠️  nvidia-smi timed out
06:44:14.865 | SUCCESS (716749, stable_pretraining.callbacks.env_info) |   ✓ Git: feature/option-b-sensor-native @ f8bf4503
06:44:14.865 | INFO    (716749, stable_pretraining.callbacks.env_info) |      Remote: git@github.com:LucasStill/le-wm.git
06:44:14.865 | WARNING (716749, stable_pretraining.callbacks.env_info) |      ⚠️  Working directory has uncommitted changes!
06:44:14.866 | SUCCESS (716749, stable_pretraining.callbacks.env_info) |   ✓ Environment: 3 relevant variables captured
06:44:14.866 | INFO    (716749, stable_pretraining.callbacks.env_info) | 🔄 Serializing environment data...
06:44:14.866 | INFO    (716749, stable_pretraining.callbacks.env_info) | 📋 File exists, using version 13: environment_v13.json
06:44:14.866 | INFO    (716749, stable_pretraining.callbacks.env_info) | 📋 File exists, using version 13: requirements_frozen_v13.txt
06:44:14.866 | INFO    (716749, stable_pretraining.callbacks.env_info) | 📁 Save directory: /home/lthil/thesis/le-wm
06:44:14.866 | INFO    (716749, stable_pretraining.callbacks.env_info) | 💾 Writing environment to temp file...
06:44:14.867 | INFO    (716749, stable_pretraining.callbacks.env_info) | 💾 Moving to: environment_v13.json
06:44:14.867 | SUCCESS (716749, stable_pretraining.callbacks.env_info) | ✓ Environment file saved (2.3 KB)
06:44:14.867 | SUCCESS (716749, stable_pretraining.callbacks.env_info) | ✓ Requirements file saved (0.1 KB)
[2026-04-25 06:44:47,880][root][INFO] - [HIProbe] Early stop at probe epoch 120 (best mean RMSE=0.00255)
[2026-04-25 06:44:47,910][root][INFO] - 
[HIProbe] Epoch 0 | seq_len=16 — results
[2026-04-25 06:44:47,911][root][INFO] - ──────────────────────────────────────────────────────────────────
[2026-04-25 06:44:47,911][root][INFO] -   Component                           R²        RMSE   Pearson-r
[2026-04-25 06:44:47,911][root][INFO] - ──────────────────────────────────────────────────────────────────
[2026-04-25 06:44:47,911][root][INFO] -   HI_0                           -0.0406     0.00287      0.0460
[2026-04-25 06:44:47,911][root][INFO] -   HI_1                           -0.9058     0.00444      0.1322
[2026-04-25 06:44:47,911][root][INFO] -   HI_2                            0.0315     0.00395      0.1861
[2026-04-25 06:44:47,911][root][INFO] -   HI_3                           -0.0412     0.00426      0.3054
[2026-04-25 06:44:47,911][root][INFO] -   HI_4                            0.0120     0.00291      0.3461
[2026-04-25 06:44:47,911][root][INFO] -   HI_5                           -0.8330     0.00181      0.1171
[2026-04-25 06:44:47,911][root][INFO] -   HI_6                           -0.3317     0.00107      0.0018
[2026-04-25 06:44:47,911][root][INFO] -   HI_7                           -0.2615     0.00114     -0.0327
[2026-04-25 06:44:47,911][root][INFO] -   HI_8                           -0.1673     0.00132      0.0107
[2026-04-25 06:44:47,911][root][INFO] -   HI_9                           -1.4337     0.00174      0.0584
[2026-04-25 06:44:47,911][root][INFO] - ──────────────────────────────────────────────────────────────────
[2026-04-25 06:44:47,911][root][INFO] -   MEAN                           -0.3971     0.00255      0.1171
[2026-04-25 06:44:47,911][root][INFO] - ──────────────────────────────────────────────────────────────────
[2026-04-25 06:44:47,911][root][INFO] - [HIProbe] Training Action-RUL probe (max_horizon=300) ...
[2026-04-25 06:44:47,978][root][INFO] - [HIProbe] Action-RUL probe dataset: train=28,312, test=26,732 windows
[2026-04-25 06:44:59,070][root][INFO] - [HIProbe] RUL early stop at probe epoch 31
[2026-04-25 06:44:59,091][root][INFO] - [HIProbe] Action-RUL evaluation: 26732/26732 (100.0%) uncensored test samples (tau < 300)
[2026-04-25 06:44:59,098][root][INFO] - [HIProbe] Action-RUL — RMSE=27.62 steps  MAE=22.28 steps  R2=-0.1547  Pearson=0.0166
[2026-04-25 06:44:59,098][root][INFO] - [HIProbe] Appended to hi_probe_metrics.csv
[2026-04-25 06:44:59,098][root][INFO] - [HIProbe] Logged 38 metrics to wandb.
06:44:59.109 | INFO    (716749, stable_pretraining.callbacks.trainer_info) | \n+-----------------------------------+-----------------------+
|               Metric              |         Value         |
+-----------------------------------+-----------------------+
|    [0;34;40mhi_probe/sl16/HI_0/pearson_r[0m   |  [0;32;40m0.046015866100788116[0m |
|       [0;34;40mhi_probe/sl16/HI_0/r2[0m       |  [0;32;40m-0.04056823253631592[0m |
|      [0;34;40mhi_probe/sl16/HI_0/rmse[0m      | [0;32;40m0.0028705173172056675[0m |
|    [0;34;40mhi_probe/sl16/HI_1/pearson_r[0m   |  [0;32;40m0.13223804533481598[0m  |
|       [0;34;40mhi_probe/sl16/HI_1/r2[0m       |  [0;32;40m-0.9058282375335693[0m  |
|      [0;34;40mhi_probe/sl16/HI_1/rmse[0m      |  [0;32;40m0.004440336022526026[0m |
|    [0;34;40mhi_probe/sl16/HI_2/pearson_r[0m   |   [0;32;40m0.1860870122909546[0m  |
|       [0;34;40mhi_probe/sl16/HI_2/r2[0m       |  [0;32;40m0.031459927558898926[0m |
|      [0;34;40mhi_probe/sl16/HI_2/rmse[0m      | [0;32;40m0.0039485604502260685[0m |
|    [0;34;40mhi_probe/sl16/HI_3/pearson_r[0m   |  [0;32;40m0.30542534589767456[0m  |
|       [0;34;40mhi_probe/sl16/HI_3/r2[0m       |  [0;32;40m-0.04116702079772949[0m |
|      [0;34;40mhi_probe/sl16/HI_3/rmse[0m      |  [0;32;40m0.004263672977685928[0m |
|    [0;34;40mhi_probe/sl16/HI_4/pearson_r[0m   |   [0;32;40m0.3461068272590637[0m  |
|       [0;34;40mhi_probe/sl16/HI_4/r2[0m       |  [0;32;40m0.012001395225524902[0m |
|      [0;34;40mhi_probe/sl16/HI_4/rmse[0m      |  [0;32;40m0.00290994206443429[0m  |
|    [0;34;40mhi_probe/sl16/HI_5/pearson_r[0m   |  [0;32;40m0.11709003895521164[0m  |
|       [0;34;40mhi_probe/sl16/HI_5/r2[0m       |  [0;32;40m-0.8329781293869019[0m  |
|      [0;34;40mhi_probe/sl16/HI_5/rmse[0m      | [0;32;40m0.0018121983157470822[0m |
|    [0;34;40mhi_probe/sl16/HI_6/pearson_r[0m   | [0;32;40m0.0018484459724277258[0m |
|       [0;34;40mhi_probe/sl16/HI_6/r2[0m       |  [0;32;40m-0.3317086696624756[0m  |
|      [0;34;40mhi_probe/sl16/HI_6/rmse[0m      |  [0;32;40m0.001073660678230226[0m |
|    [0;34;40mhi_probe/sl16/HI_7/pearson_r[0m   |  [0;32;40m-0.03268544003367424[0m |
|       [0;34;40mhi_probe/sl16/HI_7/r2[0m       |  [0;32;40m-0.2615453004837036[0m  |
|      [0;34;40mhi_probe/sl16/HI_7/rmse[0m      | [0;32;40m0.0011358285555616021[0m |
|    [0;34;40mhi_probe/sl16/HI_8/pearson_r[0m   |  [0;32;40m0.010739678516983986[0m |
|       [0;34;40mhi_probe/sl16/HI_8/r2[0m       |  [0;32;40m-0.16728127002716064[0m |
|      [0;34;40mhi_probe/sl16/HI_8/rmse[0m      | [0;32;40m0.0013225208967924118[0m |
|    [0;34;40mhi_probe/sl16/HI_9/pearson_r[0m   |  [0;32;40m0.05837824568152428[0m  |
|       [0;34;40mhi_probe/sl16/HI_9/r2[0m       |  [0;32;40m-1.4336650371551514[0m  |
|      [0;34;40mhi_probe/sl16/HI_9/rmse[0m      | [0;32;40m0.0017351496499031782[0m |
|    [0;34;40mhi_probe/sl16/mean_pearson_r[0m   |  [0;32;40m0.11712440848350525[0m  |
|       [0;34;40mhi_probe/sl16/mean_r2[0m       |  [0;32;40m-0.39712804555892944[0m |
|      [0;34;40mhi_probe/sl16/mean_rmse[0m      |  [0;32;40m0.002551238751038909[0m |
| [0;34;40mhi_probe/sl16/rul/frac_uncensored[0m |          [0;32;40m1.0[0m          |
|       [0;34;40mhi_probe/sl16/rul/mae[0m       |   [0;32;40m22.279075622558594[0m  |
|    [0;34;40mhi_probe/sl16/rul/pearson_r[0m    |  [0;32;40m0.016565553843975067[0m |
|        [0;34;40mhi_probe/sl16/rul/r2[0m       |  [0;32;40m-0.15474915504455566[0m |
|       [0;34;40mhi_probe/sl16/rul/rmse[0m      |    [0;32;40m27.6228084564209[0m   |
|          [0;34;40mvalidate/ar_loss[0m         |   [0;32;40m0.0607370063662529[0m  |
|       [0;34;40mvalidate/ar_loss_epoch[0m      |   [0;32;40m0.0607370063662529[0m  |
|           [0;34;40mvalidate/loss[0m           |   [0;32;40m16.757888793945312[0m  |
|        [0;34;40mvalidate/loss_epoch[0m        |   [0;32;40m16.757888793945312[0m  |
|         [0;34;40mvalidate/pred_loss[0m        |  [0;32;40m0.13288801908493042[0m  |
|      [0;34;40mvalidate/pred_loss_epoch[0m     |  [0;32;40m0.13288801908493042[0m  |
|        [0;34;40mvalidate/sigreg_loss[0m       |         [0;32;40m111.0[0m         |
|     [0;34;40mvalidate/sigreg_loss_epoch[0m    |         [0;32;40m111.0[0m         |
+-----------------------------------+-----------------------+
06:44:59.111 | INFO    (716749, stable_pretraining.callbacks.cpu_offload) | CPUOffloadCallback: Training started
06:44:59.111 | WARNING (716749, stable_pretraining.module) | You are calling self.parameters which also gives callbacks parameters, to remove then, pass `with_callbacks=False`
06:44:59.111 | WARNING (716749, stable_pretraining.module) | You are calling self.parameters which also gives callbacks parameters, to remove then, pass `with_callbacks=False`
06:44:59.111 | INFO    (716749, stable_pretraining.callbacks.cpu_offload) | Model statistics:
06:44:59.111 | INFO    (716749, stable_pretraining.callbacks.cpu_offload) |   - Total parameters: 828,372
06:44:59.111 | INFO    (716749, stable_pretraining.callbacks.cpu_offload) |   - Trainable parameters: 828,372
06:44:59.111 | INFO    (716749, stable_pretraining.callbacks.cpu_offload) |   - Model size (bf16): ~0.00 GB
06:44:59.111 | INFO    (716749, stable_pretraining.callbacks.cpu_offload) |   - Estimated checkpoint size (with optimizer): ~0.00 GB
06:44:59.111 | INFO    (716749, stable_pretraining.module) | Double checking optimizers!
06:44:59.111 | INFO    (716749, stable_pretraining.module) | `self.optimizers() gave us 1 optimizers
06:44:59.111 | WARNING (716749, stable_pretraining.module) | No clip val found for optimizer default_0
06:44:59.111 | WARNING (716749, stable_pretraining.module) | -> we will use the Trainer's value of 0.3
06:44:59.111 | WARNING (716749, stable_pretraining.module) | No clip algorithm found for optimizer default_0
06:44:59.111 | WARNING (716749, stable_pretraining.module) | -> we will use the Trainer's value of None
06:44:59.111 | SUCCESS (716749, stable_pretraining.module) | We are done checking your optimizers! Here is the summary:
+------------+-----------+----------------+-----------+-----------+
| Opt. Index | Opt. name |      opt       | clip val. | clip alg. |
+------------+-----------+----------------+-----------+-----------+
|     0      | default_0 | LightningAdamW |    0.3    |    None   |
+------------+-----------+----------------+-----------+-----------+
06:44:59.113 | WARNING (716749, stable_pretraining.module) | You are calling self.parameters which also gives callbacks parameters, to remove then, pass `with_callbacks=False`
06:44:59.113 | INFO    (716749, stable_pretraining.callbacks.unused_parameters) | [LogUnusedParametersOnce] Registered hooks on 102 leaf parameters.
06:44:59.241 | ERROR   (716749, contextlib) | 
================================================================================
💥 EXCEPTION CAUGHT
================================================================================
Type: OutOfMemoryError
Message: CUDA out of memory. Tried to allocate 1.59 GiB. GPU 0 has a total capacity of 31.36 GiB of which 161.88 MiB is free. Including non-PyTorch memory, this process has 31.19 GiB memory in use. Of the allocated memory 30.53 GiB is allocated by PyTorch, and 62.70 MiB is reserved by PyTorch but unallocated. If reserved but unallocated memory is large try setting PYTORCH_CUDA_ALLOC_CONF=expandable_segments:True to avoid fragmentation.  See documentation for Memory Management  (https://docs.pytorch.org/docs/stable/notes/cuda.html#optimizing-memory-usage-with-pytorch-cuda-alloc-conf)
================================================================================
TRACEBACK:
Traceback (most recent call last):
  File "/home/lthil/thesis/le-wm/.venv/lib/python3.10/site-packages/stable_pretraining/utils/error_handling.py", line 36, in catch_errors
    yield
  File "/home/lthil/thesis/le-wm/.venv/lib/python3.10/site-packages/stable_pretraining/utils/error_handling.py", line 98, in wrapper
    return func(*args, **kwargs)
  File "/home/lthil/thesis/le-wm/.venv/lib/python3.10/site-packages/stable_pretraining/module.py", line 239, in training_step
    self.manual_backward(state["loss"])
  File "/home/lthil/thesis/le-wm/.venv/lib/python3.10/site-packages/lightning/pytorch/core/module.py", line 1118, in manual_backward
    self.trainer.strategy.backward(loss, None, *args, **kwargs)
  File "/home/lthil/thesis/le-wm/.venv/lib/python3.10/site-packages/lightning/pytorch/strategies/strategy.py", line 213, in backward
    self.precision_plugin.backward(closure_loss, self.lightning_module, optimizer, *args, **kwargs)
  File "/home/lthil/thesis/le-wm/.venv/lib/python3.10/site-packages/lightning/pytorch/plugins/precision/precision.py", line 73, in backward
    model.backward(tensor, *args, **kwargs)
  File "/home/lthil/thesis/le-wm/.venv/lib/python3.10/site-packages/lightning/pytorch/core/module.py", line 1137, in backward
    loss.backward(*args, **kwargs)
  File "/home/lthil/thesis/le-wm/.venv/lib/python3.10/site-packages/torch/_tensor.py", line 631, in backward
    torch.autograd.backward(
  File "/home/lthil/thesis/le-wm/.venv/lib/python3.10/site-packages/torch/autograd/__init__.py", line 381, in backward
    _engine_run_backward(
  File "/home/lthil/thesis/le-wm/.venv/lib/python3.10/site-packages/torch/autograd/graph.py", line 869, in _engine_run_backward
    return Variable._execution_engine.run_backward(  # Calls into the C++ engine to run the backward pass
torch.OutOfMemoryError: CUDA out of memory. Tried to allocate 1.59 GiB. GPU 0 has a total capacity of 31.36 GiB of which 161.88 MiB is free. Including non-PyTorch memory, this process has 31.19 GiB memory in use. Of the allocated memory 30.53 GiB is allocated by PyTorch, and 62.70 MiB is reserved by PyTorch but unallocated. If reserved but unallocated memory is large try setting PYTORCH_CUDA_ALLOC_CONF=expandable_segments:True to avoid fragmentation.  See documentation for Memory Management  (https://docs.pytorch.org/docs/stable/notes/cuda.html#optimizing-memory-usage-with-pytorch-cuda-alloc-conf)
================================================================================


================================================================================
💥 EXCEPTION CAUGHT
================================================================================
Type: OutOfMemoryError
Message: CUDA out of memory. Tried to allocate 1.59 GiB. GPU 0 has a total capacity of 31.36 GiB of which 161.88 MiB is free. Including non-PyTorch memory, this process has 31.19 GiB memory in use. Of the allocated memory 30.53 GiB is allocated by PyTorch, and 62.70 MiB is reserved by PyTorch but unallocated. If reserved but unallocated memory is large try setting PYTORCH_CUDA_ALLOC_CONF=expandable_segments:True to avoid fragmentation.  See documentation for Memory Management  (https://docs.pytorch.org/docs/stable/notes/cuda.html#optimizing-memory-usage-with-pytorch-cuda-alloc-conf)
================================================================================
TRACEBACK:
Traceback (most recent call last):
  File "/home/lthil/thesis/le-wm/.venv/lib/python3.10/site-packages/stable_pretraining/utils/error_handling.py", line 36, in catch_errors
    yield
  File "/home/lthil/thesis/le-wm/.venv/lib/python3.10/site-packages/stable_pretraining/utils/error_handling.py", line 98, in wrapper
    return func(*args, **kwargs)
  File "/home/lthil/thesis/le-wm/.venv/lib/python3.10/site-packages/stable_pretraining/module.py", line 239, in training_step
    self.manual_backward(state["loss"])
  File "/home/lthil/thesis/le-wm/.venv/lib/python3.10/site-packages/lightning/pytorch/core/module.py", line 1118, in manual_backward
    self.trainer.strategy.backward(loss, None, *args, **kwargs)
  File "/home/lthil/thesis/le-wm/.venv/lib/python3.10/site-packages/lightning/pytorch/strategies/strategy.py", line 213, in backward
    self.precision_plugin.backward(closure_loss, self.lightning_module, optimizer, *args, **kwargs)
  File "/home/lthil/thesis/le-wm/.venv/lib/python3.10/site-packages/lightning/pytorch/plugins/precision/precision.py", line 73, in backward
    model.backward(tensor, *args, **kwargs)
  File "/home/lthil/thesis/le-wm/.venv/lib/python3.10/site-packages/lightning/pytorch/core/module.py", line 1137, in backward
    loss.backward(*args, **kwargs)
  File "/home/lthil/thesis/le-wm/.venv/lib/python3.10/site-packages/torch/_tensor.py", line 631, in backward
    torch.autograd.backward(
  File "/home/lthil/thesis/le-wm/.venv/lib/python3.10/site-packages/torch/autograd/__init__.py", line 381, in backward
    _engine_run_backward(
  File "/home/lthil/thesis/le-wm/.venv/lib/python3.10/site-packages/torch/autograd/graph.py", line 869, in _engine_run_backward
    return Variable._execution_engine.run_backward(  # Calls into the C++ engine to run the backward pass
torch.OutOfMemoryError: CUDA out of memory. Tried to allocate 1.59 GiB. GPU 0 has a total capacity of 31.36 GiB of which 161.88 MiB is free. Including non-PyTorch memory, this process has 31.19 GiB memory in use. Of the allocated memory 30.53 GiB is allocated by PyTorch, and 62.70 MiB is reserved by PyTorch but unallocated. If reserved but unallocated memory is large try setting PYTORCH_CUDA_ALLOC_CONF=expandable_segments:True to avoid fragmentation.  See documentation for Memory Management  (https://docs.pytorch.org/docs/stable/notes/cuda.html#optimizing-memory-usage-with-pytorch-cuda-alloc-conf)
================================================================================


================================================================================
💥 EXCEPTION CAUGHT
================================================================================
Type: OutOfMemoryError
Message: CUDA out of memory. Tried to allocate 1.59 GiB. GPU 0 has a total capacity of 31.36 GiB of which 161.88 MiB is free. Including non-PyTorch memory, this process has 31.19 GiB memory in use. Of the allocated memory 30.53 GiB is allocated by PyTorch, and 62.70 MiB is reserved by PyTorch but unallocated. If reserved but unallocated memory is large try setting PYTORCH_CUDA_ALLOC_CONF=expandable_segments:True to avoid fragmentation.  See documentation for Memory Management  (https://docs.pytorch.org/docs/stable/notes/cuda.html#optimizing-memory-usage-with-pytorch-cuda-alloc-conf)
================================================================================
TRACEBACK:
Traceback (most recent call last):
  File "/home/lthil/thesis/le-wm/.venv/lib/python3.10/site-packages/stable_pretraining/utils/error_handling.py", line 36, in catch_errors
    yield
  File "/home/lthil/thesis/le-wm/.venv/lib/python3.10/site-packages/stable_pretraining/utils/error_handling.py", line 98, in wrapper
    return func(*args, **kwargs)
  File "/home/lthil/thesis/le-wm/.venv/lib/python3.10/site-packages/stable_pretraining/module.py", line 239, in training_step
    self.manual_backward(state["loss"])
  File "/home/lthil/thesis/le-wm/.venv/lib/python3.10/site-packages/lightning/pytorch/core/module.py", line 1118, in manual_backward
    self.trainer.strategy.backward(loss, None, *args, **kwargs)
  File "/home/lthil/thesis/le-wm/.venv/lib/python3.10/site-packages/lightning/pytorch/strategies/strategy.py", line 213, in backward
    self.precision_plugin.backward(closure_loss, self.lightning_module, optimizer, *args, **kwargs)
  File "/home/lthil/thesis/le-wm/.venv/lib/python3.10/site-packages/lightning/pytorch/plugins/precision/precision.py", line 73, in backward
    model.backward(tensor, *args, **kwargs)
  File "/home/lthil/thesis/le-wm/.venv/lib/python3.10/site-packages/lightning/pytorch/core/module.py", line 1137, in backward
    loss.backward(*args, **kwargs)
  File "/home/lthil/thesis/le-wm/.venv/lib/python3.10/site-packages/torch/_tensor.py", line 631, in backward
    torch.autograd.backward(
  File "/home/lthil/thesis/le-wm/.venv/lib/python3.10/site-packages/torch/autograd/__init__.py", line 381, in backward
    _engine_run_backward(
  File "/home/lthil/thesis/le-wm/.venv/lib/python3.10/site-packages/torch/autograd/graph.py", line 869, in _engine_run_backward
    return Variable._execution_engine.run_backward(  # Calls into the C++ engine to run the backward pass
torch.OutOfMemoryError: CUDA out of memory. Tried to allocate 1.59 GiB. GPU 0 has a total capacity of 31.36 GiB of which 161.88 MiB is free. Including non-PyTorch memory, this process has 31.19 GiB memory in use. Of the allocated memory 30.53 GiB is allocated by PyTorch, and 62.70 MiB is reserved by PyTorch but unallocated. If reserved but unallocated memory is large try setting PYTORCH_CUDA_ALLOC_CONF=expandable_segments:True to avoid fragmentation.  See documentation for Memory Management  (https://docs.pytorch.org/docs/stable/notes/cuda.html#optimizing-memory-usage-with-pytorch-cuda-alloc-conf)
================================================================================

wandb: 
wandb: Run history:
wandb:         hi_probe/emb_std_max ▁
wandb:        hi_probe/emb_std_mean ▁
wandb:         hi_probe/emb_std_min ▁
wandb: hi_probe/sl16/HI_0/pearson_r ▁
wandb:        hi_probe/sl16/HI_0/r2 ▁
wandb:      hi_probe/sl16/HI_0/rmse ▁
wandb: hi_probe/sl16/HI_1/pearson_r ▁
wandb:        hi_probe/sl16/HI_1/r2 ▁
wandb:      hi_probe/sl16/HI_1/rmse ▁
wandb: hi_probe/sl16/HI_2/pearson_r ▁
wandb:                          +32 ...
wandb: 
wandb: Run summary:
wandb:                error_message CUDA out of memory. ...
wandb:                   error_type OutOfMemoryError
wandb:         hi_probe/emb_std_max 0.01532
wandb:        hi_probe/emb_std_mean 0.00423
wandb:         hi_probe/emb_std_min 0.00014
wandb: hi_probe/sl16/HI_0/pearson_r 0.04602
wandb:        hi_probe/sl16/HI_0/r2 -0.04057
wandb:      hi_probe/sl16/HI_0/rmse 0.00287
wandb: hi_probe/sl16/HI_1/pearson_r 0.13224
wandb:        hi_probe/sl16/HI_1/r2 -0.90583
wandb:                          +35 ...
wandb: 
wandb: You can sync this run to the cloud by running:
wandb: wandb sync wandb/offline-run-20260425_064358-yjteioi2
wandb: Find logs at: wandb/offline-run-20260425_064358-yjteioi2/logs
Epoch 0/0                         0/24480 0:00:00 • -:--:-- 0.00it/s v_num: ioi2
06:44:59.253 | ERROR   (716749, stable_pretraining.callbacks.cpu_offload) | ============================================================
06:44:59.253 | ERROR   (716749, stable_pretraining.callbacks.cpu_offload) | CPUOffloadCallback: Exception occurred during training
06:44:59.253 | ERROR   (716749, stable_pretraining.callbacks.cpu_offload) | Exception: OutOfMemoryError: CUDA out of memory. Tried to allocate 1.59 GiB. GPU 0 has a total capacity of 31.36 GiB of which 161.88 MiB is free. Including non-PyTorch memory, this process has 31.19 GiB memory in use. Of the allocated memory 30.53 GiB is allocated by PyTorch, and 62.70 MiB is reserved by PyTorch but unallocated. If reserved but unallocated memory is large try setting PYTORCH_CUDA_ALLOC_CONF=expandable_segments:True to avoid fragmentation.  See documentation for Memory Management  (https://docs.pytorch.org/docs/stable/notes/cuda.html#optimizing-memory-usage-with-pytorch-cuda-alloc-conf)
06:44:59.253 | ERROR   (716749, stable_pretraining.callbacks.cpu_offload) | Callback was enabled: True
06:44:59.253 | ERROR   (716749, stable_pretraining.callbacks.cpu_offload) | Checkpoints saved before exception: 0
06:44:59.253 | ERROR   (716749, stable_pretraining.callbacks.cpu_offload) | ============================================================
Error executing job with overrides: ['data=scenario4', 'encoder_type=sensor', 'n_sensors=176', '+sensor_encoder.max_sensors=200', 'obs_window_size=1', 'wm.history_size=16', 'wm.h_step=5', 'wm.num_preds=4', 'wm.zero_pad_prob=0.0', 'num_workers=4', 'loader.batch_size=256', 'loader.persistent_workers=True', 'loader.pin_memory=True', 'trainer.precision=bf16-mixed', 'data.dataset.cache_dir=/home/lthil/.stable_worldmodel', 'wandb.config.project=turbofan_S4', 'subdir=scenario4_sensor_w1_H16_S5_P4', 'output_model_name=lewm_s4_sensor_w1_H16_S5_P4', 'hi_probe.enabled=true', 'hi_probe.probe_seq_len=16', 'trainer.max_epochs=1', '+trainer.accumulate_grad_batches=2']
Traceback (most recent call last):
  File "/home/lthil/thesis/le-wm/train.py", line 404, in run
    trainer.fit(world_model, datamodule=data_module)
  File "/home/lthil/thesis/le-wm/.venv/lib/python3.10/site-packages/lightning/pytorch/trainer/trainer.py", line 584, in fit
    call._call_and_handle_interrupt(
  File "/home/lthil/thesis/le-wm/.venv/lib/python3.10/site-packages/lightning/pytorch/trainer/call.py", line 49, in _call_and_handle_interrupt
    return trainer_fn(*args, **kwargs)
  File "/home/lthil/thesis/le-wm/.venv/lib/python3.10/site-packages/lightning/pytorch/trainer/trainer.py", line 630, in _fit_impl
    self._run(model, ckpt_path=ckpt_path, weights_only=weights_only)
  File "/home/lthil/thesis/le-wm/.venv/lib/python3.10/site-packages/lightning/pytorch/trainer/trainer.py", line 1079, in _run
    results = self._run_stage()
  File "/home/lthil/thesis/le-wm/.venv/lib/python3.10/site-packages/lightning/pytorch/trainer/trainer.py", line 1123, in _run_stage
    self.fit_loop.run()
  File "/home/lthil/thesis/le-wm/.venv/lib/python3.10/site-packages/lightning/pytorch/loops/fit_loop.py", line 217, in run
    self.advance()
  File "/home/lthil/thesis/le-wm/.venv/lib/python3.10/site-packages/lightning/pytorch/loops/fit_loop.py", line 465, in advance
    self.epoch_loop.run(self._data_fetcher)
  File "/home/lthil/thesis/le-wm/.venv/lib/python3.10/site-packages/lightning/pytorch/loops/training_epoch_loop.py", line 153, in run
    self.advance(data_fetcher)
  File "/home/lthil/thesis/le-wm/.venv/lib/python3.10/site-packages/lightning/pytorch/loops/training_epoch_loop.py", line 354, in advance
    batch_output = self.manual_optimization.run(kwargs)
  File "/home/lthil/thesis/le-wm/.venv/lib/python3.10/site-packages/lightning/pytorch/loops/optimization/manual.py", line 95, in run
    self.advance(kwargs)
  File "/home/lthil/thesis/le-wm/.venv/lib/python3.10/site-packages/lightning/pytorch/loops/optimization/manual.py", line 115, in advance
    training_step_output = call._call_strategy_hook(trainer, "training_step", *kwargs.values())
  File "/home/lthil/thesis/le-wm/.venv/lib/python3.10/site-packages/lightning/pytorch/trainer/call.py", line 329, in _call_strategy_hook
    output = fn(*args, **kwargs)
  File "/home/lthil/thesis/le-wm/.venv/lib/python3.10/site-packages/lightning/pytorch/strategies/strategy.py", line 391, in training_step
    return self.lightning_module.training_step(*args, **kwargs)
  File "/home/lthil/thesis/le-wm/.venv/lib/python3.10/site-packages/stable_pretraining/utils/error_handling.py", line 98, in wrapper
    return func(*args, **kwargs)
  File "/home/lthil/thesis/le-wm/.venv/lib/python3.10/site-packages/stable_pretraining/module.py", line 239, in training_step
    self.manual_backward(state["loss"])
  File "/home/lthil/thesis/le-wm/.venv/lib/python3.10/site-packages/lightning/pytorch/core/module.py", line 1118, in manual_backward
    self.trainer.strategy.backward(loss, None, *args, **kwargs)
  File "/home/lthil/thesis/le-wm/.venv/lib/python3.10/site-packages/lightning/pytorch/strategies/strategy.py", line 213, in backward
    self.precision_plugin.backward(closure_loss, self.lightning_module, optimizer, *args, **kwargs)
  File "/home/lthil/thesis/le-wm/.venv/lib/python3.10/site-packages/lightning/pytorch/plugins/precision/precision.py", line 73, in backward
    model.backward(tensor, *args, **kwargs)
  File "/home/lthil/thesis/le-wm/.venv/lib/python3.10/site-packages/lightning/pytorch/core/module.py", line 1137, in backward
    loss.backward(*args, **kwargs)
  File "/home/lthil/thesis/le-wm/.venv/lib/python3.10/site-packages/torch/_tensor.py", line 631, in backward
    torch.autograd.backward(
  File "/home/lthil/thesis/le-wm/.venv/lib/python3.10/site-packages/torch/autograd/__init__.py", line 381, in backward
    _engine_run_backward(
  File "/home/lthil/thesis/le-wm/.venv/lib/python3.10/site-packages/torch/autograd/graph.py", line 869, in _engine_run_backward
    return Variable._execution_engine.run_backward(  # Calls into the C++ engine to run the backward pass
torch.OutOfMemoryError: CUDA out of memory. Tried to allocate 1.59 GiB. GPU 0 has a total capacity of 31.36 GiB of which 161.88 MiB is free. Including non-PyTorch memory, this process has 31.19 GiB memory in use. Of the allocated memory 30.53 GiB is allocated by PyTorch, and 62.70 MiB is reserved by PyTorch but unallocated. If reserved but unallocated memory is large try setting PYTORCH_CUDA_ALLOC_CONF=expandable_segments:True to avoid fragmentation.  See documentation for Memory Management  (https://docs.pytorch.org/docs/stable/notes/cuda.html#optimizing-memory-usage-with-pytorch-cuda-alloc-conf)

Set the environment variable HYDRA_FULL_ERROR=1 for a complete stack trace.
[2026-04-25T06:45:00Z] XX E3_probe_fallback OOM'd
[2026-04-25T06:45:00Z] !! E3 cannot fit; skipping
[2026-04-25T06:45:00Z] E4 will use bs=256 accum=2 (same as E2)
[2026-04-25T06:45:00Z] ==== START E4  H=32 S=5 P=4 bs=256 accum=2 epochs=10 ====
========================================
Host     : dragon
GPU      : GPU 0: NVIDIA GeForce RTX 5090 (UUID: GPU-85afedf9-1f8b-84b5-334a-931815cde3dc)
Dir      : /home/lthil/thesis/le-wm
STABLEWM : /home/lthil/.stable_worldmodel
========================================
Run name : lewm_s4_sensor_w1_H32_S5_P4
Config   : w=1 H=32 s=5 P=4 bs=256
========================================
[2026-04-25 06:45:03,758][root][INFO] - Cached 'action' from '/home/lthil/.stable_worldmodel/scenario4_train_lewm.h5'
[2026-04-25 06:45:08,717][root][INFO] - Cached 'pixels' from '/home/lthil/.stable_worldmodel/scenario4_train_lewm.h5'
/home/lthil/thesis/le-wm/jepa.py:65: UserWarning: enable_nested_tensor is True, but self.use_nested_tensor is False because encoder_layer.norm_first was True
  self.transformer = nn.TransformerEncoder(encoder_layer, num_layers=num_layers)
[2026-04-25 06:45:09,187][root][INFO] - [Encoder] SensorEncoder — n_sensors=176, d_model=64
[2026-04-25 06:45:09,191][root][INFO] - [HIProbe] Config found: True, enabled: True
[2026-04-25 06:45:09,191][root][INFO] - [HIProbe] data_path = /home/lthil/.stable_worldmodel/scenario4_train_lewm.h5
[2026-04-25 06:45:09,191][root][INFO] - [HIProbe] ✓ Registered — evaluating every 5 epochs
06:45:09.191 | INFO    (716996, stable_pretraining.data.module) | Setting up DataModule
06:45:09.192 | INFO    (716996, stable_pretraining.module) | Initializing Module configuration...
06:45:09.192 | WARNING (716996, stable_pretraining.module) | No hyperparameters provided - hyperparameter logging is disabled.
06:45:09.192 | INFO    (716996, stable_pretraining.module) | Setting custom forward method.
06:45:09.192 | INFO    (716996, stable_pretraining.module) | Setting attribute: self.model = <class 'jepa.JEPA'>
06:45:09.192 | INFO    (716996, stable_pretraining.module) | Setting attribute: self.sigreg = <class 'module.SIGReg'>
06:45:09.192 | INFO    (716996, stable_pretraining.module) | Setting attribute: self.optim = <class 'dict'>
06:45:09.192 | INFO    (716996, stable_pretraining.module) | No metrics configuration provided - automatic metric tracking is disabled.
wandb: WARNING The anonymous setting has no effect and will be removed in a future version.
wandb: WARNING `resume` will be ignored since W&B syncing is set to `offline`. Starting a new run with run id te81l764.
wandb: Tracking run with wandb version 0.26.1
wandb: W&B syncing is set to `offline` in this directory. Run `wandb online` or set WANDB_MODE=online to enable cloud syncing.
wandb: Run data is saved locally in wandb/offline-run-20260425_064509-te81l764
Using bfloat16 Automatic Mixed Precision (AMP)
06:45:09.590 | INFO    (716996, stable_pretraining.callbacks.env_info) | EnvironmentDumpCallback initialized (filename=environment.json, async=True)
06:45:09.590 | INFO    (716996, stable_pretraining.callbacks.cpu_offload) | ============================================================
06:45:09.590 | INFO    (716996, stable_pretraining.callbacks.cpu_offload) | Initializing CPUOffloadCallback
06:45:09.590 | INFO    (716996, stable_pretraining.callbacks.cpu_offload) | Configuration:
06:45:09.590 | INFO    (716996, stable_pretraining.callbacks.cpu_offload) |   - Offload keys: ['state_dict', 'optimizer_states', 'lr_schedulers']
06:45:09.590 | INFO    (716996, stable_pretraining.callbacks.cpu_offload) |   - Log all skipped objects: False
06:45:09.590 | INFO    (716996, stable_pretraining.callbacks.cpu_offload) |   - Will show first/last 10 skipped objects only
06:45:09.590 | SUCCESS (716996, stable_pretraining.callbacks.cpu_offload) | ✓ CUDA available: 1 GPU(s) detected
06:45:09.709 | INFO    (716996, stable_pretraining.callbacks.cpu_offload) |   - GPU 0: NVIDIA GeForce RTX 5090 (33.7 GB)
06:45:09.709 | SUCCESS (716996, stable_pretraining.callbacks.cpu_offload) | CPUOffloadCallback initialized successfully
06:45:09.709 | INFO    (716996, stable_pretraining.callbacks.cpu_offload) | ============================================================
Adding 10 callbacks from entry point 'stablepretraining_callbacks': ModuleRegistryCallback, LoggingCallback, EnvironmentDumpCallback, TrainerInfo, SklearnCheckpoint, WandbCheckpoint, ModuleSummary, SLURMInfo, LogUnusedParametersOnce, CPUOffloadCallback
GPU available: True (cuda), used: True
TPU available: False, using: 0 TPU cores
💡 Tip: For seamless cloud logging and experiment tracking, try installing [litlogger](https://pypi.org/project/litlogger/) to enable LitLogger, which logs metrics and artifacts automatically to the Lightning Experiments platform.
Seed set to 3072
💡 Tip: For seamless cloud uploads and versioning, try installing [litmodels](https://pypi.org/project/litmodels/) to enable LitModelCheckpoint, which syncs automatically with the Lightning model registry.
You are using a CUDA device ('NVIDIA GeForce RTX 5090') that has Tensor Cores. To properly utilize them, you should set `torch.set_float32_matmul_precision('medium' | 'high')` which will trade-off precision for performance. For more details, read https://pytorch.org/docs/stable/generated/torch.set_float32_matmul_precision.html#torch.set_float32_matmul_precision
06:45:09.777 | INFO    (716996, stable_pretraining.data.module) | dataset for fit loaded!  ✅
06:45:09.777 | INFO    (716996, stable_pretraining.data.module) | 	● setup was done by user
[2026-04-25 06:45:09,778][root][INFO] - [HIProbe] Loading dataset from /home/lthil/.stable_worldmodel/scenario4_train_lewm.h5  (seq_len=32, obs_window=1)
[2026-04-25 06:45:14,649][root][INFO] - [HIProbe] Loading observations from key 'pixels' (encoder_type=sensor, shape=(7010872, 176))
[2026-04-25 06:45:14,808][root][INFO] - [HIProbe] Action-RUL: 80251 maintenance events found (max_horizon=300)
[2026-04-25 06:45:14,813][root][INFO] - [HIProbe] CSV → hi_probe_metrics.csv
[2026-04-25 06:45:14,814][root][INFO] - [HIProbe] 28,342 train / 26,762 test timesteps  (500 episodes, 10 HI dims)
06:45:14.917 | INFO    (716996, stable_pretraining.callbacks.env_info) | ======================================================================
06:45:14.917 | INFO    (716996, stable_pretraining.callbacks.env_info) | 🔍 Starting environment configuration dump...
06:45:14.917 | INFO    (716996, stable_pretraining.callbacks.env_info) | ======================================================================
06:45:14.917 | INFO    (716996, stable_pretraining.callbacks.env_info) | EnvironmentDumpCallback  log_dir=PosixPath('/home/lthil/thesis/le-wm')
06:45:14.917 | INFO    (716996, stable_pretraining.callbacks.env_info) | ⚡ Running environment dump in background thread (non-blocking)
06:45:14.917 | INFO    (716996, stable_pretraining.callbacks.env_info) | 📁 Log directory: /home/lthil/thesis/le-wm
06:45:14.918 | INFO    (716996, stable_pretraining.callbacks.env_info) | 📊 Collecting environment information...
06:45:14.918 | SUCCESS (716996, stable_pretraining.callbacks.env_info) | ✓ Background thread started successfully
06:45:14.918 | SUCCESS (716996, stable_pretraining.callbacks.env_info) |   ✓ Python 3.10.20
06:45:14.918 | INFO    (716996, stable_pretraining.callbacks.trainer_info) | 	 linking trainer to DataModule! 🔧
06:45:14.918 | SUCCESS (716996, stable_pretraining.callbacks.env_info) |   ✓ System: Linux 6.8.0-106-generic (x86_64)
06:45:14.918 | INFO    (716996, stable_pretraining.callbacks.checkpoint_sklearn) | Setting up SklearnCheckpoint callback!
06:45:14.918 | INFO    (716996, stable_pretraining.callbacks.env_info) |      Hostname: dragon
06:45:14.918 | INFO    (716996, stable_pretraining.callbacks.checkpoint_sklearn) | Sklearn Modules:
06:45:14.919 | INFO    (716996, stable_pretraining.callbacks.checkpoint_sklearn) | 
┏━━━━━━━━━━┳━━━━━━━━┳━━━━━━━━┓
┃ Module   ┃ Name   ┃ Type   ┃
┣━━━━━━━━━━╋━━━━━━━━╋━━━━━━━━┫
┗━━━━━━━━━━┻━━━━━━━━┻━━━━━━━━┛
06:45:14.919 | INFO    (716996, stable_pretraining.callbacks.checkpoint_sklearn) | Setting up WandbCheckpoint callback!
06:45:14.919 | INFO    (716996, stable_pretraining.callbacks.trainer_info) | PyTorch Modules:
06:45:14.920 | WARNING (716996, stable_pretraining.module) | You are calling self.parameters which also gives callbacks parameters, to remove then, pass `with_callbacks=False`
06:45:14.923 | INFO    (716996, stable_pretraining.callbacks.trainer_info) | \n+---------------------------------------------------------+----------------------+--------------------------+--------------------------+---------+
| Module                                                  | Trainable parameters | Non Trainable parameters | Uninitialized parameters | Buffers |
+---------------------------------------------------------+----------------------+--------------------------+--------------------------+---------+
|                                                         |               829396 |                        0 |                        0 |    1077 |
| callbacks_modules                                       |                    0 |                        0 |                        0 |       0 |
| callbacks_metrics                                       |                    0 |                        0 |                        0 |       0 |
| model                                                   |               829396 |                        0 |                        0 |    1026 |
| model.encoder                                           |               113024 |                        0 |                        0 |       0 |
| model.encoder.value_proj                                |                  128 |                        0 |                        0 |       0 |
| model.encoder.transformer                               |                99968 |                        0 |                        0 |       0 |
| model.encoder.transformer.layers                        |                99968 |                        0 |                        0 |       0 |
| model.encoder.transformer.layers.0                      |                49984 |                        0 |                        0 |       0 |
| model.encoder.transformer.layers.0.self_attn            |                16640 |                        0 |                        0 |       0 |
| model.encoder.transformer.layers.0.self_attn.out_proj   |                 4160 |                        0 |                        0 |       0 |
| model.encoder.transformer.layers.0.linear1              |                16640 |                        0 |                        0 |       0 |
| model.encoder.transformer.layers.0.dropout              |                    0 |                        0 |                        0 |       0 |
| model.encoder.transformer.layers.0.linear2              |                16448 |                        0 |                        0 |       0 |
| model.encoder.transformer.layers.0.norm1                |                  128 |                        0 |                        0 |       0 |
| model.encoder.transformer.layers.0.norm2                |                  128 |                        0 |                        0 |       0 |
| model.encoder.transformer.layers.0.dropout1             |                    0 |                        0 |                        0 |       0 |
| model.encoder.transformer.layers.0.dropout2             |                    0 |                        0 |                        0 |       0 |
| model.encoder.transformer.layers.1                      |                49984 |                        0 |                        0 |       0 |
| model.encoder.transformer.layers.1.self_attn            |                16640 |                        0 |                        0 |       0 |
| model.encoder.transformer.layers.1.self_attn.out_proj   |                 4160 |                        0 |                        0 |       0 |
| model.encoder.transformer.layers.1.linear1              |                16640 |                        0 |                        0 |       0 |
| model.encoder.transformer.layers.1.dropout              |                    0 |                        0 |                        0 |       0 |
| model.encoder.transformer.layers.1.linear2              |                16448 |                        0 |                        0 |       0 |
| model.encoder.transformer.layers.1.norm1                |                  128 |                        0 |                        0 |       0 |
| model.encoder.transformer.layers.1.norm2                |                  128 |                        0 |                        0 |       0 |
| model.encoder.transformer.layers.1.dropout1             |                    0 |                        0 |                        0 |       0 |
| model.encoder.transformer.layers.1.dropout2             |                    0 |                        0 |                        0 |       0 |
| model.encoder.norm                                      |                  128 |                        0 |                        0 |       0 |
| model.predictor                                         |               629888 |                        0 |                        0 |       0 |
| model.predictor.dropout                                 |                    0 |                        0 |                        0 |       0 |
| model.predictor.transformer                             |               627840 |                        0 |                        0 |       0 |
| model.predictor.transformer.norm                        |                  128 |                        0 |                        0 |       0 |
| model.predictor.transformer.layers                      |               627712 |                        0 |                        0 |       0 |
| model.predictor.transformer.layers.0                    |               156928 |                        0 |                        0 |       0 |
| model.predictor.transformer.layers.0.attn               |                65728 |                        0 |                        0 |       0 |
| model.predictor.transformer.layers.0.attn.norm          |                  128 |                        0 |                        0 |       0 |
| model.predictor.transformer.layers.0.attn.attend        |                    0 |                        0 |                        0 |       0 |
| model.predictor.transformer.layers.0.attn.to_qkv        |                49152 |                        0 |                        0 |       0 |
| model.predictor.transformer.layers.0.attn.to_out        |                16448 |                        0 |                        0 |       0 |
| model.predictor.transformer.layers.0.attn.to_out.0      |                16448 |                        0 |                        0 |       0 |
| model.predictor.transformer.layers.0.attn.to_out.1      |                    0 |                        0 |                        0 |       0 |
| model.predictor.transformer.layers.0.mlp                |                66240 |                        0 |                        0 |       0 |
| model.predictor.transformer.layers.0.mlp.net            |                66240 |                        0 |                        0 |       0 |
| model.predictor.transformer.layers.0.mlp.net.0          |                  128 |                        0 |                        0 |       0 |
| model.predictor.transformer.layers.0.mlp.net.1          |                33280 |                        0 |                        0 |       0 |
| model.predictor.transformer.layers.0.mlp.net.2          |                    0 |                        0 |                        0 |       0 |
| model.predictor.transformer.layers.0.mlp.net.3          |                    0 |                        0 |                        0 |       0 |
| model.predictor.transformer.layers.0.mlp.net.4          |                32832 |                        0 |                        0 |       0 |
| model.predictor.transformer.layers.0.mlp.net.5          |                    0 |                        0 |                        0 |       0 |
| model.predictor.transformer.layers.0.norm1              |                    0 |                        0 |                        0 |       0 |
| model.predictor.transformer.layers.0.norm2              |                    0 |                        0 |                        0 |       0 |
| model.predictor.transformer.layers.0.adaLN_modulation   |                24960 |                        0 |                        0 |       0 |
| model.predictor.transformer.layers.0.adaLN_modulation.0 |                    0 |                        0 |                        0 |       0 |
| model.predictor.transformer.layers.0.adaLN_modulation.1 |                24960 |                        0 |                        0 |       0 |
| model.predictor.transformer.layers.1                    |               156928 |                        0 |                        0 |       0 |
| model.predictor.transformer.layers.1.attn               |                65728 |                        0 |                        0 |       0 |
| model.predictor.transformer.layers.1.attn.norm          |                  128 |                        0 |                        0 |       0 |
| model.predictor.transformer.layers.1.attn.attend        |                    0 |                        0 |                        0 |       0 |
| model.predictor.transformer.layers.1.attn.to_qkv        |                49152 |                        0 |                        0 |       0 |
| model.predictor.transformer.layers.1.attn.to_out        |                16448 |                        0 |                        0 |       0 |
| model.predictor.transformer.layers.1.attn.to_out.0      |                16448 |                        0 |                        0 |       0 |
| model.predictor.transformer.layers.1.attn.to_out.1      |                    0 |                        0 |                        0 |       0 |
| model.predictor.transformer.layers.1.mlp                |                66240 |                        0 |                        0 |       0 |
| model.predictor.transformer.layers.1.mlp.net            |                66240 |                        0 |                        0 |       0 |
| model.predictor.transformer.layers.1.mlp.net.0          |                  128 |                        0 |                        0 |       0 |
| model.predictor.transformer.layers.1.mlp.net.1          |                33280 |                        0 |                        0 |       0 |
| model.predictor.transformer.layers.1.mlp.net.2          |                    0 |                        0 |                        0 |       0 |
| model.predictor.transformer.layers.1.mlp.net.3          |                    0 |                        0 |                        0 |       0 |
| model.predictor.transformer.layers.1.mlp.net.4          |                32832 |                        0 |                        0 |       0 |
| model.predictor.transformer.layers.1.mlp.net.5          |                    0 |                        0 |                        0 |       0 |
| model.predictor.transformer.layers.1.norm1              |                    0 |                        0 |                        0 |       0 |
| model.predictor.transformer.layers.1.norm2              |                    0 |                        0 |                        0 |       0 |
| model.predictor.transformer.layers.1.adaLN_modulation   |                24960 |                        0 |                        0 |       0 |
| model.predictor.transformer.layers.1.adaLN_modulation.0 |                    0 |                        0 |                        0 |       0 |
| model.predictor.transformer.layers.1.adaLN_modulation.1 |                24960 |                        0 |                        0 |       0 |
| model.predictor.transformer.layers.2                    |               156928 |                        0 |                        0 |       0 |
| model.predictor.transformer.layers.2.attn               |                65728 |                        0 |                        0 |       0 |
| model.predictor.transformer.layers.2.attn.norm          |                  128 |                        0 |                        0 |       0 |
| model.predictor.transformer.layers.2.attn.attend        |                    0 |                        0 |                        0 |       0 |
| model.predictor.transformer.layers.2.attn.to_qkv        |                49152 |                        0 |                        0 |       0 |
| model.predictor.transformer.layers.2.attn.to_out        |                16448 |                        0 |                        0 |       0 |
| model.predictor.transformer.layers.2.attn.to_out.0      |                16448 |                        0 |                        0 |       0 |
| model.predictor.transformer.layers.2.attn.to_out.1      |                    0 |                        0 |                        0 |       0 |
| model.predictor.transformer.layers.2.mlp                |                66240 |                        0 |                        0 |       0 |
| model.predictor.transformer.layers.2.mlp.net            |                66240 |                        0 |                        0 |       0 |
| model.predictor.transformer.layers.2.mlp.net.0          |                  128 |                        0 |                        0 |       0 |
| model.predictor.transformer.layers.2.mlp.net.1          |                33280 |                        0 |                        0 |       0 |
| model.predictor.transformer.layers.2.mlp.net.2          |                    0 |                        0 |                        0 |       0 |
| model.predictor.transformer.layers.2.mlp.net.3          |                    0 |                        0 |                        0 |       0 |
| model.predictor.transformer.layers.2.mlp.net.4          |                32832 |                        0 |                        0 |       0 |
| model.predictor.transformer.layers.2.mlp.net.5          |                    0 |                        0 |                        0 |       0 |
| model.predictor.transformer.layers.2.norm1              |                    0 |                        0 |                        0 |       0 |
| model.predictor.transformer.layers.2.norm2              |                    0 |                        0 |                        0 |       0 |
| model.predictor.transformer.layers.2.adaLN_modulation   |                24960 |                        0 |                        0 |       0 |
| model.predictor.transformer.layers.2.adaLN_modulation.0 |                    0 |                        0 |                        0 |       0 |
| model.predictor.transformer.layers.2.adaLN_modulation.1 |                24960 |                        0 |                        0 |       0 |
| model.predictor.transformer.layers.3                    |               156928 |                        0 |                        0 |       0 |
| model.predictor.transformer.layers.3.attn               |                65728 |                        0 |                        0 |       0 |
| model.predictor.transformer.layers.3.attn.norm          |                  128 |                        0 |                        0 |       0 |
| model.predictor.transformer.layers.3.attn.attend        |                    0 |                        0 |                        0 |       0 |
| model.predictor.transformer.layers.3.attn.to_qkv        |                49152 |                        0 |                        0 |       0 |
| model.predictor.transformer.layers.3.attn.to_out        |                16448 |                        0 |                        0 |       0 |
| model.predictor.transformer.layers.3.attn.to_out.0      |                16448 |                        0 |                        0 |       0 |
| model.predictor.transformer.layers.3.attn.to_out.1      |                    0 |                        0 |                        0 |       0 |
| model.predictor.transformer.layers.3.mlp                |                66240 |                        0 |                        0 |       0 |
| model.predictor.transformer.layers.3.mlp.net            |                66240 |                        0 |                        0 |       0 |
| model.predictor.transformer.layers.3.mlp.net.0          |                  128 |                        0 |                        0 |       0 |
| model.predictor.transformer.layers.3.mlp.net.1          |                33280 |                        0 |                        0 |       0 |
| model.predictor.transformer.layers.3.mlp.net.2          |                    0 |                        0 |                        0 |       0 |
| model.predictor.transformer.layers.3.mlp.net.3          |                    0 |                        0 |                        0 |       0 |
| model.predictor.transformer.layers.3.mlp.net.4          |                32832 |                        0 |                        0 |       0 |
| model.predictor.transformer.layers.3.mlp.net.5          |                    0 |                        0 |                        0 |       0 |
| model.predictor.transformer.layers.3.norm1              |                    0 |                        0 |                        0 |       0 |
| model.predictor.transformer.layers.3.norm2              |                    0 |                        0 |                        0 |       0 |
| model.predictor.transformer.layers.3.adaLN_modulation   |                24960 |                        0 |                        0 |       0 |
| model.predictor.transformer.layers.3.adaLN_modulation.0 |                    0 |                        0 |                        0 |       0 |
| model.predictor.transformer.layers.3.adaLN_modulation.1 |                24960 |                        0 |                        0 |       0 |
| model.predictor.transformer.input_proj                  |                    0 |                        0 |                        0 |       0 |
| model.predictor.transformer.cond_proj                   |                    0 |                        0 |                        0 |       0 |
| model.predictor.transformer.output_proj                 |                    0 |                        0 |                        0 |       0 |
| model.action_encoder                                    |                19284 |                        0 |                        0 |       0 |
| model.action_encoder.patch_embed                        |                   20 |                        0 |                        0 |       0 |
| model.action_encoder.embed                              |                19264 |                        0 |                        0 |       0 |
| model.action_encoder.embed.0                            |                 2816 |                        0 |                        0 |       0 |
| model.action_encoder.embed.1                            |                    0 |                        0 |                        0 |       0 |
| model.action_encoder.embed.2                            |                16448 |                        0 |                        0 |       0 |
| model.projector                                         |                33600 |                        0 |                        0 |     513 |
| model.projector.net                                     |                33600 |                        0 |                        0 |     513 |
| model.projector.net.0                                   |                16640 |                        0 |                        0 |       0 |
| model.projector.net.1                                   |                  512 |                        0 |                        0 |     513 |
| model.projector.net.2                                   |                    0 |                        0 |                        0 |       0 |
| model.projector.net.3                                   |                16448 |                        0 |                        0 |       0 |
| model.pred_proj                                         |                33600 |                        0 |                        0 |     513 |
| model.pred_proj.net                                     |                33600 |                        0 |                        0 |     513 |
| model.pred_proj.net.0                                   |                16640 |                        0 |                        0 |       0 |
| model.pred_proj.net.1                                   |                  512 |                        0 |                        0 |     513 |
| model.pred_proj.net.2                                   |                    0 |                        0 |                        0 |       0 |
| model.pred_proj.net.3                                   |                16448 |                        0 |                        0 |       0 |
| sigreg                                                  |                    0 |                        0 |                        0 |      51 |
+---------------------------------------------------------+----------------------+--------------------------+--------------------------+---------+
06:45:14.923 | INFO    (716996, stable_pretraining.callbacks.trainer_info) | ---- SLURM INFO ---- 🔧
06:45:14.923 | INFO    (716996, stable_pretraining.callbacks.trainer_info) | Job ID: N/A
06:45:14.923 | INFO    (716996, stable_pretraining.callbacks.trainer_info) | Task ID: N/A
06:45:14.923 | INFO    (716996, stable_pretraining.callbacks.trainer_info) | Job Name: N/A
06:45:14.923 | INFO    (716996, stable_pretraining.callbacks.trainer_info) | Nodes: N/A
06:45:14.923 | INFO    (716996, stable_pretraining.callbacks.trainer_info) | Tasks: N/A
06:45:14.923 | INFO    (716996, stable_pretraining.callbacks.trainer_info) | CPUs per node: N/A
06:45:14.923 | INFO    (716996, stable_pretraining.callbacks.trainer_info) | CPUs per task: N/A
06:45:14.923 | INFO    (716996, stable_pretraining.callbacks.trainer_info) | Memory per node: N/A
06:45:14.923 | INFO    (716996, stable_pretraining.callbacks.trainer_info) | Memory per CPU: N/A
06:45:14.923 | INFO    (716996, stable_pretraining.callbacks.trainer_info) | Time limit: N/A
06:45:14.923 | INFO    (716996, stable_pretraining.callbacks.trainer_info) | Partition: N/A
06:45:14.924 | INFO    (716996, stable_pretraining.callbacks.trainer_info) | Node List: N/A
06:45:14.924 | INFO    (716996, stable_pretraining.callbacks.trainer_info) | Submit Directory: N/A
06:45:14.924 | INFO    (716996, stable_pretraining.callbacks.cpu_offload) | CPUOffloadCallback: Setup called for stage 'fit'
06:45:14.924 | INFO    (716996, stable_pretraining.callbacks.cpu_offload) |   - Trainer rank: 0/1
06:45:14.924 | INFO    (716996, stable_pretraining.callbacks.cpu_offload) |   - Strategy: SingleDeviceStrategy
06:45:14.924 | SUCCESS (716996, stable_pretraining.callbacks.cpu_offload) | ✓ Strategy 'SingleDeviceStrategy' is compatible with CPU offload
06:45:14.924 | SUCCESS (716996, stable_pretraining.callbacks.cpu_offload) | ✓ CPUOffloadCallback ENABLED for strategy 'SingleDeviceStrategy'
06:45:14.924 | INFO    (716996, stable_pretraining.callbacks.cpu_offload) |   - This rank will handle checkpoint saving and CPU offload
LOCAL_RANK: 0 - CUDA_VISIBLE_DEVICES: [0]
06:45:14.927 | INFO    (716996, stable_pretraining.module) | Configuring optimizers and learning rate schedulers...
06:45:14.927 | INFO    (716996, stable_pretraining.module) | 	Optimizer specified by Dict with keys ['model_opt']... 🔧
06:45:14.927 | INFO    (716996, stable_pretraining.module) | 
┏━━━━━━━━━━━━━┳━━━━━━━━━━━┳━━━━━━━━━━━━━━━━━━━┳━━━━━━━━━━━━━━━━━┳━━━━━━━━━━━━━━━━┳━━━━━━━━━━━━━━━━━━━━━━━━┓
┃ Optimizer   ┃ Pattern   ┃   Matched Modules ┃   Param Tensors ┃   Total Params ┃   RequiresGrad Tensors ┃
┣━━━━━━━━━━━━━╋━━━━━━━━━━━╋━━━━━━━━━━━━━━━━━━━╋━━━━━━━━━━━━━━━━━╋━━━━━━━━━━━━━━━━╋━━━━━━━━━━━━━━━━━━━━━━━━┫
┃ model_opt   ┃ model     ┃               136 ┃             102 ┃         829396 ┃                    102 ┃
┗━━━━━━━━━━━━━┻━━━━━━━━━━━┻━━━━━━━━━━━━━━━━━━━┻━━━━━━━━━━━━━━━━━┻━━━━━━━━━━━━━━━━┻━━━━━━━━━━━━━━━━━━━━━━━━┛
06:45:14.928 | INFO    (716996, stable_pretraining.optim.lr_scheduler) | 	User provided a dict
Loading `train_dataloader` to estimate number of stepping batches.
/home/lthil/thesis/le-wm/.venv/lib/python3.10/site-packages/lightning/pytorch/utilities/_pytree.py:21: `isinstance(treespec, LeafSpec)` is deprecated, use `isinstance(treespec, TreeSpec) and treespec.is_leaf()` instead.
06:45:14.929 | WARNING (716996, stable_pretraining.callbacks.env_info) |      ⚠️  pip freeze failed: Command '['/home/lthil/thesis/le-wm/.venv/bin/python', '-m', 'pip', 'freeze']' returned non-zero exit status 1.
06:45:14.929 | SUCCESS (716996, stable_pretraining.callbacks.env_info) |   ✓ Packages: 0 packages collected in 0.01s
06:45:15.297 | INFO    (716996, stable_pretraining.module) | Configured optimizer 'model_opt' (modules=136, param_tensors=102, total_params=829396) with LinearWarmupCosineAnnealingLR scheduler.
/home/lthil/thesis/le-wm/.venv/lib/python3.10/site-packages/lightning/pytorch/utilities/model_summary/model_summary.py:242: Precision bf16-mixed is not supported by the model summary.  Estimated model size in MB will not be accurate. Using 32 bits instead.
06:45:15.298 | WARNING (716996, stable_pretraining.module) | You are calling self.parameters which also gives callbacks parameters, to remove then, pass `with_callbacks=False`
06:45:15.299 | WARNING (716996, stable_pretraining.module) | You are calling self.parameters which also gives callbacks parameters, to remove then, pass `with_callbacks=False`
06:45:15.299 | WARNING (716996, stable_pretraining.module) | You are calling self.parameters which also gives callbacks parameters, to remove then, pass `with_callbacks=False`
06:45:15.299 | WARNING (716996, stable_pretraining.module) | You are calling self.parameters which also gives callbacks parameters, to remove then, pass `with_callbacks=False`
┏━━━┳━━━━━━━━━━━━━━━━━━━┳━━━━━━━━━━━━┳━━━━━━━━┳━━━━━━━┳━━━━━━━┓
┃   ┃ Name              ┃ Type       ┃ Params ┃ Mode  ┃ FLOPs ┃
┡━━━╇━━━━━━━━━━━━━━━━━━━╇━━━━━━━━━━━━╇━━━━━━━━╇━━━━━━━╇━━━━━━━┩
│ 0 │ callbacks_modules │ ModuleDict │      0 │ train │     0 │
│ 1 │ callbacks_metrics │ ModuleDict │      0 │ train │     0 │
│ 2 │ model             │ JEPA       │  829 K │ train │     0 │
│ 3 │ sigreg            │ SIGReg     │      0 │ train │     0 │
└───┴───────────────────┴────────────┴────────┴───────┴───────┘
Trainable params: 829 K                                                         
Non-trainable params: 0                                                         
Total params: 829 K                                                             
Total estimated model params size (MB): 3                                       
Modules in train mode: 139                                                      
Modules in eval mode: 0                                                         
Total FLOPs: 0                                                                  
06:45:15.333 | WARNING (716996, stable_pretraining.module) | You are calling self.parameters which also gives callbacks parameters, to remove then, pass `with_callbacks=False`
/home/lthil/thesis/le-wm/.venv/lib/python3.10/site-packages/lightning/pytorch/utilities/_pytree.py:21: `isinstance(treespec, LeafSpec)` is deprecated, use `isinstance(treespec, TreeSpec) and treespec.is_leaf()` instead.
/home/lthil/thesis/le-wm/.venv/lib/python3.10/site-packages/lightning/pytorch/utilities/data.py:79: Trying to infer the `batch_size` from an ambiguous collection. The batch size we found is 256. To avoid any miscalculations, use `self.log(..., batch_size=batch_size)`.
06:45:16.340 | INFO    (716996, stable_pretraining.callbacks.trainer_info) | \n+----------------------------+---------------------+
|           Metric           |        Value        |
+----------------------------+---------------------+
|      [0;34;40mvalidate/ar_loss[0m      | [0;32;40m0.07548029720783234[0m |
|   [0;34;40mvalidate/ar_loss_epoch[0m   | [0;32;40m0.07548029720783234[0m |
|       [0;34;40mvalidate/loss[0m        |  [0;32;40m17.28291893005371[0m  |
|    [0;34;40mvalidate/loss_epoch[0m     |  [0;32;40m17.28291893005371[0m  |
|     [0;34;40mvalidate/pred_loss[0m     | [0;32;40m0.15791812539100647[0m |
|  [0;34;40mvalidate/pred_loss_epoch[0m  | [0;32;40m0.15791812539100647[0m |
|    [0;34;40mvalidate/sigreg_loss[0m    |        [0;32;40m114.0[0m        |
| [0;34;40mvalidate/sigreg_loss_epoch[0m |        [0;32;40m114.0[0m        |
+----------------------------+---------------------+
06:45:16.341 | INFO    (716996, stable_pretraining.callbacks.cpu_offload) | CPUOffloadCallback: Training started
06:45:16.341 | WARNING (716996, stable_pretraining.module) | You are calling self.parameters which also gives callbacks parameters, to remove then, pass `with_callbacks=False`
06:45:16.341 | WARNING (716996, stable_pretraining.module) | You are calling self.parameters which also gives callbacks parameters, to remove then, pass `with_callbacks=False`
06:45:16.341 | INFO    (716996, stable_pretraining.callbacks.cpu_offload) | Model statistics:
06:45:16.341 | INFO    (716996, stable_pretraining.callbacks.cpu_offload) |   - Total parameters: 829,396
06:45:16.341 | INFO    (716996, stable_pretraining.callbacks.cpu_offload) |   - Trainable parameters: 829,396
06:45:16.342 | INFO    (716996, stable_pretraining.callbacks.cpu_offload) |   - Model size (bf16): ~0.00 GB
06:45:16.342 | INFO    (716996, stable_pretraining.callbacks.cpu_offload) |   - Estimated checkpoint size (with optimizer): ~0.00 GB
06:45:16.342 | INFO    (716996, stable_pretraining.module) | Double checking optimizers!
06:45:16.342 | INFO    (716996, stable_pretraining.module) | `self.optimizers() gave us 1 optimizers
06:45:16.342 | WARNING (716996, stable_pretraining.module) | No clip val found for optimizer default_0
06:45:16.342 | WARNING (716996, stable_pretraining.module) | -> we will use the Trainer's value of 0.3
06:45:16.342 | WARNING (716996, stable_pretraining.module) | No clip algorithm found for optimizer default_0
06:45:16.342 | WARNING (716996, stable_pretraining.module) | -> we will use the Trainer's value of None
06:45:16.342 | SUCCESS (716996, stable_pretraining.module) | We are done checking your optimizers! Here is the summary:
+------------+-----------+----------------+-----------+-----------+
| Opt. Index | Opt. name |      opt       | clip val. | clip alg. |
+------------+-----------+----------------+-----------+-----------+
|     0      | default_0 | LightningAdamW |    0.3    |    None   |
+------------+-----------+----------------+-----------+-----------+
06:45:16.343 | WARNING (716996, stable_pretraining.module) | You are calling self.parameters which also gives callbacks parameters, to remove then, pass `with_callbacks=False`
06:45:16.343 | INFO    (716996, stable_pretraining.callbacks.unused_parameters) | [LogUnusedParametersOnce] Registered hooks on 102 leaf parameters.
06:45:16.471 | ERROR   (716996, contextlib) | 
================================================================================
💥 EXCEPTION CAUGHT
================================================================================
Type: OutOfMemoryError
Message: CUDA out of memory. Tried to allocate 968.00 MiB. GPU 0 has a total capacity of 31.36 GiB of which 451.88 MiB is free. Including non-PyTorch memory, this process has 30.90 GiB memory in use. Of the allocated memory 30.25 GiB is allocated by PyTorch, and 72.51 MiB is reserved by PyTorch but unallocated. If reserved but unallocated memory is large try setting PYTORCH_CUDA_ALLOC_CONF=expandable_segments:True to avoid fragmentation.  See documentation for Memory Management  (https://docs.pytorch.org/docs/stable/notes/cuda.html#optimizing-memory-usage-with-pytorch-cuda-alloc-conf)
================================================================================
TRACEBACK:
Traceback (most recent call last):
  File "/home/lthil/thesis/le-wm/.venv/lib/python3.10/site-packages/stable_pretraining/utils/error_handling.py", line 36, in catch_errors
    yield
  File "/home/lthil/thesis/le-wm/.venv/lib/python3.10/site-packages/stable_pretraining/utils/error_handling.py", line 98, in wrapper
    return func(*args, **kwargs)
  File "/home/lthil/thesis/le-wm/.venv/lib/python3.10/site-packages/stable_pretraining/module.py", line 212, in training_step
    state = self(batch, stage="fit")
  File "/home/lthil/thesis/le-wm/.venv/lib/python3.10/site-packages/torch/nn/modules/module.py", line 1779, in _wrapped_call_impl
    return self._call_impl(*args, **kwargs)
  File "/home/lthil/thesis/le-wm/.venv/lib/python3.10/site-packages/torch/nn/modules/module.py", line 1790, in _call_impl
    return forward_call(*args, **kwargs)
  File "/home/lthil/thesis/le-wm/train.py", line 121, in lejepa_forward
    output = self.model.encode(batch)
  File "/home/lthil/thesis/le-wm/jepa.py", line 155, in encode
    return self._encode_sensor(info)
  File "/home/lthil/thesis/le-wm/jepa.py", line 194, in _encode_sensor
    frame_emb = self.encoder(sensors_flat)                  # (B*T_raw, d_model)
  File "/home/lthil/thesis/le-wm/.venv/lib/python3.10/site-packages/torch/nn/modules/module.py", line 1779, in _wrapped_call_impl
    return self._call_impl(*args, **kwargs)
  File "/home/lthil/thesis/le-wm/.venv/lib/python3.10/site-packages/torch/nn/modules/module.py", line 1790, in _call_impl
    return forward_call(*args, **kwargs)
  File "/home/lthil/thesis/le-wm/jepa.py", line 72, in forward
    out    = self.transformer(tokens)                                  # (N, n, d_model)
  File "/home/lthil/thesis/le-wm/.venv/lib/python3.10/site-packages/torch/nn/modules/module.py", line 1779, in _wrapped_call_impl
    return self._call_impl(*args, **kwargs)
  File "/home/lthil/thesis/le-wm/.venv/lib/python3.10/site-packages/torch/nn/modules/module.py", line 1790, in _call_impl
    return forward_call(*args, **kwargs)
  File "/home/lthil/thesis/le-wm/.venv/lib/python3.10/site-packages/torch/nn/modules/transformer.py", line 540, in forward
    output = mod(
  File "/home/lthil/thesis/le-wm/.venv/lib/python3.10/site-packages/torch/nn/modules/module.py", line 1779, in _wrapped_call_impl
    return self._call_impl(*args, **kwargs)
  File "/home/lthil/thesis/le-wm/.venv/lib/python3.10/site-packages/torch/nn/modules/module.py", line 1790, in _call_impl
    return forward_call(*args, **kwargs)
  File "/home/lthil/thesis/le-wm/.venv/lib/python3.10/site-packages/torch/nn/modules/transformer.py", line 947, in forward
    x = x + self._sa_block(
  File "/home/lthil/thesis/le-wm/.venv/lib/python3.10/site-packages/torch/nn/modules/transformer.py", line 977, in _sa_block
    return self.dropout1(x)
  File "/home/lthil/thesis/le-wm/.venv/lib/python3.10/site-packages/torch/nn/modules/module.py", line 1779, in _wrapped_call_impl
    return self._call_impl(*args, **kwargs)
  File "/home/lthil/thesis/le-wm/.venv/lib/python3.10/site-packages/torch/nn/modules/module.py", line 1790, in _call_impl
    return forward_call(*args, **kwargs)
  File "/home/lthil/thesis/le-wm/.venv/lib/python3.10/site-packages/torch/nn/modules/dropout.py", line 73, in forward
    return F.dropout(input, self.p, self.training, self.inplace)
  File "/home/lthil/thesis/le-wm/.venv/lib/python3.10/site-packages/torch/nn/functional.py", line 1443, in dropout
    _VF.dropout_(input, p, training) if inplace else _VF.dropout(input, p, training)
torch.OutOfMemoryError: CUDA out of memory. Tried to allocate 968.00 MiB. GPU 0 has a total capacity of 31.36 GiB of which 451.88 MiB is free. Including non-PyTorch memory, this process has 30.90 GiB memory in use. Of the allocated memory 30.25 GiB is allocated by PyTorch, and 72.51 MiB is reserved by PyTorch but unallocated. If reserved but unallocated memory is large try setting PYTORCH_CUDA_ALLOC_CONF=expandable_segments:True to avoid fragmentation.  See documentation for Memory Management  (https://docs.pytorch.org/docs/stable/notes/cuda.html#optimizing-memory-usage-with-pytorch-cuda-alloc-conf)
================================================================================


================================================================================
💥 EXCEPTION CAUGHT
================================================================================
Type: OutOfMemoryError
Message: CUDA out of memory. Tried to allocate 968.00 MiB. GPU 0 has a total capacity of 31.36 GiB of which 451.88 MiB is free. Including non-PyTorch memory, this process has 30.90 GiB memory in use. Of the allocated memory 30.25 GiB is allocated by PyTorch, and 72.51 MiB is reserved by PyTorch but unallocated. If reserved but unallocated memory is large try setting PYTORCH_CUDA_ALLOC_CONF=expandable_segments:True to avoid fragmentation.  See documentation for Memory Management  (https://docs.pytorch.org/docs/stable/notes/cuda.html#optimizing-memory-usage-with-pytorch-cuda-alloc-conf)
================================================================================
TRACEBACK:
Traceback (most recent call last):
  File "/home/lthil/thesis/le-wm/.venv/lib/python3.10/site-packages/stable_pretraining/utils/error_handling.py", line 36, in catch_errors
    yield
  File "/home/lthil/thesis/le-wm/.venv/lib/python3.10/site-packages/stable_pretraining/utils/error_handling.py", line 98, in wrapper
    return func(*args, **kwargs)
  File "/home/lthil/thesis/le-wm/.venv/lib/python3.10/site-packages/stable_pretraining/module.py", line 212, in training_step
    state = self(batch, stage="fit")
  File "/home/lthil/thesis/le-wm/.venv/lib/python3.10/site-packages/torch/nn/modules/module.py", line 1779, in _wrapped_call_impl
    return self._call_impl(*args, **kwargs)
  File "/home/lthil/thesis/le-wm/.venv/lib/python3.10/site-packages/torch/nn/modules/module.py", line 1790, in _call_impl
    return forward_call(*args, **kwargs)
  File "/home/lthil/thesis/le-wm/train.py", line 121, in lejepa_forward
    output = self.model.encode(batch)
  File "/home/lthil/thesis/le-wm/jepa.py", line 155, in encode
    return self._encode_sensor(info)
  File "/home/lthil/thesis/le-wm/jepa.py", line 194, in _encode_sensor
    frame_emb = self.encoder(sensors_flat)                  # (B*T_raw, d_model)
  File "/home/lthil/thesis/le-wm/.venv/lib/python3.10/site-packages/torch/nn/modules/module.py", line 1779, in _wrapped_call_impl
    return self._call_impl(*args, **kwargs)
  File "/home/lthil/thesis/le-wm/.venv/lib/python3.10/site-packages/torch/nn/modules/module.py", line 1790, in _call_impl
    return forward_call(*args, **kwargs)
  File "/home/lthil/thesis/le-wm/jepa.py", line 72, in forward
    out    = self.transformer(tokens)                                  # (N, n, d_model)
  File "/home/lthil/thesis/le-wm/.venv/lib/python3.10/site-packages/torch/nn/modules/module.py", line 1779, in _wrapped_call_impl
    return self._call_impl(*args, **kwargs)
  File "/home/lthil/thesis/le-wm/.venv/lib/python3.10/site-packages/torch/nn/modules/module.py", line 1790, in _call_impl
    return forward_call(*args, **kwargs)
  File "/home/lthil/thesis/le-wm/.venv/lib/python3.10/site-packages/torch/nn/modules/transformer.py", line 540, in forward
    output = mod(
  File "/home/lthil/thesis/le-wm/.venv/lib/python3.10/site-packages/torch/nn/modules/module.py", line 1779, in _wrapped_call_impl
    return self._call_impl(*args, **kwargs)
  File "/home/lthil/thesis/le-wm/.venv/lib/python3.10/site-packages/torch/nn/modules/module.py", line 1790, in _call_impl
    return forward_call(*args, **kwargs)
  File "/home/lthil/thesis/le-wm/.venv/lib/python3.10/site-packages/torch/nn/modules/transformer.py", line 947, in forward
    x = x + self._sa_block(
  File "/home/lthil/thesis/le-wm/.venv/lib/python3.10/site-packages/torch/nn/modules/transformer.py", line 977, in _sa_block
    return self.dropout1(x)
  File "/home/lthil/thesis/le-wm/.venv/lib/python3.10/site-packages/torch/nn/modules/module.py", line 1779, in _wrapped_call_impl
    return self._call_impl(*args, **kwargs)
  File "/home/lthil/thesis/le-wm/.venv/lib/python3.10/site-packages/torch/nn/modules/module.py", line 1790, in _call_impl
    return forward_call(*args, **kwargs)
  File "/home/lthil/thesis/le-wm/.venv/lib/python3.10/site-packages/torch/nn/modules/dropout.py", line 73, in forward
    return F.dropout(input, self.p, self.training, self.inplace)
  File "/home/lthil/thesis/le-wm/.venv/lib/python3.10/site-packages/torch/nn/functional.py", line 1443, in dropout
    _VF.dropout_(input, p, training) if inplace else _VF.dropout(input, p, training)
torch.OutOfMemoryError: CUDA out of memory. Tried to allocate 968.00 MiB. GPU 0 has a total capacity of 31.36 GiB of which 451.88 MiB is free. Including non-PyTorch memory, this process has 30.90 GiB memory in use. Of the allocated memory 30.25 GiB is allocated by PyTorch, and 72.51 MiB is reserved by PyTorch but unallocated. If reserved but unallocated memory is large try setting PYTORCH_CUDA_ALLOC_CONF=expandable_segments:True to avoid fragmentation.  See documentation for Memory Management  (https://docs.pytorch.org/docs/stable/notes/cuda.html#optimizing-memory-usage-with-pytorch-cuda-alloc-conf)
================================================================================


================================================================================
💥 EXCEPTION CAUGHT
================================================================================
Type: OutOfMemoryError
Message: CUDA out of memory. Tried to allocate 968.00 MiB. GPU 0 has a total capacity of 31.36 GiB of which 451.88 MiB is free. Including non-PyTorch memory, this process has 30.90 GiB memory in use. Of the allocated memory 30.25 GiB is allocated by PyTorch, and 72.51 MiB is reserved by PyTorch but unallocated. If reserved but unallocated memory is large try setting PYTORCH_CUDA_ALLOC_CONF=expandable_segments:True to avoid fragmentation.  See documentation for Memory Management  (https://docs.pytorch.org/docs/stable/notes/cuda.html#optimizing-memory-usage-with-pytorch-cuda-alloc-conf)
================================================================================
TRACEBACK:
Traceback (most recent call last):
  File "/home/lthil/thesis/le-wm/.venv/lib/python3.10/site-packages/stable_pretraining/utils/error_handling.py", line 36, in catch_errors
    yield
  File "/home/lthil/thesis/le-wm/.venv/lib/python3.10/site-packages/stable_pretraining/utils/error_handling.py", line 98, in wrapper
    return func(*args, **kwargs)
  File "/home/lthil/thesis/le-wm/.venv/lib/python3.10/site-packages/stable_pretraining/module.py", line 212, in training_step
    state = self(batch, stage="fit")
  File "/home/lthil/thesis/le-wm/.venv/lib/python3.10/site-packages/torch/nn/modules/module.py", line 1779, in _wrapped_call_impl
    return self._call_impl(*args, **kwargs)
  File "/home/lthil/thesis/le-wm/.venv/lib/python3.10/site-packages/torch/nn/modules/module.py", line 1790, in _call_impl
    return forward_call(*args, **kwargs)
  File "/home/lthil/thesis/le-wm/train.py", line 121, in lejepa_forward
    output = self.model.encode(batch)
  File "/home/lthil/thesis/le-wm/jepa.py", line 155, in encode
    return self._encode_sensor(info)
  File "/home/lthil/thesis/le-wm/jepa.py", line 194, in _encode_sensor
    frame_emb = self.encoder(sensors_flat)                  # (B*T_raw, d_model)
  File "/home/lthil/thesis/le-wm/.venv/lib/python3.10/site-packages/torch/nn/modules/module.py", line 1779, in _wrapped_call_impl
    return self._call_impl(*args, **kwargs)
  File "/home/lthil/thesis/le-wm/.venv/lib/python3.10/site-packages/torch/nn/modules/module.py", line 1790, in _call_impl
    return forward_call(*args, **kwargs)
  File "/home/lthil/thesis/le-wm/jepa.py", line 72, in forward
    out    = self.transformer(tokens)                                  # (N, n, d_model)
  File "/home/lthil/thesis/le-wm/.venv/lib/python3.10/site-packages/torch/nn/modules/module.py", line 1779, in _wrapped_call_impl
    return self._call_impl(*args, **kwargs)
  File "/home/lthil/thesis/le-wm/.venv/lib/python3.10/site-packages/torch/nn/modules/module.py", line 1790, in _call_impl
    return forward_call(*args, **kwargs)
  File "/home/lthil/thesis/le-wm/.venv/lib/python3.10/site-packages/torch/nn/modules/transformer.py", line 540, in forward
    output = mod(
  File "/home/lthil/thesis/le-wm/.venv/lib/python3.10/site-packages/torch/nn/modules/module.py", line 1779, in _wrapped_call_impl
    return self._call_impl(*args, **kwargs)
  File "/home/lthil/thesis/le-wm/.venv/lib/python3.10/site-packages/torch/nn/modules/module.py", line 1790, in _call_impl
    return forward_call(*args, **kwargs)
  File "/home/lthil/thesis/le-wm/.venv/lib/python3.10/site-packages/torch/nn/modules/transformer.py", line 947, in forward
    x = x + self._sa_block(
  File "/home/lthil/thesis/le-wm/.venv/lib/python3.10/site-packages/torch/nn/modules/transformer.py", line 977, in _sa_block
    return self.dropout1(x)
  File "/home/lthil/thesis/le-wm/.venv/lib/python3.10/site-packages/torch/nn/modules/module.py", line 1779, in _wrapped_call_impl
    return self._call_impl(*args, **kwargs)
  File "/home/lthil/thesis/le-wm/.venv/lib/python3.10/site-packages/torch/nn/modules/module.py", line 1790, in _call_impl
    return forward_call(*args, **kwargs)
  File "/home/lthil/thesis/le-wm/.venv/lib/python3.10/site-packages/torch/nn/modules/dropout.py", line 73, in forward
    return F.dropout(input, self.p, self.training, self.inplace)
  File "/home/lthil/thesis/le-wm/.venv/lib/python3.10/site-packages/torch/nn/functional.py", line 1443, in dropout
    _VF.dropout_(input, p, training) if inplace else _VF.dropout(input, p, training)
torch.OutOfMemoryError: CUDA out of memory. Tried to allocate 968.00 MiB. GPU 0 has a total capacity of 31.36 GiB of which 451.88 MiB is free. Including non-PyTorch memory, this process has 30.90 GiB memory in use. Of the allocated memory 30.25 GiB is allocated by PyTorch, and 72.51 MiB is reserved by PyTorch but unallocated. If reserved but unallocated memory is large try setting PYTORCH_CUDA_ALLOC_CONF=expandable_segments:True to avoid fragmentation.  See documentation for Memory Management  (https://docs.pytorch.org/docs/stable/notes/cuda.html#optimizing-memory-usage-with-pytorch-cuda-alloc-conf)
================================================================================

wandb: 
wandb: Run history:
wandb: trainer/global_step ▁
wandb: 
wandb: Run summary:
wandb:       error_message CUDA out of memory. ...
wandb:          error_type OutOfMemoryError
wandb:           traceback Traceback (most rece...
wandb: trainer/global_step 0
wandb: 
wandb: You can sync this run to the cloud by running:
wandb: wandb sync wandb/offline-run-20260425_064509-te81l764
wandb: Find logs at: wandb/offline-run-20260425_064509-te81l764/logs
Epoch 0/9                         0/24339 0:00:00 • -:--:-- 0.00it/s v_num: l764
06:45:16.478 | ERROR   (716996, stable_pretraining.callbacks.cpu_offload) | ============================================================
06:45:16.478 | ERROR   (716996, stable_pretraining.callbacks.cpu_offload) | CPUOffloadCallback: Exception occurred during training
06:45:16.478 | ERROR   (716996, stable_pretraining.callbacks.cpu_offload) | Exception: OutOfMemoryError: CUDA out of memory. Tried to allocate 968.00 MiB. GPU 0 has a total capacity of 31.36 GiB of which 451.88 MiB is free. Including non-PyTorch memory, this process has 30.90 GiB memory in use. Of the allocated memory 30.25 GiB is allocated by PyTorch, and 72.51 MiB is reserved by PyTorch but unallocated. If reserved but unallocated memory is large try setting PYTORCH_CUDA_ALLOC_CONF=expandable_segments:True to avoid fragmentation.  See documentation for Memory Management  (https://docs.pytorch.org/docs/stable/notes/cuda.html#optimizing-memory-usage-with-pytorch-cuda-alloc-conf)
06:45:16.478 | ERROR   (716996, stable_pretraining.callbacks.cpu_offload) | Callback was enabled: True
06:45:16.478 | ERROR   (716996, stable_pretraining.callbacks.cpu_offload) | Checkpoints saved before exception: 0
06:45:16.478 | ERROR   (716996, stable_pretraining.callbacks.cpu_offload) | ============================================================
06:45:16.578 | SUCCESS (716996, stable_pretraining.callbacks.env_info) |   ✓ NVIDIA Driver: 580.126.09
06:45:16.633 | SUCCESS (716996, stable_pretraining.callbacks.env_info) |   ✓ Git: feature/option-b-sensor-native @ f8bf4503
06:45:16.633 | INFO    (716996, stable_pretraining.callbacks.env_info) |      Remote: git@github.com:LucasStill/le-wm.git
06:45:16.633 | WARNING (716996, stable_pretraining.callbacks.env_info) |      ⚠️  Working directory has uncommitted changes!
06:45:16.633 | SUCCESS (716996, stable_pretraining.callbacks.env_info) |   ✓ Environment: 3 relevant variables captured
06:45:16.633 | INFO    (716996, stable_pretraining.callbacks.env_info) | 🔄 Serializing environment data...
06:45:16.634 | INFO    (716996, stable_pretraining.callbacks.env_info) | 📋 File exists, using version 14: environment_v14.json
06:45:16.634 | INFO    (716996, stable_pretraining.callbacks.env_info) | 📋 File exists, using version 14: requirements_frozen_v14.txt
06:45:16.634 | INFO    (716996, stable_pretraining.callbacks.env_info) | 📁 Save directory: /home/lthil/thesis/le-wm
06:45:16.634 | INFO    (716996, stable_pretraining.callbacks.env_info) | 💾 Writing environment to temp file...
06:45:16.634 | INFO    (716996, stable_pretraining.callbacks.env_info) | 💾 Moving to: environment_v14.json
06:45:16.634 | SUCCESS (716996, stable_pretraining.callbacks.env_info) | ✓ Environment file saved (2.4 KB)
06:45:16.634 | SUCCESS (716996, stable_pretraining.callbacks.env_info) | ✓ Requirements file saved (0.1 KB)
Error executing job with overrides: ['data=scenario4', 'encoder_type=sensor', 'n_sensors=176', '+sensor_encoder.max_sensors=200', 'obs_window_size=1', 'wm.history_size=32', 'wm.h_step=5', 'wm.num_preds=4', 'wm.zero_pad_prob=0.0', 'num_workers=4', 'loader.batch_size=256', 'loader.persistent_workers=True', 'loader.pin_memory=True', 'trainer.precision=bf16-mixed', 'data.dataset.cache_dir=/home/lthil/.stable_worldmodel', 'wandb.config.project=turbofan_S4', 'subdir=scenario4_sensor_w1_H32_S5_P4', 'output_model_name=lewm_s4_sensor_w1_H32_S5_P4', 'hi_probe.enabled=true', 'hi_probe.probe_seq_len=32', 'trainer.max_epochs=10', '+trainer.accumulate_grad_batches=2']
Traceback (most recent call last):
  File "/home/lthil/thesis/le-wm/train.py", line 404, in run
    trainer.fit(world_model, datamodule=data_module)
  File "/home/lthil/thesis/le-wm/.venv/lib/python3.10/site-packages/lightning/pytorch/trainer/trainer.py", line 584, in fit
    call._call_and_handle_interrupt(
  File "/home/lthil/thesis/le-wm/.venv/lib/python3.10/site-packages/lightning/pytorch/trainer/call.py", line 49, in _call_and_handle_interrupt
    return trainer_fn(*args, **kwargs)
  File "/home/lthil/thesis/le-wm/.venv/lib/python3.10/site-packages/lightning/pytorch/trainer/trainer.py", line 630, in _fit_impl
    self._run(model, ckpt_path=ckpt_path, weights_only=weights_only)
  File "/home/lthil/thesis/le-wm/.venv/lib/python3.10/site-packages/lightning/pytorch/trainer/trainer.py", line 1079, in _run
    results = self._run_stage()
  File "/home/lthil/thesis/le-wm/.venv/lib/python3.10/site-packages/lightning/pytorch/trainer/trainer.py", line 1123, in _run_stage
    self.fit_loop.run()
  File "/home/lthil/thesis/le-wm/.venv/lib/python3.10/site-packages/lightning/pytorch/loops/fit_loop.py", line 217, in run
    self.advance()
  File "/home/lthil/thesis/le-wm/.venv/lib/python3.10/site-packages/lightning/pytorch/loops/fit_loop.py", line 465, in advance
    self.epoch_loop.run(self._data_fetcher)
  File "/home/lthil/thesis/le-wm/.venv/lib/python3.10/site-packages/lightning/pytorch/loops/training_epoch_loop.py", line 153, in run
    self.advance(data_fetcher)
  File "/home/lthil/thesis/le-wm/.venv/lib/python3.10/site-packages/lightning/pytorch/loops/training_epoch_loop.py", line 354, in advance
    batch_output = self.manual_optimization.run(kwargs)
  File "/home/lthil/thesis/le-wm/.venv/lib/python3.10/site-packages/lightning/pytorch/loops/optimization/manual.py", line 95, in run
    self.advance(kwargs)
  File "/home/lthil/thesis/le-wm/.venv/lib/python3.10/site-packages/lightning/pytorch/loops/optimization/manual.py", line 115, in advance
    training_step_output = call._call_strategy_hook(trainer, "training_step", *kwargs.values())
  File "/home/lthil/thesis/le-wm/.venv/lib/python3.10/site-packages/lightning/pytorch/trainer/call.py", line 329, in _call_strategy_hook
    output = fn(*args, **kwargs)
  File "/home/lthil/thesis/le-wm/.venv/lib/python3.10/site-packages/lightning/pytorch/strategies/strategy.py", line 391, in training_step
    return self.lightning_module.training_step(*args, **kwargs)
  File "/home/lthil/thesis/le-wm/.venv/lib/python3.10/site-packages/stable_pretraining/utils/error_handling.py", line 98, in wrapper
    return func(*args, **kwargs)
  File "/home/lthil/thesis/le-wm/.venv/lib/python3.10/site-packages/stable_pretraining/module.py", line 212, in training_step
    state = self(batch, stage="fit")
  File "/home/lthil/thesis/le-wm/.venv/lib/python3.10/site-packages/torch/nn/modules/module.py", line 1779, in _wrapped_call_impl
    return self._call_impl(*args, **kwargs)
  File "/home/lthil/thesis/le-wm/.venv/lib/python3.10/site-packages/torch/nn/modules/module.py", line 1790, in _call_impl
    return forward_call(*args, **kwargs)
  File "/home/lthil/thesis/le-wm/train.py", line 121, in lejepa_forward
    output = self.model.encode(batch)
  File "/home/lthil/thesis/le-wm/jepa.py", line 155, in encode
    return self._encode_sensor(info)
  File "/home/lthil/thesis/le-wm/jepa.py", line 194, in _encode_sensor
    frame_emb = self.encoder(sensors_flat)                  # (B*T_raw, d_model)
  File "/home/lthil/thesis/le-wm/.venv/lib/python3.10/site-packages/torch/nn/modules/module.py", line 1779, in _wrapped_call_impl
    return self._call_impl(*args, **kwargs)
  File "/home/lthil/thesis/le-wm/.venv/lib/python3.10/site-packages/torch/nn/modules/module.py", line 1790, in _call_impl
    return forward_call(*args, **kwargs)
  File "/home/lthil/thesis/le-wm/jepa.py", line 72, in forward
    out    = self.transformer(tokens)                                  # (N, n, d_model)
  File "/home/lthil/thesis/le-wm/.venv/lib/python3.10/site-packages/torch/nn/modules/module.py", line 1779, in _wrapped_call_impl
    return self._call_impl(*args, **kwargs)
  File "/home/lthil/thesis/le-wm/.venv/lib/python3.10/site-packages/torch/nn/modules/module.py", line 1790, in _call_impl
    return forward_call(*args, **kwargs)
  File "/home/lthil/thesis/le-wm/.venv/lib/python3.10/site-packages/torch/nn/modules/transformer.py", line 540, in forward
    output = mod(
  File "/home/lthil/thesis/le-wm/.venv/lib/python3.10/site-packages/torch/nn/modules/module.py", line 1779, in _wrapped_call_impl
    return self._call_impl(*args, **kwargs)
  File "/home/lthil/thesis/le-wm/.venv/lib/python3.10/site-packages/torch/nn/modules/module.py", line 1790, in _call_impl
    return forward_call(*args, **kwargs)
  File "/home/lthil/thesis/le-wm/.venv/lib/python3.10/site-packages/torch/nn/modules/transformer.py", line 947, in forward
    x = x + self._sa_block(
  File "/home/lthil/thesis/le-wm/.venv/lib/python3.10/site-packages/torch/nn/modules/transformer.py", line 977, in _sa_block
    return self.dropout1(x)
  File "/home/lthil/thesis/le-wm/.venv/lib/python3.10/site-packages/torch/nn/modules/module.py", line 1779, in _wrapped_call_impl
    return self._call_impl(*args, **kwargs)
  File "/home/lthil/thesis/le-wm/.venv/lib/python3.10/site-packages/torch/nn/modules/module.py", line 1790, in _call_impl
    return forward_call(*args, **kwargs)
  File "/home/lthil/thesis/le-wm/.venv/lib/python3.10/site-packages/torch/nn/modules/dropout.py", line 73, in forward
    return F.dropout(input, self.p, self.training, self.inplace)
  File "/home/lthil/thesis/le-wm/.venv/lib/python3.10/site-packages/torch/nn/functional.py", line 1443, in dropout
    _VF.dropout_(input, p, training) if inplace else _VF.dropout(input, p, training)
torch.OutOfMemoryError: CUDA out of memory. Tried to allocate 968.00 MiB. GPU 0 has a total capacity of 31.36 GiB of which 451.88 MiB is free. Including non-PyTorch memory, this process has 30.90 GiB memory in use. Of the allocated memory 30.25 GiB is allocated by PyTorch, and 72.51 MiB is reserved by PyTorch but unallocated. If reserved but unallocated memory is large try setting PYTORCH_CUDA_ALLOC_CONF=expandable_segments:True to avoid fragmentation.  See documentation for Memory Management  (https://docs.pytorch.org/docs/stable/notes/cuda.html#optimizing-memory-usage-with-pytorch-cuda-alloc-conf)

Set the environment variable HYDRA_FULL_ERROR=1 for a complete stack trace.
[2026-04-25T06:45:18Z] XX E4 OOM'd
[2026-04-25T06:45:18Z] ==== CAMPAIGN COMPLETE ====
[2026-04-25T06:45:18Z] Status summary:
  E2_probe                       done 22:34Z
  E2                             done 06:42Z
  E3_probe_fallback              OOM
  E3_probe                       OOM
  E3                             skipped (can't fit)
  E4                             OOM
